pass_id,target_peak_elevation_deg,actual_peak_elevation_deg,pass_sample_index,timestamp_utc,orbit_age_seconds,trace_time_ms,trace_sample_id,position_x_ecef_m_float,position_y_ecef_m_float,position_z_ecef_m_float,velocity_x_ecef_mps_float,velocity_y_ecef_mps_float,velocity_z_ecef_mps_float,azimuth_deg,elevation_deg,slant_range_m_float,range_rate_mps,doppler_hz,doppler_steps,reg_frf_word,programmed_doppler_hz,quantization_error_hz,position_x_m,position_y_m,position_z_m,velocity_x_mmps,velocity_y_mmps,velocity_z_mmps,slant_range_m,range_rate_mmps,doppler_millihz,mission_state,workload
0,10.450000000000,10.448382396642,0,2026-09-05T03:10:14Z,-99112.983135999995,0,0,3213228.861479630694,2853251.547525549773,5637107.437450982630,-3075.785569859363,-5342.895403612147,4350.352093162655,65.047049593868,10.011788776558,2205978.733380955178,-1338.360654038463,1953.127140182517,32,7168032,1953.125000000000,-0.002140182517,3213229,2853252,5637107,-3075786,-5342895,4350352,2205979,-1338361,1953127,0,0
0,10.450000000000,10.448382396642,1,2026-09-05T03:10:15Z,-99111.983135999995,1000,1,3210150.926597297657,2847907.332305335440,5641454.661903510801,-3080.132290716392,-5345.612730918674,4344.041659023787,64.851779434641,10.028045619169,2204651.409609741066,-1316.346271616771,1921.000607134478,31,7168031,1892.089843750000,-28.910763384478,3210151,2847907,5641455,-3080132,-5345613,4344042,2204651,-1316346,1921001,0,0
0,10.450000000000,10.448382396642,2,2026-09-05T03:10:16Z,-99110.983135999995,2000,2,3207068.646375330165,2842560.402835996356,5645795.573419848457,-3084.476091766646,-5348.323580948545,4337.726177504010,64.656252238260,10.044011126042,2203346.121187022422,-1294.289764342481,1888.812599481189,31,7168031,1892.089843750000,3.277244268811,3207069,2842560,5645796,-3084476,-5348324,4337726,2203346,-1294290,1888813,0,0
0,10.450000000000,10.448382396642,3,2026-09-05T03:10:17Z,-99109.983135999995,3000,3,3203982.023736626841,2837210.765596285462,5650130.166955240071,-3088.816967378079,-5351.027950579919,4331.405655215349,64.460471846221,10.059684041704,2202062.909943520557,-1272.191721355117,1856.563976979246,30,7168030,1831.054687500000,-25.509289479246,3203982,2837211,5650130,-3088817,-5351028,4331406,2202063,-1272192,1856564,0,0
0,10.450000000000,10.448382396642,4,2026-09-05T03:10:18Z,-99108.983135999995,4000,4,3200891.061609195080,2831858.427068767603,5654458.437471522950,-3093.154911275178,-5353.725837420825,4325.080098766193,64.264442133318,10.075063127668,2200801.817118627485,-1250.052738560156,1824.255609259083,30,7168030,1831.054687500000,6.799078240917,3200891,2831858,5654458,-3093155,-5353726,4325080,2200802,-1250053,1824256,0,0
0,10.450000000000,10.448382396642,5,2026-09-05T03:10:19Z,-99107.983135999995,5000,5,3197795.762927707285,2826503.393737708218,5658780.379937243648,-3097.489918392967,-5356.417237725964,4318.749514783121,64.068167007255,10.090147162751,2199562.883352222387,-1227.873416099063,1791.888372132897,29,7168029,1770.019531250000,-21.868840882897,3197796,2826503,5658780,-3097490,-5356417,4318750,2199563,-1227873,1791888,0,0
0,10.450000000000,10.448382396642,6,2026-09-05T03:10:20Z,-99106.983135999995,6000,6,3194696.130631974898,2821145.672090799082,5663095.989327704534,-3101.821982055299,-5359.102149577666,4312.413909889074,63.871650408268,10.104934943346,2198346.148680915125,-1205.654362044067,1759.463152986588,29,7168029,1770.019531250000,10.556378263412,3194696,2821146,5663096,-3101822,-5359102,4312414,2198346,-1205654,1759463,0,0
0,10.450000000000,10.448382396642,7,2026-09-05T03:10:21Z,-99105.983135999995,7000,7,3191592.167668182869,2815785.268618254457,5667405.260624705814,-3106.151096800204,-5361.780569698567,4306.073290716085,63.674896308738,10.119425283719,2197151.652530943044,-1183.396188574253,1726.980845199367,28,7168028,1708.984375000000,-17.996470199367,3191592,2815785,5667405,-3106151,-5361781,4306073,2197152,-1183396,1726981,0,0
0,10.450000000000,10.448382396642,8,2026-09-05T03:10:22Z,-99104.983135999995,8000,8,3188483.876988012809,2810422.189813612029,5671708.188816645183,-3110.477256681861,-5364.452495365640,4299.727663903468,63.477908712785,10.133617016283,2195979.433713543229,-1161.099514164173,1694.442351337690,28,7168028,1708.984375000000,14.542023662310,3188484,2810422,5671708,-3110477,-5364452,4299728,2195979,-1161100,1694442,0,0
0,10.450000000000,10.448382396642,9,2026-09-05T03:10:23Z,-99103.983135999995,9000,9,3185371.261549288407,2805056.442172583658,5676004.768898714334,-3114.800455837212,-5367.117923773549,4293.377036095080,63.280691655840,10.147508991899,2194829.530418225564,-1138.764962763871,1661.848581958635,27,7168027,1647.949218750000,-13.899363208635,3185371,2805056,5676005,-3114800,-5367118,4293377,2194830,-1138765,1661849,0,0
0,10.450000000000,10.448382396642,10,2026-09-05T03:10:24Z,-99102.983135999995,10000,10,3182254.324315789621,2799688.032194036990,5680294.995872544125,-3119.120688405928,-5369.776852120140,4287.021413940238,63.083249204244,10.161100080137,2193701.980207945220,-1116.393163832831,1629.200455659441,27,7168027,1647.949218750000,18.748763090559,3182254,2799688,5680295,-3119121,-5369777,4287021,2193702,-1116393,1629200,0,0
0,10.450000000000,10.448382396642,11,2026-09-05T03:10:25Z,-99101.983135999995,11000,11,3179133.068257098552,2794316.966379553545,5684578.864746463485,-3123.437948609535,-5372.429277525953,4280.660804093714,62.885585454795,10.174389169563,2192596.820013447665,-1093.984752168066,1596.498898826630,26,7168026,1586.914062500000,-9.584836326630,3179133,2794317,5684579,-3123438,-5372429,4280661,2192597,-1093985,1596499,0,0
0,10.450000000000,10.448382396642,12,2026-09-05T03:10:26Z,-99100.983135999995,12000,12,3176007.496348114684,2788943.251233948860,5688856.370535584167,-3127.752230273472,-5375.075197563092,4274.295213220284,62.687704534309,10.187375167994,2191514.086128527764,-1071.540368452785,1563.744846436708,26,7168026,1586.914062500000,23.169216063292,3176007,2788943,5688856,-3127752,-5375075,4274295,2191514,-1071540,1563745,0,0
0,10.450000000000,10.448382396642,13,2026-09-05T03:10:27Z,-99099.983135999995,13000,13,3172877.611570259556,2783566.893263923004,5693127.508261723444,-3132.063528099025,-5377.714608825045,4267.924647984728,62.489610599158,10.200057002797,2190453.814203088172,-1049.060657503541,1530.939239498143,25,7168025,1525.878906250000,-5.060333248143,3172878,2783567,5693128,-3132064,-5377715,4267925,2190454,-1049061,1530939,0,0
0,10.450000000000,10.448382396642,14,2026-09-05T03:10:28Z,-99098.983135999995,14000,14,3169743.416910573840,2778187.898979660589,5697392.272953164764,-3136.371835523732,-5380.347509351395,4261.549115062735,62.291307834830,10.212433621127,2189416.039239442442,-1026.546271031214,1498.083029080592,25,7168025,1525.878906250000,27.795877169408,3169743,2778188,5697392,-3136372,-5380348,4261549,2189416,-1026546,1498083,0,0
0,10.450000000000,10.448382396642,15,2026-09-05T03:10:29Z,-99097.983135999995,15000,15,3166604.915361998603,2772806.274893973954,5701650.659644923173,-3140.677147483984,-5382.973895479608,4255.168621133635,62.092800455437,10.224503990205,2188400.795586457476,-1003.997863881934,1465.177170829115,24,7168024,1464.843750000000,-0.333420829115,3166605,2772806,5701651,-3140677,-5382974,4255169,2188401,-1003998,1465177,0,0
0,10.450000000000,10.448382396642,16,2026-09-05T03:10:30Z,-99096.983135999995,16000,16,3163462.109923028387,2767422.027522195131,5705902.663378959522,-3144.979457584668,-5385.593765083286,4248.783172881303,61.894092703225,10.236267097565,2187408.116934631951,-981.416097734061,1432.222630359340,23,7168023,1403.808593750000,-28.414036609340,3163462,2767422,5705903,-3144979,-5385594,4248783,2187408,-981416,1432223,0,0
0,10.450000000000,10.448382396642,17,2026-09-05T03:10:31Z,-99095.983135999995,17000,17,3160315.003598823678,2762035.163382606115,5710148.279203385115,-3149.278760214656,-5388.207115144269,4242.392776997804,61.695188848116,10.247721951323,2186438.036310588941,-958.801638187645,1399.220379009984,23,7168023,1403.808593750000,4.588214740016,3160315,2762035,5710148,-3149279,-5388207,4242393,2186438,-958802,1399220,0,0
0,10.450000000000,10.448382396642,18,2026-09-05T03:10:32Z,-99094.983135999995,18000,18,3157163.599399131257,2756645.688996201381,5714387.502173713408,-3153.575049213487,-5390.813943278772,4235.997440178835,61.496093187159,10.258867580406,2185490.586073428858,-936.155156454614,1366.171396309422,22,7168022,1342.773437500000,-23.397958809422,3157164,2756646,5714388,-3153575,-5390814,4235997,2185491,-936155,1366171,0,0
0,10.450000000000,10.448382396642,19,2026-09-05T03:10:33Z,-99093.983135999995,19000,19,3154007.900340694468,2751253.610887015704,5718620.327351401560,-3157.868319294266,-5393.414246126213,4229.597169129192,61.296810044078,10.269703034819,2184565.797908449080,-913.477327394644,1333.076667109340,22,7168022,1342.773437500000,9.696770390660,3154008,2751254,5718620,-3157868,-5393414,4229597,2184566,-913477,1333077,0,0
0,10.450000000000,10.448382396642,20,2026-09-05T03:10:34Z,-99092.983135999995,20000,20,3150847.909445162863,2745858.935581211001,5722846.749805378728,-3162.158563990943,-5396.008021679336,4223.191970556400,61.097343768687,10.280227385874,2183663.702823275700,-890.768832141103,1299.937185416894,21,7168021,1281.738281250000,-18.198904166894,3150848,2745859,5722847,-3162159,-5396008,4223192,2183664,-890769,1299937,0,0
0,10.450000000000,10.448382396642,21,2026-09-05T03:10:35Z,-99091.983135999995,21000,21,3147683.629741245415,2740461.669607874472,5727066.764610562474,-3166.445778088018,-5398.595266499797,4216.781851173437,60.897698736430,10.290439726439,2182784.331142216921,-868.030354780114,1266.753949548323,21,7168021,1281.738281250000,14.984331701677,3147684,2740462,5727067,-3166446,-5398595,4216782,2182784,-868030,1266754,0,0
0,10.450000000000,10.448382396642,22,2026-09-05T03:10:36Z,-99090.983135999995,22000,22,3144515.064262046479,2735061.819499327801,5731280.366849101149,-3170.729955208117,-5401.175978501669,4210.366817706017,60.697879347793,10.300339171149,2181927.712503662333,-845.262585478178,1233.527966693221,20,7168020,1220.703125000000,-12.824841693221,3144515,2735062,5731280,-3170730,-5401176,4210367,2181928,-845263,1233528,0,0
0,10.450000000000,10.448382396642,23,2026-09-05T03:10:37Z,-99089.983135999995,23000,23,3141342.216047526803,2729659.391789858229,5735487.551609678194,-3175.011089753752,-5403.750154712270,4203.946876876216,60.497890027783,10.309924856660,2181093.875853221398,-822.466217802748,1200.260249004338,20,7168020,1220.703125000000,20.442875995662,3141342,2729659,5735488,-3175011,-5403750,4203947,2181094,-822466,1200260,0,0
0,10.450000000000,10.448382396642,24,2026-09-05T03:10:38Z,-99088.983135999995,24000,24,3138165.088143153582,2724254.393017004710,5739688.313987622038,-3179.289176050133,-5406.317792258960,4197.522035416114,60.297735225377,10.319195941857,2180282.849440979771,-799.641949767436,1166.951815122892,19,7168019,1159.667968750000,-7.283846372892,3138165,2724254,5739688,-3179289,-5406318,4197522,2180283,-799642,1166952,0,0
0,10.450000000000,10.448382396642,25,2026-09-05T03:10:39Z,-99087.983135999995,25000,25,3134983.683600304183,2718846.829720494803,5743882.649085205980,-3183.564208111420,-5408.878888624713,4191.092300065066,60.097419412945,10.328151608078,2179494.660816347227,-776.790484035485,1133.603690475511,19,7168019,1159.667968750000,26.064278274489,3134984,2718847,5743883,-3183564,-5408879,4191092,2179495,-776790,1133604,0,0
0,10.450000000000,10.448382396642,26,2026-09-05T03:10:40Z,-99086.983135999995,26000,26,3131798.005475648679,2713436.708443392534,5748070.552011396736,-3187.836179882197,-5411.433441400277,4184.657677569703,59.896947085693,10.336791059318,2178729.336824911181,-753.912527524835,1100.216906697885,18,7168018,1098.632812500000,-1.584094197885,3131798,2713437,5748071,-3187836,-5411433,4184658,2178729,-753913,1100217,0,0
0,10.450000000000,10.448382396642,27,2026-09-05T03:10:41Z,-99085.983135999995,27000,27,3128608.056832684670,2708024.035731098615,5752252.017881571315,-3192.105085928688,-5413.981447459719,4178.218174673020,59.696322761100,10.345113522456,2177986.903602749109,-731.008790373794,1066.792500125319,17,7168017,1037.597656250000,-29.194843875319,3128608,2708024,5752252,-3192105,-5413981,4178218,2177987,-731009,1066793,0,0
0,10.450000000000,10.448382396642,28,2026-09-05T03:10:42Z,-99084.983135999995,28000,28,3125413.840739713982,2702608.818131365348,5756427.041818522848,-3196.370920344634,-5416.522904225985,4171.773798135291,59.495550978284,10.353118247442,2177267.386573828291,-708.079987286815,1033.331513756698,17,7168017,1037.597656250000,4.266142493302,3125414,2702609,5756427,-3196371,-5416523,4171774,2177267,-708080,1033332,0,0
0,10.450000000000,10.448382396642,29,2026-09-05T03:10:43Z,-99083.983135999995,29000,29,3122215.360271835234,2697191.062195075210,5760595.618951090612,-3200.633677241058,-5419.057809129754,4165.324554716790,59.294636297476,10.360804507506,2176570.810445166193,-685.126836813310,999.834996202017,16,7168016,976.562500000000,-23.272496202017,3122215,2697191,5760596,-3200634,-5419058,4165325,2176571,-685127,999835,0,0
0,10.450000000000,10.448382396642,30,2026-09-05T03:10:44Z,-99082.983135999995,30000,30,3119012.618509217165,2691770.774475662503,5764757.744415322319,-3204.893350646216,-5421.586159692652,4158.870451185066,59.093583299370,10.368171599339,2175897.199203920551,-662.150061343133,966.304001675789,16,7168016,976.562500000000,10.258498324211,3119013,2691771,5764758,-3204893,-5421586,4158870,2175897,-662150,966304,0,0
0,10.450000000000,10.448382396642,31,2026-09-05T03:10:45Z,-99081.983135999995,31000,31,3115805.618537755217,2686347.961529066321,5768913.413354141638,-3209.149935051755,-5424.107952914710,4152.411494311309,58.892396584525,10.375218843287,2175246.576113219839,-639.150386293411,932.739588810361,15,7168015,915.527343750000,-17.212245060361,3115806,2686348,5768913,-3209150,-5424108,4152411,2175247,-639150,932740,0,0
0,10.450000000000,10.448382396642,32,2026-09-05T03:10:46Z,-99080.983135999995,32000,32,3112594.363450009841,2680922.629914342891,5773062.620916597545,-3213.403424341323,-5426.623186511279,4145.947690875801,58.691080772793,10.381945583538,2174618.963708250783,-616.128541428620,899.142822582352,15,7168015,915.527343750000,16.384521167648,3112594,2680923,5773063,-3213403,-5426623,4145948,2174619,-616129,899143,0,0
0,10.450000000000,10.448382396642,33,2026-09-05T03:10:47Z,-99079.983135999995,33000,33,3109378.856343636755,2675494.786192103755,5777205.362259387039,-3217.653812858316,-5429.131857675657,4139.479047661553,58.489640502620,10.388351188293,2174014.383793052286,-593.085259324892,865.514772071551,14,7168014,854.492187500000,-11.022584571551,3109379,2675495,5777205,-3217654,-5429132,4139479,2174014,-593085,865515,0,0
0,10.450000000000,10.448382396642,34,2026-09-05T03:10:48Z,-99078.983135999995,34000,34,3106159.100322347600,2670064.436927186325,5781341.632545127533,-3221.901094870191,-5431.633963693912,4133.005571458853,58.288080430512,10.394435049924,2173432.857437887229,-570.021275980134,831.856511351291,14,7168014,854.492187500000,22.635676148709,3106159,2670064,5781342,-3221901,-5431634,4133006,2173433,-570021,831857,0,0
0,10.450000000000,10.448382396642,35,2026-09-05T03:10:49Z,-99077.983135999995,35000,35,3102935.098495453596,2664631.588685299270,5785471.426944161765,-3226.145264648039,-5434.129501862571,4126.527269067083,58.086405230306,10.400196585162,2172874.404974544421,-546.937330592938,798.169119165801,13,7168013,793.457031250000,-4.712087915801,3102935,2664632,5785471,-3226145,-5434130,4126527,2172874,-546937,798169,0,0
0,10.450000000000,10.448382396642,36,2026-09-05T03:10:50Z,-99076.983135999995,36000,36,3099706.853978535160,2659196.248036091682,5789594.740632764064,-3230.386316009572,-5436.618470012945,4120.044147283807,57.884619592618,10.405635235238,2172339.045994310174,-523.834166070933,764.453679672065,13,7168013,793.457031250000,29.003351577935,3099707,2659196,5789595,-3230386,-5436618,4120044,2172339,-523834,764454,0,0
0,10.450000000000,10.448382396642,37,2026-09-05T03:10:51Z,-99075.983135999995,37000,37,3096474.369892471004,2653758.421551249921,5793711.568794550374,-3234.624243534199,-5439.100865103228,4113.556212921139,57.682728224138,10.410750466039,2171826.799344641622,-500.712527290114,730.711279899593,12,7168012,732.421875000000,1.710595100407,3096474,2653758,5793712,-3234624,-5439101,4113556,2171827,-500713,730711,0,0
0,10.450000000000,10.448382396642,38,2026-09-05T03:10:52Z,-99074.983135999995,38000,38,3093237.649364052806,2648318.115805434063,5797821.906619723886,-3238.859040970965,-5441.576685066593,4107.063472786649,57.480735847007,10.415541768253,2171337.683126285207,-477.573163109839,696.943012690982,11,7168011,671.386718750000,-25.556293940982,3093238,2648318,5797822,-3238859,-5441577,4107063,2171338,-477573,696943,0,0
0,10.450000000000,10.448382396642,39,2026-09-05T03:10:53Z,-99073.983135999995,39000,39,3089996.695526120253,2642875.337375270668,5801925.749305435456,-3243.090703202142,-5444.045926524268,4100.565933703365,57.278647198145,10.420008657518,2170871.714689831249,-454.416823636124,663.149972708134,11,7168011,671.386718750000,8.236746041866,3089997,2642875,5801926,-3243091,-5444046,4100566,2170872,-454417,663150,0,0
0,10.450000000000,10.448382396642,40,2026-09-05T03:10:54Z,-99072.983135999995,40000,40,3086751.511517252307,2637430.092840479221,5806023.092055481859,-3247.319223981776,-5446.508587424887,4094.063602496135,57.076467028605,10.424150674546,2170428.910633843858,-431.244263124657,629.333260668743,10,7168010,610.351562500000,-18.981698168743,3086752,2637430,5806023,-3247319,-5446509,4094064,2170429,-431244,629333,0,0
0,10.450000000000,10.448382396642,41,2026-09-05T03:10:55Z,-99071.983135999995,41000,41,3083502.100481272209,2631982.388783134054,5810113.930080874823,-3251.544597445900,-5448.964665285530,4087.556485992536,56.874200102882,10.427967385246,2170009.286802251358,-408.056237853759,595.493980242223,10,7168010,610.351562500000,14.857582257777,3083502,2631982,5810114,-3251545,-5448965,4087556,2170009,-408056,595494,0,0
0,10.450000000000,10.448382396642,42,2026-09-05T03:10:56Z,-99070.983135999995,42000,42,3080248.465568663087,2626532.231788190082,5814198.258598859422,-3255.766817954736,-5451.414157361796,4081.044591034697,56.671851198282,10.431458380863,2169612.858281108551,-384.853506208143,561.633238171931,9,7168009,549.316406250000,-12.316831921931,3080248,2626532,5814198,-3255767,-5451414,4081045,2169613,-384854,561633,0,0
0,10.450000000000,10.448382396642,43,2026-09-05T03:10:57Z,-99069.983135999995,43000,43,3076990.609935331624,2621079.628442620859,5818276.072833952494,-3259.985879944452,-5453.857060836071,4074.527924460199,56.469425104198,10.434623278077,2169239.639396716375,-361.636828773184,527.752144412745,9,7168009,549.316406250000,21.564261837255,3076991,2621080,5818276,-3259986,-5453857,4074528,2169240,-361637,527752,0,0
0,10.450000000000,10.448382396642,44,2026-09-05T03:10:58Z,-99068.983135999995,44000,44,3073728.536742742639,2615624.585336591583,5822347.368017374538,-3264.201777263224,-5456.293373596054,4068.006493117537,56.266926621463,10.437461719111,2168889.643713904545,-338.406969094065,493.851813238922,8,7168008,488.281250000000,-5.570563238922,3073729,2615625,5822347,-3264202,-5456293,4068006,2168890,-338407,493852,0,0
0,10.450000000000,10.448382396642,45,2026-09-05T03:10:59Z,-99067.983135999995,45000,45,3070462.249158284161,2610167.109062049538,5826412.139387432486,-3268.414504050725,-5458.723093186109,4061.480303858843,56.064360561637,10.439973371842,2168562.884032912087,-315.164692374454,459.933361345013,8,7168008,488.281250000000,28.347888654987,3070462,2610167,5826412,-3268415,-5458723,4061480,2168563,-315165,459933,0,0
0,10.450000000000,10.448382396642,46,2026-09-05T03:11:00Z,-99066.983135999995,46000,46,3067191.750355109107,2604707.206214435864,5830470.382188905962,-3272.624055196957,-5461.146216285215,4054.949363548076,55.861731746358,10.442157929884,2168259.372388404794,-291.910764763019,425.997906804650,7,7168007,427.246093750000,1.248186945350,3067192,2604707,5830470,-3272624,-5461146,4054949,2168259,-291911,425998,0,0
0,10.450000000000,10.448382396642,47,2026-09-05T03:11:01Z,-99065.983135999995,47000,47,3063917.043512444478,2599244.883390984032,5834522.091673604213,-3276.830424111267,-5463.562741324495,4048.413679044643,55.659045006611,10.444015112689,2167979.120046499651,-268.645956193201,392.046573214745,6,7168006,366.210937500000,-25.835635714745,3063917,2599245,5834522,-3276830,-5463563,4048414,2167979,-268646,392047,0,0
0,10.450000000000,10.448382396642,48,2026-09-05T03:11:02Z,-99064.983135999995,48000,48,3060638.131814688910,2593780.147191329394,5838567.263100568205,-3281.033605684115,-5465.972664999754,4041.873257225234,55.456305182036,10.445544665617,2167722.137504003942,-245.371036316052,358.080483760111,6,7168006,366.210937500000,8.130453739889,3060638,2593780,5838567,-3281034,-5465973,4041873,2167722,-245371,358080,0,0
0,10.450000000000,10.448382396642,49,2026-09-05T03:11:03Z,-99063.983135999995,49000,49,3057355.018452928402,2588313.004218417220,5842605.891734893434,-3285.233593554949,-5468.375985494276,4035.328104960172,55.253517120274,10.446746360016,2167488.434486099053,-222.086778027291,324.100766360640,5,7168005,305.175781250000,-18.924985110640,3057355,2588313,5842606,-3285234,-5468376,4035328,2167488,-222087,324101,0,0
0,10.450000000000,10.448382396642,50,2026-09-05T03:11:04Z,-99062.983135999995,50000,50,3054067.706622802652,2582843.461077239364,5846637.972849405371,-3289.430382539649,-5470.772699607551,4028.778229135241,55.050685676196,10.447619993280,2167278.019945818465,-198.793954096096,290.108548751556,5,7168005,305.175781250000,15.067232498444,3054068,2582843,5846638,-3289430,-5470773,4028778,2167278,-198794,290109,0,0
0,10.450000000000,10.448382396642,51,2026-09-05T03:11:05Z,-99061.983135999995,51000,51,3050776.199526918586,2577371.524375138339,5850663.501723234542,-3293.623966287214,-5473.162805535594,4022.223636637136,54.847815711255,10.448165388929,2167090.902060986962,-175.493340174967,256.104962875844,4,7168004,244.140625000000,-11.964337875844,3050776,2577372,5850664,-3293624,-5473163,4022224,2167091,-175493,256105,0,0
0,10.450000000000,10.448382396642,52,2026-09-05T03:11:06Z,-99060.983135999995,52000,52,3047480.500372750685,2571897.200722350739,5854682.473642737605,-3297.814339617162,-5475.546300092901,4015.664334361645,54.644912092748,10.448382396642,2166927.088234840892,-152.185711557020,222.091140152019,4,7168004,244.140625000000,22.049484847981,3047481,2571897,5854682,-3297814,-5475546,4015664,2166927,-152186,222091,0,0
0,10.450000000000,10.448382396642,53,2026-09-05T03:11:07Z,-99059.983135999995,53000,53,3044180.612374137621,2566420.496731335297,5858694.883900933899,-3302.001496182584,-5477.923181490951,4009.100329204557,54.441979693121,10.448270892316,2166786.585093394388,-128.871846165997,188.068215837584,3,7168003,183.105468750000,-4.962747087584,3044181,2566420,5858695,-3302001,-5477923,4009100,2166787,-128872,188068,0,0
0,10.450000000000,10.448382396642,54,2026-09-05T03:11:08Z,-99058.983135999995,54000,54,3040876.538750263862,2560941.419016798958,5862700.727798079140,-3306.185430807545,-5480.293446559699,4002.531628072575,54.239023389240,10.447830778104,2166669.398485249840,-105.552521318430,154.037324303913,3,7168003,183.105468750000,29.068144446087,3040877,2560941,5862701,-3306185,-5480293,4002532,2166669,-105553,154037,0,0
0,10.450000000000,10.448382396642,55,2026-09-05T03:11:09Z,-99057.983135999995,55000,55,3037568.282726747449,2555459.974196145777,5866700.000640904531,-3310.366137226083,-5482.657093437865,3995.958237876039,54.036048061711,10.447061982447,2166575.533480093349,-82.228516608904,119.999603246842,2,7168002,122.070312500000,2.070709253158,3037568,2555460,5866700,-3310366,-5482657,3995958,2166576,-82229,120000,0,0
0,10.450000000000,10.448382396642,56,2026-09-05T03:11:10Z,-99056.983135999995,56000,56,3034255.847533839755,2549976.168889908586,5870692.697743335739,-3314.543609902103,-5485.014119402877,3989.380165531657,53.833058594140,10.445964460087,2166504.994369498454,-58.900611361861,85.956189967974,1,7168001,61.035156250000,-24.921033717974,3034256,2549976,5870693,-3314544,-5485014,3989380,2166505,-58901,85956,0,0
0,10.450000000000,10.448382396642,57,2026-09-05T03:11:11Z,-99055.983135999995,57000,57,3030939.236408538651,2544490.009720035829,5874678.814426151104,-3318.717843223567,-5487.364521829477,3982.797417960683,53.630059872419,10.444538192112,2166457.784663874656,-35.569585576427,51.908222753512,1,7168001,61.035156250000,9.126933496488,3030939,2544490,5874679,-3318718,-5487365,3982797,2166458,-35570,51908,0,0
0,10.450000000000,10.448382396642,58,2026-09-05T03:11:12Z,-99054.983135999995,58000,58,3027618.452593027614,2539001.503311417997,5878658.346017161384,-3322.888831228283,-5489.708298531696,3976.210002088010,53.427056784016,10.442783185942,2166433.907093890477,-12.236220174335,17.856841236051,0,7168000,0.000000000000,-17.856841236051,3027618,2539002,5878658,-3322889,-5489708,3976210,2166434,-12236,17857,0,0
0,10.450000000000,10.448382396642,59,2026-09-05T03:11:13Z,-99053.983135999995,59000,59,3024293.499335908797,2533510.656291253399,5882631.287850808352,-3327.056568239641,-5492.045446982502,3969.617924852173,53.224054217267,10.440699475357,2166433.363608823624,11.098703987547,-16.196815046468,0,7168000,0.000000000000,16.196815046468,3024293,2533511,5882631,-3327057,-5492045,3969618,2166433,11099,-16197,0,0
0,10.450000000000,10.448382396642,60,2026-09-05T03:11:14Z,-99052.983135999995,60000,60,3020964.379890368320,2528017.475289358757,5886597.635268979706,-3331.221048441421,-5494.375964838127,3963.021193190798,53.021057060634,10.438287120464,2166456.155377866700,34.434405664526,-50.251605990135,-1,7167999,-61.035156250000,-10.783550259865,3020964,2528017,5886598,-3331221,-5494376,3963021,2166456,34434,-50252,0,0
0,10.450000000000,10.448382396642,61,2026-09-05T03:11:15Z,-99051.983135999995,61000,61,3017631.097516707610,2522521.966937711462,5890557.383619939908,-3335.382266232955,-5496.699849502420,3956.419814043329,52.818070202024,10.435546207723,2166502.282787848264,57.770103824171,-84.306391800807,-1,7167999,-61.035156250000,23.271235550807,3017631,2522522,5890557,-3335382,-5496700,3956420,2166502,57770,-84306,0,0
0,10.450000000000,10.448382396642,62,2026-09-05T03:11:16Z,-99050.983135999995,62000,62,3014293.655480001587,2517024.137871386018,5894510.528259105049,-3339.540215946272,-5499.017098471541,3949.813794367401,52.615098528051,10.432476849899,2166571.745445451699,81.105017404991,-118.360032641927,-2,7167998,-122.070312500000,-3.710279858073,3014294,2517024,5894511,-3339540,-5499017,3949814,2166572,81105,-118360,0,0
0,10.450000000000,10.448382396642,63,2026-09-05T03:11:17Z,-99049.983135999995,63000,63,3010952.057051328477,2511523.994726907462,5898457.064549108967,-3343.694891559608,-5501.327709683210,3943.203141114282,52.412146923301,10.429079186061,2166664.542175637092,104.438365050973,-152.411388247134,-2,7167998,-122.070312500000,30.341075747134,3010952,2511524,5898457,-3343695,-5501328,3943203,2166665,104438,-152411,0,0
0,10.450000000000,10.448382396642,64,2026-09-05T03:11:18Z,-99048.983135999995,64000,64,3007606.305507515091,2506021.544143814128,5902396.987859297544,-3347.846287263565,-5503.631680817307,3936.587861242515,52.209220269656,10.425353381536,2166780.671022809111,127.769366002666,-186.459319220654,-3,7167997,-183.105468750000,3.353850470654,3007606,2506022,5902397,-3347846,-5503632,3936588,2166781,127769,-186459,0,0
0,10.450000000000,10.448382396642,65,2026-09-05T03:11:19Z,-99047.983135999995,65000,65,3004256.404131348245,2500516.792763797566,5906330.293565963395,-3351.994397899034,-5505.929008798375,3929.967961726106,52.006323445554,10.421299627885,2166920.129250624217,151.097240785671,-220.502688042042,-4,7167996,-244.140625000000,-23.637936957958,3004256,2500517,5906330,-3351994,-5505929,3929968,2166920,151097,-220503,0,0
0,10.450000000000,10.448382396642,66,2026-09-05T03:11:20Z,-99046.983135999995,66000,66,3000902.356211082079,2495009.747231110930,5910256.977052440867,-3356.139217309192,-5508.219691751037,3923.343449533604,51.803461325287,10.416918142843,2167082.913343069144,174.421209168748,-254.540356086367,-4,7167996,-244.140625000000,10.399731086367,3000902,2495010,5910257,-3356139,-5508220,3923343,2167083,174421,-254540,0,0
0,10.450000000000,10.448382396642,67,2026-09-05T03:11:21Z,-99045.983135999995,67000,67,2997544.165040805005,2489500.414192185737,5914177.033709065989,-3360.280739692826,-5510.503727383366,3916.714331644471,51.600638778278,10.412209170280,2167269.019004619680,197.740492078201,-288.571186417948,-5,7167995,-305.175781250000,-16.604594832052,2997544,2489500,5914177,-3360281,-5510504,3916714,2167269,197740,-288571,0,0
0,10.450000000000,10.448382396642,68,2026-09-05T03:11:22Z,-99044.983135999995,68000,68,2994181.833920195233,2483988.800296186469,5918090.458933073096,-3364.418959540671,-5512.781113066467,3910.080615040897,51.397860668387,10.407172980133,2167478.441161432769,221.054311629156,-322.594043836005,-5,7167995,-305.175781250000,17.418262586005,2994182,2483989,5918090,-3364419,-5512781,3910081,2167478,221054,-322594,0,0
0,10.450000000000,10.448382396642,69,2026-09-05T03:11:23Z,-99043.983135999995,69000,69,2990815.366154793184,2478474.912194272503,5921997.248128799722,-3368.553870987853,-5515.051846605274,3903.442306713259,51.195131853185,10.401809868348,2167711.173961703200,244.361890409191,-356.607793829226,-6,7167994,-366.210937500000,-9.603143670774,2990815,2478475,5921997,-3368554,-5515052,3903442,2167711,244362,-356608,0,0
0,10.450000000000,10.448382396642,70,2026-09-05T03:11:24Z,-99042.983135999995,70000,70,2987444.765055968892,2472958.756540325936,5925897.396707347594,-3372.685468527834,-5517.315925389539,3896.799413658300,50.992457183270,10.396120156803,2167967.210776975844,267.662452531175,-390.611304112224,-6,7167994,-366.210937500000,24.400366612224,2987445,2472959,5925897,-3372685,-5517316,3896799,2167967,267662,-390611,0,0
0,10.450000000000,10.448382396642,71,2026-09-05T03:11:25Z,-99041.983135999995,71000,71,2984070.033940412570,2467440.339989794418,5929790.900087344460,-3376.813746159769,-5519.573347410187,3890.151942872762,50.789841501524,10.390104193231,2168246.544203193858,290.955222646960,-424.603443186169,-7,7167993,-427.246093750000,-2.642650563831,2984070,2467440,5929791,-3376814,-5519573,3890152,2168247,290955,-424603,0,0
0,10.450000000000,10.448382396642,72,2026-09-05T03:11:26Z,-99040.983135999995,72000,72,2980691.176131006796,2461919.669201942161,5933677.753693599254,-3380.938698519913,-5521.824109901445,3883.499901367941,50.587289642488,10.383762351129,2168549.166062233504,314.239427549788,-458.583082677258,-8,7167992,-488.281250000000,-29.698167322742,2980691,2461920,5933678,-3380939,-5521824,3883500,2168549,314239,-458583,0,0
0,10.450000000000,10.448382396642,73,2026-09-05T03:11:27Z,-99039.983135999995,73000,73,2977308.194956009742,2456396.750836722087,5937557.952958757989,-3385.060319548302,-5524.068210952009,3876.843296149673,50.384806431566,10.377095029673,2168875.067402563989,337.514294549207,-492.549094965151,-8,7167992,-488.281250000000,4.267844965151,2977308,2456397,5937558,-3385060,-5524068,3876843,2168875,337514,-492549,0,0
0,10.450000000000,10.448382396642,74,2026-09-05T03:11:28Z,-99038.983135999995,74000,74,2973921.093749541789,2450871.591557413340,5941431.493322009221,-3389.178603673372,-5526.305648064408,3870.182134240167,50.182396684413,10.370102653611,2169224.238501501270,360.779053155600,-526.500355641284,-9,7167991,-549.316406250000,-22.816050608716,2973921,2450872,5941431,-3389179,-5526306,3870182,2169224,360779,-526500,0,0
0,10.450000000000,10.448382396642,75,2026-09-05T03:11:29Z,-99037.983135999995,75000,75,2970529.875851655379,2445344.198029749561,5945298.370229410008,-3393.293544981589,-5528.536419176817,3863.516422659814,49.980065206219,10.362785673162,2169596.668866396882,384.032934095522,-560.435742071907,-9,7167991,-549.316406250000,11.119335821907,2970530,2445344,5945298,-3393294,-5528536,3863516,2169597,384033,-560436,0,0
0,10.450000000000,10.448382396642,76,2026-09-05T03:11:30Z,-99036.983135999995,76000,76,2967134.544607444201,2439814.576920986641,5949158.579134684987,-3397.405138393424,-5530.760521212869,3856.846168441734,49.777816790988,10.355144563895,2169992.347236689646,407.275171000587,-594.354135862740,-10,7167990,-610.351562500000,-15.997426637260,2967135,2439815,5949159,-3397405,-5530761,3856846,2169992,407275,-594354,0,0
0,10.450000000000,10.448382396642,77,2026-09-05T03:11:31Z,-99035.983135999995,77000,77,2963735.103368411306,2434282.734900800046,5953012.115498192608,-3401.513377443280,-5532.977952799229,3850.171378610867,49.575656220899,10.347179826625,2170411.261585058644,430.504997591809,-628.254418749976,-10,7167990,-610.351562500000,17.902856249976,2963735,2434283,5953012,-3401513,-5532978,3850171,2170411,430505,-628254,0,0
0,10.450000000000,10.448382396642,78,2026-09-05T03:11:32Z,-99034.983135999995,78000,78,2960331.555491338484,2428748.678642407525,5956858.974787060171,-3405.618257056176,-5535.188710879993,3843.492060213975,49.373588265638,10.338891987265,2170853.399120784830,453.721651455376,-662.135478110417,-11,7167989,-671.386718750000,-9.251240639583,2960332,2428749,5956859,-3405618,-5535189,3843492,2170853,453722,-662135,0,0
0,10.450000000000,10.448382396642,79,2026-09-05T03:11:33Z,-99033.983135999995,79000,79,2956923.904338925146,2423212.414819781203,5960699.152475941926,-3409.719770913853,-5537.392793923118,3836.808220295097,49.171617681665,10.330281596715,2171318.746290158946,476.924370710577,-695.996202098845,-11,7167989,-671.386718750000,24.609483348845,2956924,2423212,5960699,-3409720,-5537393,3836808,2171319,476924,-695996,0,0
0,10.450000000000,10.448382396642,80,2026-09-05T03:11:34Z,-99032.983135999995,80000,80,2953512.153279421851,2417673.950109892525,5964532.644046355970,-3413.817914081392,-5539.590198721726,3830.119865904635,48.969749211595,10.321349230709,2171807.288779963274,500.112397557575,-729.835484825436,-12,7167988,-732.421875000000,-2.586390174564,2953512,2417674,5964533,-3413818,-5539590,3830120,2171807,500112,-729835,0,0
0,10.450000000000,10.448382396642,81,2026-09-05T03:11:35Z,-99031.983135999995,81000,81,2950096.305686962325,2412133.291191721801,5968359.444986878894,-3417.912680179143,-5541.780923841998,3823.427004096629,48.767987583516,10.312095489680,2172319.011519109365,523.284974704469,-763.652221141618,-13,7167987,-793.457031250000,-29.804810108382,2950096,2412133,5968359,-3417913,-5541781,3823427,2172319,523285,-763652,0,0
0,10.450000000000,10.448382396642,82,2026-09-05T03:11:36Z,-99030.983135999995,82000,82,2946676.364940900356,2406590.444747119211,5972179.550793128088,-3422.004063931126,-5543.964966514523,3816.729641935126,48.566337510342,10.302520998592,2172853.898681981023,546.441348811084,-797.445311665744,-13,7167987,-793.457031250000,3.988280415744,2946676,2406590,5972180,-3422004,-5543965,3816730,2172854,546441,-797445,0,0
0,10.450000000000,10.448382396642,83,2026-09-05T03:11:37Z,-99029.983135999995,83000,83,2943252.334427094087,2401045.417459734250,5975992.956967595965,-3426.092059172788,-5546.142325063101,3810.027786485080,48.364803689151,10.292626406808,2173411.933689550031,569.580768006076,-831.213659159692,-14,7167986,-854.492187500000,-23.278528340308,2943252,2401045,5975993,-3426092,-5546142,3810028,2173412,569581,-831214,0,0
0,10.450000000000,10.448382396642,84,2026-09-05T03:11:38Z,-99028.983135999995,84000,84,2939824.217536185868,2395498.216015262529,5979799.659020350315,-3430.176661108362,-5548.312996153072,3803.321444823268,48.163390800517,10.282412387901,2173993.099213545211,592.702484942835,-864.956172988483,-14,7167986,-854.492187500000,10.463985488483,2939824,2395498,5979800,-3430177,-5548313,3803321,2173993,592702,-864956,0,0
0,10.450000000000,10.448382396642,85,2026-09-05T03:11:39Z,-99027.983135999995,85000,85,2936392.017665199470,2389948.847101930995,5983599.652468091808,-3434.257863238599,-5550.476978540701,3796.610624023742,47.962103507908,10.271879639506,2174597.377178161405,615.805752911161,-898.671763445873,-15,7167985,-915.527343750000,-16.855580304127,2936392,2389949,5983600,-3434258,-5550477,3796611,2174597,615806,-898672,0,0
0,10.450000000000,10.448382396642,86,2026-09-05T03:11:40Z,-99026.983135999995,86000,86,2932955.738216500729,2384397.317410448566,5987392.932834695093,-3438.335660090615,-5552.634269738064,3789.895331172374,47.760946457031,10.261028883126,2175224.748763808515,638.889829506755,-932.359347109410,-15,7167985,-915.527343750000,16.832003359410,2932956,2384397,5987393,-3438336,-5552634,3789895,2175225,638890,-932359,0,0
0,10.450000000000,10.448382396642,87,2026-09-05T03:11:41Z,-99025.983135999995,87000,87,2929515.382598317694,2378843.633632936049,5991179.495651314035,-3442.410046126497,-5554.784867349554,3783.175573359586,47.559924275184,10.249860863968,2175875.194409260992,661.953975320355,-966.017844927424,-16,7167984,-976.562500000000,-10.544655072576,2929515,2378844,5991179,-3442410,-5554785,3783176,2175875,661954,-966018,0,0
0,10.450000000000,10.448382396642,88,2026-09-05T03:11:42Z,-99024.983135999995,88000,88,2926070.954224120360,2373287.802464924753,5994959.336455969140,-3446.481015672816,-5556.928769155093,3776.451357678525,47.359041570675,10.238376350736,2176548.693816125859,684.997453953528,-999.646182242078,-16,7167984,-976.562500000000,23.083682242078,2926071,2373288,5994959,-3446481,-5556929,3776451,2176549,684997,-999646,0,0
0,10.450000000000,10.448382396642,89,2026-09-05T03:11:43Z,-99023.983135999995,89000,89,2922622.456513667945,2367729.830603069160,5998732.450793912634,-3450.548562722361,-5559.065973353881,3769.722691226889,47.158302932163,10.226576135463,2177245.225950328633,708.019531879612,-1033.243288586434,-17,7167983,-1037.597656250000,-4.354367663566,2922622,2367730,5998732,-3450549,-5559066,3769723,2177245,708020,-1033243,0,0
0,10.450000000000,10.448382396642,90,2026-09-05T03:11:44Z,-99022.983135999995,90000,90,2919169.892891909927,2362169.724747169297,6002498.834217357449,-3454.612682214247,-5561.196476994155,3762.989581116017,46.957712928083,10.214461033290,2177964.769047148060,731.019480205101,-1066.808100254915,-17,7167983,-1037.597656250000,29.210444004915,2919170,2362170,6002499,-3454613,-5561196,3762990,2177965,731019,-1066808,0,0
0,10.450000000000,10.448382396642,91,2026-09-05T03:11:45Z,-99021.983135999995,91000,91,2915713.266789768357,2356607.491598224733,6006258.482285872102,-3458.673368013933,-5563.320278456558,3756.252034452700,46.757276106008,10.202031882281,2178707.300613301340,753.996572160048,-1100.339556640951,-18,7167982,-1098.632812500000,1.706744140951,2915713,2356607,6006258,-3458673,-5563320,3756252,2178707,753997,-1100340,0,0
0,10.450000000000,10.448382396642,92,2026-09-05T03:11:46Z,-99020.983135999995,92000,92,2912252.581643599086,2351043.137860362418,6010011.390565901995,-3462.730614660359,-5565.437375300917,3749.510058357373,46.556996992093,10.189289543201,2179472.797431700397,776.950085469445,-1133.836603697623,-19,7167981,-1159.667968750000,-25.831365052377,2912253,2351043,6010011,-3462731,-5565437,3749510,2179473,776950,-1133837,0,0
0,10.450000000000,10.448382396642,93,2026-09-05T03:11:47Z,-99019.983135999995,93000,93,2908787.840895552654,2345476.670239184983,6013757.554631213658,-3466.784416227711,-5567.547765673226,3742.763659945922,46.356880090455,10.176234899310,2180261.235564190429,799.879300979064,-1167.298191932301,-19,7167981,-1159.667968750000,7.630223182301,2908788,2345477,6013758,-3466784,-5567548,3742764,2180261,799879,-1167298,0,0
0,10.450000000000,10.448382396642,94,2026-09-05T03:11:48Z,-99018.983135999995,94000,94,2905319.047993508168,2339908.095443498343,6017496.970062276348,-3470.834767461838,-5569.651446902753,3736.012846354242,46.156929882629,10.162868856140,2181072.590356038883,822.783504232003,-1200.723278707369,-20,7167980,-1220.703125000000,-19.979846292631,2905319,2339908,6017497,-3470835,-5569651,3736013,2181073,822784,-1200723,0,0
0,10.450000000000,10.448382396642,95,2026-09-05T03:11:49Z,-99017.983135999995,95000,95,2901846.206390687730,2334337.420182894915,6021229.632447371259,-3474.881662506050,-5571.748417069102,3729.257624708225,45.957150826935,10.149192341274,2181906.836439243983,845.661983923787,-1234.110825985678,-20,7167980,-1220.703125000000,13.407700985678,2901846,2334337,6021230,-3474882,-5571748,3729258,2181907,845662,-1234111,0,0
0,10.450000000000,10.448382396642,96,2026-09-05T03:11:50Z,-99016.983135999995,96000,96,2898369.319546506740,2328764.651169950608,6024955.537381354719,-3478.925095581872,-5573.838674174112,3722.498002151951,45.757547357981,10.135206304119,2182763.947736625560,868.514032880708,-1267.459801758288,-21,7167979,-1281.738281250000,-14.278479491712,2898369,2328765,6024956,-3478925,-5573839,3722498,2182764,868514,-1267460,0,0
0,10.450000000000,10.448382396642,97,2026-09-05T03:11:51Z,-99015.983135999995,97000,97,2894888.390925369225,2323189.795119311195,6028674.680466569960,-3482.965061169580,-5575.922215898572,3715.733985824045,45.558123886064,10.120911715660,2183643.897466571070,891.338948392341,-1300.769180529715,-21,7167979,-1281.738281250000,19.030899279715,2894888,2323190,6028675,-3482965,-5575922,3715734,2183644,891339,-1300769,0,0
0,10.450000000000,10.448382396642,98,2026-09-05T03:11:52Z,-99014.983135999995,98000,98,2891403.423997704405,2317612.858747801743,6032387.057312315330,-3487.001553825849,-5577.999039850965,3708.965582877681,45.358884796642,10.106309568240,2184546.658146389760,914.136032068702,-1334.037943109487,-22,7167978,-1342.773437500000,-8.735494390513,2891403,2317613,6032387,-3487002,-5577999,3708966,2184547,914136,-1334038,0,0
0,10.450000000000,10.448382396642,99,2026-09-05T03:11:53Z,-99013.983135999995,99000,99,2887914.422239787877,2312033.848774143960,6036092.663535052910,-3491.034567509359,-5580.069144386471,3702.192800467856,45.159834449784,10.091400875307,2185472.201596647967,936.904589077545,-1367.265075499084,-22,7167978,-1342.773437500000,24.491637999084,2887914,2312034,6036093,-3491035,-5580069,3702193,2185472,936905,-1367265,0,0
0,10.450000000000,10.448382396642,100,2026-09-05T03:11:54Z,-99012.983135999995,100000,100,2884421.389133207966,2306452.771919603925,6039791.494758386165,-3495.064096912301,-5582.132526959867,3695.415645753201,44.960977179650,10.076186671165,2186420.498946201988,959.643929940901,-1400.449571513718,-23,7167977,-1403.808593750000,-3.359022236282,2884421,2306453,6039791,-3495064,-5582133,3695416,2186420,959644,-1400450,0,0
0,10.450000000000,10.448382396642,101,2026-09-05T03:11:55Z,-99011.983135999995,101000,101,2880924.328165127896,2300869.634907307569,6043483.546613235027,-3499.090136068389,-5584.189185862670,3688.634125898716,44.762317293953,10.060668010727,2187391.520636225119,982.353368844476,-1433.590430315156,-23,7167977,-1403.808593750000,29.781836565156,2880924,2300870,6043484,-3499090,-5584189,3688634,2187392,982353,-1433590,0,0
0,10.450000000000,10.448382396642,102,2026-09-05T03:11:56Z,-99010.983135999995,102000,102,2877423.242828580085,2295284.444462659769,6047168.814737514593,-3503.112679672540,-5586.239118565572,3681.848248077586,44.563859073463,10.044845969259,2188385.236424650997,1005.032225424668,-1466.686659019595,-24,7167976,-1464.843750000000,1.842909019595,2877423,2295284,6047169,-3503113,-5586239,3681848,2188385,1005032,-1466687,0,0
0,10.450000000000,10.448382396642,103,2026-09-05T03:11:57Z,-99009.983135999995,103000,103,2873918.136622093618,2289697.207312624902,6050847.294776582159,-3507.131722027225,-5588.282323043131,3675.058019464814,44.365606771476,10.028721642122,2189401.615390885621,1027.679823502713,-1499.737270850345,-25,7167975,-1525.878906250000,-26.141635399655,2873918,2289697,6050847,-3507132,-5588282,3675058,2189402,1027680,-1499737,0,0
0,10.450000000000,10.448382396642,104,2026-09-05T03:11:58Z,-99008.983135999995,104000,104,2870409.013049978297,2284107.930186855141,6054518.982382690534,-3511.147257439006,-5590.318797275813,3668.263447242680,44.167564613357,10.012296144503,2190440.625940703787,1050.295491681665,-1532.741286009032,-25,7167975,-1525.878906250000,6.862379759032,2870409,2284108,6054519,-3511147,-5590319,3668263,2190441,1050295,-1532741,0,0
1,30.065000000000,21.656799147327,0,2026-09-04T19:16:49Z,-127517.983135999995,0,105,3054749.899422090035,325131.435262931394,6285994.605885019526,6672.183367142679,-1821.469873732553,-3239.652048464450,347.135579048542,10.034136645610,2010218.376675738022,-5356.402048795777,7816.827387792899,128,7168128,7812.500000000000,-4.327387792899,3054750,325131,6285995,6672183,-1821470,-3239652,2010218,-5356402,7816827,0,0
1,30.065000000000,21.656799147327,1,2026-09-04T19:16:50Z,-127516.983135999995,1000,106,3061420.206214641221,323309.282602341438,6282751.321920747869,6668.389128025865,-1822.816806282219,-3246.956197470354,346.995951556531,10.106905045488,2004867.809895490529,-5344.731823276813,7799.796526847936,128,7168128,7812.500000000000,12.703473152064,3061420,323309,6282751,6668389,-1822817,-3246956,2004868,-5344732,7799797,0,0
1,30.065000000000,21.656799147327,2,2026-09-04T19:16:51Z,-127515.983135999995,2000,107,3068086.714873296674,321485.784280538384,6279500.735595671460,6664.586853853052,-1824.161097078047,-3254.256869412529,346.855491498551,10.179782719012,1999528.963792308234,-5332.960667036025,7782.618373369022,128,7168128,7812.500000000000,29.881626630978,3068087,321486,6279501,6664587,-1824161,-3254257,1999529,-5332961,7782618,0,0
1,30.065000000000,21.656799147327,3,2026-09-04T19:16:52Z,-127514.983135999995,3000,108,3074749.417365284637,319660.942940852547,6276242.850391050801,6660.776548743343,-1825.502742611320,-3261.554055414308,346.714193119955,10.252768729606,1994201.939718017355,-5321.087738293632,7765.291698910798,127,7168127,7751.464843750000,-13.826855160798,3074749,319661,6276243,6660777,-1825503,-3261554,1994202,-5321088,7765292,0,0
1,30.065000000000,21.656799147327,4,2026-09-04T19:16:53Z,-127513.983135999995,4000,109,3081408.305662153754,317834.761229473632,6272977.669796944596,6656.958216949079,-1826.841740509849,-3268.847746605388,346.572050637869,10.325862106571,1988886.839868922951,-5309.112189692228,7747.815266888234,127,7168127,7751.464843750000,3.649576861766,3081408,317835,6272978,6656958,-1826842,-3268848,1988887,-5309112,7747815,0,0
1,30.065000000000,21.656799147327,5,2026-09-04T19:16:54Z,-127512.983135999995,5000,110,3088063.371740070172,316007.241795305919,6269705.197312102653,6653.131862661667,-1828.178087707329,-3276.137934110920,346.429058241555,10.399061844417,1983583.767290845048,-5297.033168897830,7730.187833453771,127,7168127,7751.464843750000,21.277010296229,3088063,316007,6269705,6653132,-1828178,-3276138,1983584,-5297033,7730188,0,0
1,30.065000000000,21.656799147327,6,2026-09-04T19:16:55Z,-127511.983135999995,6000,111,3094714.607578634750,314178.387290585088,6266425.436444493942,6649.297490093886,-1829.511781315034,-3283.424609062422,346.285210092826,10.472366902155,1978292.825885080500,-5284.849818384208,7712.408147182578,126,7168126,7690.429687500000,-21.978459682578,3094715,314178,6266425,6649297,-1829512,-3283425,1978293,-5284850,7712408,0,0
1,30.065000000000,21.656799147327,7,2026-09-04T19:16:56Z,-127510.983135999995,7000,112,3101362.005162249785,312348.200370038510,6263138.390710691921,6645.455103467611,-1830.842818360168,-3290.707762593229,346.140500326418,10.545776202623,1973014.120412650285,-5272.561275565879,7694.474949266641,126,7168126,7690.429687500000,-4.045261766641,3101362,312348,6263138,6645455,-1830843,-3290708,1973014,-5272561,7694475,0,0
1,30.065000000000,21.656799147327,8,2026-09-04T19:16:57Z,-127509.983135999995,8000,113,3108005.556479339022,310516.683691495622,6259844.063636214472,6641.604707057468,-1832.171196313936,-3297.987385838496,345.994923050441,10.619288631767,1967747.756499809213,-5260.166672678991,7676.386973340933,126,7168126,7690.429687500000,14.042714159067,3108006,310517,6259844,6641605,-1832171,-3297987,1967748,-5260167,7676387,0,0
1,30.065000000000,21.656799147327,9,2026-09-04T19:16:58Z,-127508.983135999995,9000,114,3114645.253522619605,308683.839915395773,6256542.458755439147,6637.746305058499,-1833.496911769885,-3305.263469939746,345.848472346814,10.692903037935,1962493.840643037111,-5247.665137268302,7658.142946194070,125,7168125,7629.394531250000,-28.748414944070,3114645,308684,6256542,6637746,-1833497,-3305263,1962494,-5247665,7658143,0,0
1,30.065000000000,21.656799147327,10,2026-09-04T19:16:59Z,-127507.983135999995,10000,115,3121281.088288493920,306849.671705455403,6253233.579611878842,6633.879901768069,-1834.819962206211,-3312.536006036680,345.701142271762,10.766618231144,1957252.480214263778,-5235.055791675638,7639.741587021816,125,7168125,7629.394531250000,-10.347055771816,3121281,306850,6253234,6633880,-1834820,-3312536,1957252,-5235056,7639742,0,0
1,30.065000000000,21.656799147327,11,2026-09-04T19:17:00Z,-127506.983135999995,11000,116,3127913.052779392339,305014.181727655232,6249917.429757003672,6630.005501447613,-1836.140344664841,-3319.804985276278,345.552926856246,10.840432982374,1952023.783464042237,-5222.337753530031,7621.181608142353,125,7168125,7629.394531250000,8.212923107647,3127913,305014,6249917,6630006,-1836140,-3319805,1952024,-5222338,7621182,0,0
1,30.065000000000,21.656799147327,12,2026-09-04T19:17:01Z,-127505.983135999995,12000,117,3134541.138999397401,303177.372651658836,6246594.012752456591,6626.123108379034,-1837.458056277910,-3327.070398802789,345.403820106585,10.914346022776,1946807.859529773006,-5209.510135649353,7602.461714852720,125,7168125,7629.394531250000,26.932816397280,3134541,303177,6246594,6626123,-1837458,-3327070,1946808,-5209510,7602462,0,0
1,30.065000000000,21.656799147327,13,2026-09-04T19:17:02Z,-127504.983135999995,13000,118,3141165.338959306479,301339.247149316536,6243263.332167511806,6622.232726854236,-1838.773094182272,-3334.332237767740,345.253816004879,10.988356042984,1941604.818436494563,-5196.572046133851,7583.580605565333,124,7168124,7568.359375000000,-15.221230565333,3141165,301339,6243263,6622233,-1838773,-3334332,1941605,-5196572,7583581,0,0
1,30.065000000000,21.656799147327,14,2026-09-04T19:17:03Z,-127503.983135999995,14000,119,3147785.644672652241,299499.807895900158,6239925.391581069678,6618.334361186044,-1840.085455607039,-3341.590493325384,345.102908509667,11.062461692306,1936414.771104654530,-5183.522588418949,7564.536971885030,124,7168124,7568.359375000000,3.822403114970,3147786,299500,6239925,6618334,-1840085,-3341590,1936415,-5183523,7564537,0,0
1,30.065000000000,21.656799147327,15,2026-09-04T19:17:04Z,-127502.983135999995,15000,120,3154402.048158014659,297659.057568824966,6236580.194580513984,6614.428015662725,-1841.395137428151,-3348.845156629977,344.951091556444,11.136661577977,1931237.829353156034,-5170.360861495332,7545.329498930249,124,7168124,7568.359375000000,23.029876069751,3154402,297659,6236580,6614428,-1841395,-3348845,1931238,-5170361,7545329,0,0
1,30.065000000000,21.656799147327,16,2026-09-04T19:17:05Z,-127501.983135999995,16000,121,3161014.541437683627,295816.998849220690,6233227.744762370363,6610.513694635756,-1842.702137060826,-3356.096218841230,344.798359058338,11.210954264381,1926074.105904455297,-5157.085959699184,7525.956865026915,123,7168123,7507.324218750000,-18.632646276915,3161015,295817,6233228,6610514,-1842702,-3356096,1926074,-5157086,7525957,0,0
1,30.065000000000,21.656799147327,17,2026-09-04T19:17:06Z,-127500.983135999995,17000,122,3167623.116539247334,293973.634420120448,6229868.045731510967,6606.591402419781,-1844.006451477071,-3363.343671118855,344.644704906680,11.285338272266,1920923.714388301130,-5143.696973120121,7506.417742303754,123,7168123,7507.324218750000,0.906476446246,3167623,293974,6229868,6606591,-1844006,-3363344,1920924,-5143697,7506418,0,0
1,30.065000000000,21.656799147327,18,2026-09-04T19:17:07Z,-127499.983135999995,18000,123,3174227.765493687242,292128.966968254186,6226501.101102115586,6602.661143389923,-1845.308078100970,-3370.587504628020,344.490122971747,11.359812077943,1915786.769347077003,-5130.192987401937,7486.710796401514,123,7168123,7507.324218750000,20.613422348486,3174228,292129,6226501,6602661,-1845308,-3370588,1915787,-5130193,7486711,0,0
1,30.065000000000,21.656799147327,19,2026-09-04T19:17:08Z,-127498.983135999995,19000,124,3180828.480337056331,290282.999182669329,6223126.914496837184,6598.722921859007,-1846.607013639641,-3377.827710535712,344.334607103389,11.434374112491,1910663.386239122134,-5116.573084229413,7466.834687183386,122,7168122,7446.289062500000,-20.545624683386,3180828,290283,6223127,6598723,-1846607,-3377828,1910663,-5116573,7466835,0,0
1,30.065000000000,21.656799147327,20,2026-09-04T19:17:09Z,-127497.983135999995,20000,125,3187425.253109235317,288435.733755556226,6219745.489547411911,6594.776742270369,-1847.903256068662,-3385.064280011647,344.178151131798,11.509022760937,1905553.681443654001,-5102.836340740293,7446.788067876872,122,7168122,7446.289062500000,-0.499005376872,3187425,288436,6219745,6594777,-1847903,-3385064,1905554,-5102836,7446788,0,0
1,30.065000000000,21.656799147327,21,2026-09-04T19:17:10Z,-127496.983135999995,21000,126,3194018.075854185503,286587.173381661531,6216356.829894596711,6590.822608901817,-1849.196801467656,-3392.297204228271,344.020748868235,11.583756361435,1900457.772264883853,-5088.981830742900,7426.569586850709,122,7168122,7446.289062500000,19.719475649291,3194018,286587,6216357,6590823,-1849197,-3392297,1900458,-5088982,7426570,0,0
1,30.065000000000,21.656799147327,22,2026-09-04T19:17:11Z,-127495.983135999995,22000,127,3200606.940621537622,284737.320758868824,6212960.939187250100,6586.860526217151,-1850.487647820330,-3399.526474363483,343.862394105801,11.658573204466,1895375.776934253983,-5075.008623479695,7406.177885810477,121,7168121,7385.253906250000,-20.923979560477,3200607,284737,6212961,6586861,-1850488,-3399526,1895376,-5075009,7406178,0,0
1,30.065000000000,21.656799147327,23,2026-09-04T19:17:12Z,-127494.983135999995,23000,128,3207191.839464036282,282886.178587493952,6209557.821083770134,6582.890498565575,-1851.775791755017,-3406.752081595187,343.703080620271,11.733471531956,1890307.814616920194,-5060.915784898803,7385.611601654190,121,7168121,7385.253906250000,-0.357695404190,3207192,282886,6209558,6582890,-1851776,-3406752,1890308,-5060916,7385612,0,0
1,30.065000000000,21.656799147327,24,2026-09-04T19:17:13Z,-127493.983135999995,24000,129,3213772.764439600054,281033.749571201741,6206147.479250913486,6578.912530414073,-1853.061231084780,-3413.974017103101,343.542802170922,11.808449536475,1885254.005413191393,-5046.702376860465,7364.869365314232,121,7168121,7385.253906250000,20.384540935768,3213773,281034,6206147,6578913,-1853061,-3413974,1885254,-5046702,7364869,0,0
1,30.065000000000,21.656799147327,25,2026-09-04T19:17:14Z,-127492.983135999995,25000,130,3220349.707609796431,279180.036415774084,6202729.917364716530,6574.926626122306,-1854.343962260373,-3421.192272072403,343.381552501398,11.883505360351,1880214.470364085864,-5032.367458188533,7343.949803291858,120,7168120,7324.218750000000,-19.731053291858,3220350,279180,6202730,6574927,-1854344,-3421192,1880214,-5032367,7343950,0,0
1,30.065000000000,21.656799147327,26,2026-09-04T19:17:15Z,-127491.983135999995,26000,131,3226922.661041360814,277325.041830788890,6199305.139109563082,6570.932790183178,-1855.623983195926,-3428.406837692819,343.219325340634,11.958637094845,1875189.331452670274,-5017.910083761907,7322.851536331293,120,7168120,7324.218750000000,1.367213668707,3226923,277325,6199305,6570933,-1855624,-3428407,1875189,-5017910,7322852,0,0
1,30.065000000000,21.656799147327,27,2026-09-04T19:17:16Z,-127490.983135999995,27000,132,3233491.616805044934,275468.768527853128,6195873.148178927600,6566.931026983184,-1856.901290437918,-3435.617705149525,343.056114403765,12.033842779258,1870178.711609262275,-5003.329305683783,7301.573181126041,120,7168120,7324.218750000000,22.645568873959,3233492,275469,6195873,6566931,-1856901,-3435618,1870179,-5003329,7301573,0,0
1,30.065000000000,21.656799147327,28,2026-09-04T19:17:17Z,-127489.983135999995,28000,133,3240056.566976521630,273611.219221527630,6192433.948274809867,6562.921341007041,-1858.175881544241,-3442.824865641342,342.891913393102,12.109120400073,1865182.734713396523,-4988.624172554431,7280.113349257649,119,7168119,7263.183593750000,-16.929755507649,3240057,273611,6192434,6562921,-1858176,-3442825,1865183,-4988624,7280113,0,0
1,30.065000000000,21.656799147327,29,2026-09-04T19:17:18Z,-127488.983135999995,29000,134,3246617.503635243978,271752.396629444556,6188987.543108380400,6558.903736702632,-1859.447753525046,-3450.028310362541,342.726715999164,12.184467890069,1860201.525597885484,-4973.793730182031,7258.470648233047,119,7168119,7263.183593750000,4.712945516953,3246618,271752,6188988,6558904,-1859448,-3450028,1860202,-4973794,7258471,0,0
1,30.065000000000,21.656799147327,30,2026-09-04T19:17:19Z,-127487.983135999995,30000,135,3253174.418865645770,269892.303471638297,6185533.936399335973,6554.878218576960,-1860.716903948003,-3457.228030512852,342.560515901675,12.259883127436,1855235.210050957045,-4958.837021321351,7236.643681103182,119,7168119,7263.183593750000,26.539912646818,3253174,269892,6185534,6554878,-1860717,-3457228,1855235,-4958837,7236644,0,0
1,30.065000000000,21.656799147327,31,2026-09-04T19:17:20Z,-127486.983135999995,31000,136,3259727.304756483994,268030.942471162882,6182073.131876254454,6550.844791056534,-1861.983329368911,-3464.424017292913,342.393306770668,12.335363934885,1850283.914819356985,-4943.753086420868,7214.631047553337,118,7168118,7202.148437500000,-12.482610053337,3259727,268031,6182073,6550845,-1861983,-3464424,1850284,-4943753,7214631,0,0
1,30.065000000000,21.656799147327,32,2026-09-04T19:17:21Z,-127485.983135999995,32000,137,3266276.153400780167,266168.316354107636,6178605.133276618086,6546.803458712475,-1863.247027825537,-3471.616261910640,342.225082267596,12.410908078748,1845347.767610998591,-4928.540962843222,7192.431342765500,118,7168118,7202.148437500000,9.717094734500,3266276,266168,6178605,6546803,-1863247,-3471616,1845348,-4928541,7192431,0,0
1,30.065000000000,21.656799147327,33,2026-09-04T19:17:22Z,-127484.983135999995,33000,138,3272820.956896810792,264304.427848891995,6175129.944346304983,6542.754225969020,-1864.507995600434,-3478.804755572128,342.055836046448,12.486513268079,1840426.897096861620,-4913.199686253694,7170.043159444629,117,7168117,7141.113281250000,-28.929878194629,3272821,264304,6175130,6542754,-1864508,-3478805,1840427,-4913200,7170043,0,0
1,30.065000000000,21.656799147327,34,2026-09-04T19:17:23Z,-127483.983135999995,34000,139,3279361.707346095238,262439.279687129194,6171647.568840653636,6538.697097405930,-1865.766230649285,-3485.989489491658,341.885561754989,12.562177153728,1835521.432914663572,-4897.728289492102,7147.465086172364,117,7168117,7141.113281250000,-6.351804922364,3279362,262439,6171648,6538697,-1865766,-3485989,1835521,-4897728,7147465,0,0
1,30.065000000000,21.656799147327,35,2026-09-04T19:17:24Z,-127482.983135999995,35000,140,3285898.396855589002,260572.874602995696,6168158.010523309000,6534.632077512924,-1867.021729723490,-3493.170454878964,341.714253035935,12.637897327448,1830631.505669328151,-4882.125803846387,7124.695709265621,117,7168117,7141.113281250000,16.417571984379,3285898,260573,6168158,6534632,-1867022,-3493170,1830632,-4882126,7124696,0,0
1,30.065000000000,21.656799147327,36,2026-09-04T19:17:25Z,-127481.983135999995,36000,141,3292431.017536567058,258705.215333494445,6164661.273166789673,6530.559170852484,-1868.274490323074,-3500.347642955603,341.541903528240,12.713671320965,1825757.246935754316,-4866.391258492916,7101.733611959814,116,7168116,7080.078125000000,-21.655486959814,3292431,258705,6164661,6530559,-1868274,-3500348,1825757,-4866391,7101734,0,0
1,30.065000000000,21.656799147327,37,2026-09-04T19:17:26Z,-127480.983135999995,37000,142,3298959.561505567748,256836.304618138180,6161157.360552025028,6526.478381962988,-1869.524509579605,-3507.521044943132,341.368506868377,12.789496605066,1820898.789259907790,-4850.523681109999,7078.577375304168,116,7168116,7080.078125000000,1.500749695832,3298960,256836,6161157,6526478,-1869525,-3507521,1820899,-4850524,7078577,0,0
1,30.065000000000,21.656799147327,38,2026-09-04T19:17:27Z,-127479.983135999995,38000,143,3305484.020881751552,254966.145199881779,6157646.276469750330,6522.389715405097,-1870.771784720148,-3514.690652062200,341.194056691759,12.865370588638,1816056.266162234358,-4834.522097904077,7055.225578199948,116,7168116,7080.078125000000,24.852546800052,3305484,254966,6157646,6522390,-1870772,-3514691,1816056,-4834522,7055226,0,0
1,30.065000000000,21.656799147327,39,2026-09-04T19:17:28Z,-127478.983135999995,39000,144,3312004.387791110203,253094.739823880256,6154128.024718248285,6518.293175749932,-1872.016312976825,-3521.856455540728,341.018546634011,12.941290617794,1811229.812135892455,-4818.385533840619,7031.676797737423,115,7168115,7019.042968750000,-12.633828987423,3312004,253095,6154128,6518293,-1872016,-3521856,1811230,-4818386,7031677,0,0
1,30.065000000000,21.656799147327,40,2026-09-04T19:17:29Z,-127477.983135999995,40000,145,3318520.654362461530,251222.091238304507,6150602.609105516225,6514.188767576798,-1873.258091584773,-3529.018446608461,340.841970332502,13.017253974882,1806419.562651021872,-4802.113012860861,7007.929609512148,115,7168115,7019.042968750000,11.113359237852,3318521,251222,6150603,6514189,-1873258,-3529018,1806420,-4802113,7007930,0,0
1,30.065000000000,21.656799147327,41,2026-09-04T19:17:30Z,-127476.983135999995,41000,146,3325032.812730439007,249348.202193885634,6147070.033447664231,6510.076495479552,-1874.497117783164,-3536.176616499688,340.664321427747,13.093257877594,1801625.654153285315,-4785.703558095101,6983.982587936241,114,7168114,6958.007812500000,-25.974775436241,3325033,249348,6147070,6510076,-1874497,-3536177,1801626,-4785704,6983983,0,0
1,30.065000000000,21.656799147327,42,2026-09-04T19:17:31Z,-127475.983135999995,42000,147,3331540.855033232365,247473.075444452872,6143530.301570101641,6505.956364057056,-1875.733388814695,-3543.330956448699,340.485593564982,13.169299477994,1796848.224066260969,-4769.156192085273,6959.834306563199,114,7168114,6958.007812500000,-1.826494063199,3331541,247473,6143530,6505956,-1875733,-3543331,1796848,-4769156,6959834,0,0
1,30.065000000000,21.656799147327,43,2026-09-04T19:17:32Z,-127474.983135999995,43000,148,3338044.773414853029,245596.713745824294,6139983.417306385003,6501.828377924994,-1876.966901926721,-3550.481457697970,340.305780395656,13.245375861608,1792087.410790521419,-4752.469937018634,6935.483338428922,114,7168114,6958.007812500000,22.524474071078,3338045,245597,6139983,6501828,-1876967,-3550481,1792087,-4752470,6935483,0,0
1,30.065000000000,21.656799147327,44,2026-09-04T19:17:33Z,-127473.983135999995,44000,149,3344544.560022674035,243719.119857822370,6136429.384499441832,6497.692541703145,-1878.197654368392,-3557.628111486338,340.124875579137,13.321484046460,1787343.353705005022,-4735.643814962243,6910.928256393899,113,7168113,6896.972656250000,-13.955600143899,3344545,243719,6136429,6497693,-1878198,-3557628,1787343,-4735644,6910928,0,0
1,30.065000000000,21.656799147327,45,2026-09-04T19:17:34Z,-127472.983135999995,45000,150,3351040.207009613514,241840.296541752352,6132868.207000507042,6493.548860028113,-1879.425643395052,-3564.770909062645,339.942872784258,13.397620982143,1782616.193166367710,-4718.676848110936,6886.167633505091,113,7168113,6896.972656250000,10.805022744909,3351040,241840,6132868,6493549,-1879426,-3564771,1782616,-4718677,6886168,0,0
1,30.065000000000,21.656799147327,46,2026-09-04T19:17:35Z,-127471.983135999995,46000,151,3357531.706532155164,239960.246562778339,6129299.888670133427,6489.397337560149,-1880.650866454317,-3571.909841672095,339.759765691123,13.473783548870,1777906.070509311277,-4701.568058956718,6861.200043243130,112,7168112,6835.937500000000,-25.262543243130,3357532,239960,6129300,6489397,-1880651,-3571910,1777906,-4701568,6861200,0,0
1,30.065000000000,21.656799147327,47,2026-09-04T19:17:36Z,-127470.983135999995,47000,152,3364019.050752844196,238078.972687700385,6125724.433376853354,6485.237978908572,-1881.873320236537,-3579.044900572626,339.575547992744,13.549968556549,1773213.128044972196,-4684.316470951126,6836.024060488931,112,7168112,6835.937500000000,-0.086560488931,3364019,238079,6125724,6485238,-1881873,-3579045,1773213,-4684316,6836024,0,0
1,30.065000000000,21.656799147327,48,2026-09-04T19:17:37Z,-127469.983135999995,48000,153,3370502.231837820262,236196.477687072853,6122141.844998508692,6481.070788784109,-1883.093002578761,-3586.176077014898,339.390213396949,13.626172743831,1768537.509061288787,-4666.921107963610,6810.638260733295,112,7168112,6835.937500000000,25.299239266705,3370502,236196,6122142,6481071,-1883093,-3586176,1768538,-4666921,6810638,0,0
1,30.065000000000,21.656799147327,49,2026-09-04T19:17:38Z,-127468.983135999995,49000,154,3376981.241958435159,234312.764333292609,6118552.127421416342,6476.895771841100,-1884.309910463969,-3593.303362257757,339.203755628142,13.702392777173,1763879.357821497833,-4649.380995405804,6785.041221717591,111,7168111,6774.902343750000,-10.138877967591,3376981,234313,6118552,6476896,-1884310,-3593303,1763879,-4649381,6785041,0,0
1,30.065000000000,21.656799147327,50,2026-09-04T19:17:39Z,-127467.983135999995,50000,155,3383456.073290343862,232427.835402241355,6114955.284540809691,6472.712932787999,-1885.524041453152,-3600.426747567326,339.016168429265,13.778625249911,1759238.819562795572,-4631.695159909084,6759.231522963211,111,7168111,6774.902343750000,15.670820786789,3383456,232428,6114955,6472713,-1885524,-3600427,1759239,-4631695,6759232,0,0
1,30.065000000000,21.656799147327,51,2026-09-04T19:17:40Z,-127466.983135999995,51000,156,3389926.718014786951,230541.693671922607,6111351.320260166191,6468.522276293697,-1886.735392438680,-3607.546224202451,338.827445563684,13.854866681332,1754616.040494309040,-4613.862630133668,6733.207746952326,110,7168110,6713.867187500000,-19.340559452326,3389927,230542,6111351,6468522,-1886735,-3607546,1754616,-4613863,6733208,0,0
1,30.065000000000,21.656799147327,52,2026-09-04T19:17:41Z,-127465.983135999995,52000,157,3396393.168315770105,228654.341923738801,6107740.238492777571,6464.323807107576,-1887.943961279205,-3614.661783436532,338.637580817282,13.931113515722,1750011.167797005968,-4595.882436382943,6706.968478565052,110,7168110,6713.867187500000,6.898708934948,3396393,228654,6107740,6464324,-1887944,-3614662,1750011,-4595882,6706968,0,0
1,30.065000000000,21.656799147327,53,2026-09-04T19:17:42Z,-127464.983135999995,53000,158,3402855.416384155396,226765.782940793957,6104122.043159474619,6460.117529883973,-1889.149744295054,-3621.773416540236,338.446568000377,14.007362121483,1745424.349618819309,-4577.753611980202,6680.512307088587,109,7168109,6652.832031250000,-27.680275838587,3402855,226766,6104122,6460118,-1889150,-3621773,1745424,-4577754,6680512,0,0
1,30.065000000000,21.656799147327,54,2026-09-04T19:17:43Z,-127463.983135999995,54000,159,3409313.454414207954,224876.019510283659,6100496.738190521486,6455.903449428206,-1890.352739932723,-3628.881114785145,338.254400949968,14.083608790191,1740855.735073933145,-4559.475191979543,6653.837824335961,109,7168109,6652.832031250000,-1.005793085961,3409313,224876,6100497,6455903,-1890353,-3628881,1740856,-4559475,6653838,0,0
1,30.065000000000,21.656799147327,55,2026-09-04T19:17:44Z,-127462.983135999995,55000,160,3415767.274605918210,222985.054420339729,6096864.327524398454,6451.681570404162,-1891.552944324417,-3635.984869454660,338.061073531757,14.159849735691,1736305.474239540519,-4541.046215456169,6626.943627988380,109,7168109,6652.832031250000,25.888403261620,3415767,222985,6096864,6451682,-1891553,-3635985,1736305,-4541046,6626944,0,0
1,30.065000000000,21.656799147327,56,2026-09-04T19:17:45Z,-127461.983135999995,56000,161,3422216.869162868243,221092.890463714022,6093224.815108887851,6447.451897627161,-1892.750355733853,-3643.084671826728,337.866579642506,14.236081093198,1731773.718152671587,-4522.465723852701,6599.828319181920,108,7168108,6591.796875000000,-8.031444181920,3422217,221093,6093225,6447452,-1892750,-3643085,1731774,-4522466,6599828,0,0
1,30.065000000000,21.656799147327,57,2026-09-04T19:17:46Z,-127460.983135999995,57000,162,3428662.230293805245,219199.530434608751,6089578.204900301993,6443.214435826121,-1893.944970976605,-3650.180513187479,337.670913212188,14.312298918395,1727260.618806967977,-4503.732762919227,6572.490505338736,108,7168108,6591.796875000000,19.306369661264,3428662,219200,6089578,6443214,-1893945,-3650181,1727261,-4503733,6572491,0,0
1,30.065000000000,21.656799147327,58,2026-09-04T19:17:47Z,-127459.983135999995,58000,163,3435103.350212742109,217304.977130373707,6085924.500863361172,6438.969189792260,-1895.136787648397,-3657.272384823955,337.474068206350,14.388499186567,1722766.329147922574,-4484.846382056568,6544.928799208646,107,7168107,6530.761718750000,-14.167080458646,3435103,217305,6085925,6438969,-1895137,-3657272,1722766,-4484846,6544929,0,0
1,30.065000000000,21.656799147327,59,2026-09-04T19:17:48Z,-127458.983135999995,59000,164,3441540.221138115507,215409.233350851340,6082263.706971692853,6434.716164269048,-1896.325802471154,-3664.360278029562,337.276038628497,14.464677791704,1718291.003069747007,-4465.805635427741,6517.141820491150,107,7168107,6530.761718750000,13.619898258850,3441540,215409,6082264,6434716,-1896326,-3664360,1718291,-4465806,6517142,0,0
1,30.065000000000,21.656799147327,60,2026-09-04T19:17:49Z,-127457.983135999995,60000,165,3447972.835293170530,213512.301898669248,6078595.827207640745,6430.455364089084,-1897.512013341952,-3671.444184100437,337.076818522523,14.540830545650,1713834.795410389313,-4446.609581381570,6489.128194994275,106,7168106,6469.726562500000,-19.401632494275,3447973,213512,6078596,6430455,-1897512,-3671444,1713835,-4446610,6489128,0,0
1,30.065000000000,21.656799147327,61,2026-09-04T19:17:50Z,-127456.983135999995,61000,166,3454401.184905918315,211614.185579147015,6074920.865562225692,6426.186794036312,-1898.695417282653,-3678.524094331806,336.876401975201,14.616953177246,1709397.861946664285,-4427.257283760560,6460.886556543211,106,7168106,6469.726562500000,8.840005956789,3454401,211614,6074921,6426187,-1898695,-3678524,1709398,-4427257,6460887,0,0
1,30.065000000000,21.656799147327,62,2026-09-04T19:17:51Z,-127455.983135999995,62000,167,3460825.262208869215,209714.887200365687,6071238.826035379432,6421.910458944240,-1899.876011906684,-3685.600000026170,336.674783118747,14.693041331489,1704980.359389223857,-4407.747811614205,6432.415546561931,105,7168105,6408.691406250000,-23.724140311931,3460825,209715,6071239,6421910,-1899876,-3685600,1704980,-4407748,6432416,0,0
1,30.065000000000,21.656799147327,63,2026-09-04T19:17:52Z,-127454.983135999995,63000,168,3467245.059440166224,207814.409572877892,6067549.712635237724,6417.626363618638,-1901.053794242642,-3692.671892490580,336.471956133390,14.769090568722,1700582.445376048097,-4388.080240128734,6403.713815430010,105,7168105,6408.691406250000,4.977590819990,3467245,207814,6067550,6417626,-1901054,-3692672,1700582,-4388080,6403714,0,0
1,30.065000000000,21.656799147327,64,2026-09-04T19:17:53Z,-127453.983135999995,64000,169,3473660.568842316512,205912.755509932234,6063853.529378905892,6413.334512899837,-1902.228761715975,-3699.739763033904,336.267915250071,14.845096363803,1696204.278467366006,-4368.253650569345,6374.780022398323,104,7168104,6347.656250000000,-27.123772398323,3473661,205913,6063854,6413335,-1902229,-3699740,1696204,-4368254,6374780,0,0
1,30.065000000000,21.656799147327,65,2026-09-04T19:17:54Z,-127452.983135999995,65000,170,3480071.782662263140,204009.927827845211,6060150.280292401090,6409.034911647723,-1903.400911854504,-3706.803602962282,336.062654753186,14.921054105325,1691846.018138931133,-4348.267130821129,6345.612836378439,104,7168104,6347.656250000000,2.043413621561,3480072,204010,6060150,6409035,-1903401,-3706804,1691846,-4348267,6345613,0,0
1,30.065000000000,21.656799147327,66,2026-09-04T19:17:55Z,-127451.983135999995,66000,171,3486478.693152047228,202105.929345243436,6056439.969410289079,6404.727564677614,-1904.570241300632,-3713.863403600044,335.856168983324,14.996959094831,1687507.824774988228,-4328.119776289181,6316.210937256188,103,7168103,6286.621093750000,-29.589843506188,3486479,202106,6056440,6404728,-1904570,-3713863,1687508,-4328120,6316211,0,0
1,30.065000000000,21.656799147327,67,2026-09-04T19:17:56Z,-127450.983135999995,67000,172,3492881.292569169309,200200.762883364368,6052722.600775469095,6400.412476913516,-1905.736748383248,-3720.919156258788,335.648452340118,15.072806546076,1683189.859660536516,-4307.810689066779,6286.573014677760,103,7168103,6286.621093750000,0.048079072240,3492881,200201,6052723,6400412,-1905737,-3720919,1683190,-4307811,6286573,0,0
1,30.065000000000,21.656799147327,68,2026-09-04T19:17:57Z,-127449.983135999995,68000,173,3499279.573175389320,198294.431266155501,6048998.178439868614,6396.089653181207,-1906.900429551968,-3727.970852266481,335.439499285179,15.148591584265,1678892.284974550130,-4287.338980108777,6256.697771221416,103,7168103,6286.621093750000,29.923322528584,3499280,198294,6048998,6396090,-1906900,-3727971,1678892,-4287339,6256698,0,0
1,30.065000000000,21.656799147327,69,2026-09-04T19:17:58Z,-127448.983135999995,69000,174,3505673.527237452101,196386.937320495810,6045266.706464012153,6391.759098422426,-1908.061283047687,-3735.018482945634,335.229304345047,15.224309245352,1674615.263781094924,-4266.703767884369,6226.583920431419,102,7168102,6225.585937500000,-0.997982931419,3505674,196387,6045267,6391759,-1908061,-3735018,1674615,-4266704,6226584,0,0
1,30.065000000000,21.656799147327,70,2026-09-04T19:17:59Z,-127447.983135999995,70000,175,3512063.147026558407,194478.283875732624,6041528.188917377964,6387.420817466136,-1909.219305025772,-3742.062039625125,335.017862114216,15.299954475337,1670358.960021428298,-4245.904180720155,6196.230190237367,102,7168102,6225.585937500000,29.355747262633,3512063,194478,6041528,6387421,-1909219,-3742062,1670359,-4245904,6196230,0,0
1,30.065000000000,21.656799147327,71,2026-09-04T19:18:00Z,-127446.983135999995,71000,176,3518448.424820276443,192568.473763577756,6037782.629877241328,6383.074815311829,-1910.374494436581,-3749.101513641108,334.805167258171,15.375522129615,1666123.538503399584,-4224.939354868805,6165.635320135712,101,7168101,6164.550781250000,-1.084538885712,3518448,192568,6037783,6383075,-1910374,-3749102,1666124,-4224939,6165635,0,0
1,30.065000000000,21.656799147327,72,2026-09-04T19:18:01Z,-127445.983135999995,72000,177,3524829.352899079677,190657.509818909195,6034030.033430715092,6378.721096779827,-1911.526846839507,-3756.136896326097,334.591214516639,15.451006972296,1661909.164894355694,-4203.808438023831,6134.798066319020,101,7168101,6164.550781250000,29.752714930980,3524829,190658,6034030,6378721,-1911527,-3756137,1661909,-4203808,6134798,0,0
1,30.065000000000,21.656799147327,73,2026-09-04T19:18:02Z,-127444.983135999995,73000,178,3531205.923550396226,188745.394878718886,6030270.403672383167,6374.359666876444,-1912.676360997523,-3763.168179025342,334.375998706665,15.526403675631,1657716.005708382232,-4182.510586537745,6103.717197616304,100,7168100,6103.515625000000,-0.201572616304,3531206,188745,6030270,6374360,-1912676,-3763168,1657716,-4182511,6103717,0,0
1,30.065000000000,21.656799147327,74,2026-09-04T19:18:03Z,-127443.983135999995,74000,179,3537578.129064396489,186832.131783298362,6026503.744706769474,6369.990530505675,-1913.823033574658,-3770.195353076815,334.159514726020,15.601706819369,1653544.228298633592,-4161.044968537683,6072.391500039792,99,7168099,6042.480468750000,-29.911031289792,3537578,186832,6026504,6369991,-1913823,-3770195,1653544,-4161045,6072392,0,0
1,30.065000000000,21.656799147327,75,2026-09-04T19:18:04Z,-127442.983135999995,75000,180,3543945.961738547776,184917.723374468973,6022730.060645668767,6365.613692646548,-1914.966862444373,-3777.218409831221,333.941757556358,15.676910890249,1649394.000843592454,-4139.410762769327,6040.819775097812,99,7168099,6042.480468750000,1.660693652188,3543946,184918,6022730,6365614,-1914967,-3777218,1649394,-4139411,6040820,0,0
1,30.065000000000,21.656799147327,76,2026-09-04T19:18:05Z,-127441.983135999995,76000,181,3550309.413872899488,183002.172498290922,6018949.355610929430,6361.229158222159,-1916.107844274819,-3784.237340635627,333.722722266806,15.752010281424,1645265.492338004522,-4117.607160322889,6009.000842313599,98,7168098,5981.445312500000,-27.555529813599,3550309,183002,6018949,6361229,-1916108,-3784237,1645265,-4117607,6009001,0,0
1,30.065000000000,21.656799147327,77,2026-09-04T19:18:06Z,-127440.983135999995,77000,182,3556668.477774695028,181085.482001669443,6015161.633731720038,6356.836932253373,-1917.245977352280,-3791.252136848016,333.502404017192,15.826999291997,1641158.872578943381,-4095.633363705617,5976.933537871748,98,7168098,5981.445312500000,4.511774628252,3556668,181085,6015162,6356837,-1917246,-3791252,1641159,-4095633,5976934,0,0
1,30.065000000000,21.656799147327,78,2026-09-04T19:18:07Z,-127439.983135999995,78000,183,3563023.145754741505,179167.654735799966,6011366.899146673270,6352.437019666468,-1918.381257946294,-3798.262789826367,333.280798061745,15.901872126537,1637074.312154427404,-4073.488589224269,5944.616718095082,97,7168097,5920.410156250000,-24.206561845082,3563023,179168,6011367,6352437,-1918381,-3798263,1637074,-4073489,5944617,0,0
1,30.065000000000,21.656799147327,79,2026-09-04T19:18:08Z,-127438.983135999995,79000,184,3569373.410129266791,177248.693552877608,6007565.156002841890,6348.029425510504,-1919.513684556676,-3805.269290928663,333.057899752524,15.976622894640,1633011.982430682750,-4051.172065327594,5912.049257025747,97,7168097,5920.410156250000,8.360899224253,3569373,177249,6007565,6348029,-1919514,-3805269,1633012,-4051172,5912049,0,0
1,30.065000000000,21.656799147327,80,2026-09-04T19:18:09Z,-127437.983135999995,80000,185,3575719.263219223823,175328.601309286343,6003756.408456036821,6343.614154751776,-1920.643253761455,-3812.271631524709,332.833704543145,16.051245610564,1628972.055537393084,-4028.683035298367,5879.230050353820,96,7168096,5859.375000000000,-19.855050353820,3575719,175329,6003756,6343614,-1920643,-3812272,1628972,-4028683,5879230,0,0
1,30.065000000000,21.656799147327,81,2026-09-04T19:18:10Z,-127436.983135999995,81000,186,3582060.697350820992,173407.380862648657,5999940.660670577548,6339.191212420701,-1921.769963361214,-3819.269802978852,332.608207992376,16.125734192848,1624954.704354801681,-4006.020756152713,5846.158013811048,96,7168096,5859.375000000000,13.216986188952,3582061,173407,5999941,6339191,-1921770,-3819270,1624955,-4006021,5846158,0,0
1,30.065000000000,21.656799147327,82,2026-09-04T19:18:11Z,-127435.983135999995,82000,187,3588397.704855224118,171485.035074411513,5996117.916819436476,6334.760603539962,-1922.893810651033,-3826.263796662715,332.381405767955,16.200082464021,1620960.102497889195,-3983.184500110291,5812.832085316343,95,7168095,5798.339843750000,-14.492241566343,3588398,171485,5996118,6334761,-1922894,-3826264,1620960,-3983185,5812832,0,0
1,30.065000000000,21.656799147327,83,2026-09-04T19:18:12Z,-127434.983135999995,83000,188,3594730.278069176711,169561.566807476542,5992288.181083877571,6330.322333141339,-1924.014792931274,-3833.253603957019,332.153293650310,16.274284150314,1616988.424301962135,-3960.173554883929,5779.251225398468,95,7168095,5798.339843750000,19.088618351532,3594730,169562,5992288,6330322,-1924015,-3833254,1616988,-3960174,5779251,0,0
1,30.065000000000,21.656799147327,84,2026-09-04T19:18:13Z,-127433.983135999995,84000,189,3601058.409333426971,167636.978928212222,5988451.457654403523,6325.876406292991,-1925.132908118229,-3840.239216239752,331.923867536512,16.348332881426,1613039.844807034126,-3936.987223925717,5745.414417555164,94,7168094,5737.304687500000,-8.109730055164,3601058,167637,5988451,6325876,-1925133,-3840239,1613040,-3936987,5745414,0,0
1,30.065000000000,21.656799147327,85,2026-09-04T19:18:14Z,-127432.983135999995,85000,190,3607382.090994302649,165711.274304937397,5984607.750729834661,6321.422828010327,-1926.248152701760,-3847.220624892543,331.693123444104,16.422222190352,1609114.539741073735,-3913.624828088631,5711.320670678033,94,7168094,5737.304687500000,25.984016821967,3607382,165711,5984608,6321423,-1926248,-3847221,1609115,-3913625,5711321,0,0
1,30.065000000000,21.656799147327,86,2026-09-04T19:18:15Z,-127431.983135999995,86000,191,3613701.315403325018,163784.455809233157,5980757.064517494291,6316.961603393338,-1927.360524811093,-3854.197821304297,331.461057515115,16.495945513249,1605212.685502629029,-3890.085704587245,5676.969017535856,93,7168093,5676.269531250000,-0.699486285856,3613701,163784,5980757,6316962,-1927361,-3854198,1605213,-3890086,5676969,0,0
1,30.065000000000,21.656799147327,87,2026-09-04T19:18:16Z,-127430.983135999995,87000,192,3620016.074916787446,161856.526314434333,5976899.403233534656,6312.492737510638,-1928.470021659876,-3861.170796865736,331.227666020053,16.569496189327,1601334.459144519642,-3866.369208945539,5642.358517617122,92,7168092,5615.234375000000,-27.124142617122,3620016,161857,5976899,6312493,-1928470,-3861171,1601334,-3866369,5642359,0,0
1,30.065000000000,21.656799147327,88,2026-09-04T19:18:17Z,-127429.983135999995,88000,193,3626326.361896528862,159927.488697340770,5973034.771102382801,6308.016235449031,-1929.576640669268,-3868.139542970312,330.992945362002,16.642867460843,1597480.038354106015,-3842.474715000767,5607.488257135660,92,7168092,5615.234375000000,7.746117864340,3626326,159927,5973035,6308016,-1929577,-3868140,1597480,-3842475,5607488,0,0
1,30.065000000000,21.656799147327,89,2026-09-04T19:18:18Z,-127428.983135999995,89000,194,3632632.168708667625,157997.345836840337,5969163.172357598320,6303.532102309873,-1930.680379265311,-3875.104051015114,330.756892080746,16.716052473072,1593649.601436380995,-3818.401615622529,5572.357350080022,91,7168091,5554.199218750000,-18.158131330022,3632632,157997,5969163,6303532,-1930680,-3875104,1593650,-3818402,5572357,0,0
1,30.065000000000,21.656799147327,90,2026-09-04T19:18:19Z,-127427.983135999995,90000,195,3638933.487725750543,156066.100614140916,5965284.611240514554,6299.040343202705,-1931.781234981258,-3882.064312406328,330.519502856894,16.789044274421,1589843.327292806236,-3794.149323264641,5536.964939018847,91,7168091,5554.199218750000,17.234279731153,3638933,156066,5965285,6299040,-1931781,-3882064,1589843,-3794149,5536965,0,0
1,30.065000000000,21.656799147327,91,2026-09-04T19:18:20Z,-127426.983135999995,91000,196,3645230.311323443428,154133.755913848669,5961399.092002280056,6294.540963237523,-1932.879204940463,-3889.020318547409,330.280774516226,16.861835816504,1586061.395403333008,-3769.717270880454,5501.310196436625,90,7168090,5493.164062500000,-8.146133936625,3645230,154134,5961399,6294541,-1932879,-3889020,1586061,-3769717,5501310,0,0
1,30.065000000000,21.656799147327,92,2026-09-04T19:18:21Z,-127425.983135999995,92000,197,3651522.631884855684,152200.314622219419,5957506.618901203386,6290.033967557065,-1933.974286891242,-3895.972060846361,330.040704033792,16.934419954374,1582303.985803462099,-3745.104911962613,5465.392324791716,90,7168090,5493.164062500000,27.771737708284,3651523,152200,5957507,6290034,-1933974,-3895972,1582304,-3745105,5465392,0,0
1,30.065000000000,21.656799147327,93,2026-09-04T19:18:22Z,-127424.983135999995,93000,198,3657810.441796096042,150265.779628631950,5953607.196205521002,6285.519361295428,-1935.066478172018,-3902.919530718464,329.799288538403,17.006789446709,1578571.279065669747,-3720.311721768508,5429.210558304712,89,7168089,5432.128906250000,2.918347945288,3657810,150266,5953607,6285519,-1935066,-3902920,1578571,-3720312,5429211,0,0
1,30.065000000000,21.656799147327,94,2026-09-04T19:18:23Z,-127423.983135999995,94000,199,3664093.733450027183,148330.153824900248,5949700.828191022389,6280.997149602626,-1936.155776124593,-3909.862719580815,329.556525316864,17.078936956165,1574863.456275012577,-3695.337197715268,5392.764163534860,88,7168088,5371.093750000000,-21.670413534860,3664094,148330,5949701,6280997,-1936156,-3909863,1574863,-3695337,5392764,0,0
1,30.065000000000,21.656799147327,95,2026-09-04T19:18:24Z,-127422.983135999995,95000,200,3670372.499243718106,146393.440105440270,5945787.519142677076,6276.467337651866,-1937.242178511127,-3916.801618854151,329.312411818454,17.150855049698,1571180.699008552358,-3670.180859797198,5356.052439989247,88,7168088,5371.093750000000,15.041310010753,3670372,146393,5945788,6276467,-1937242,-3916802,1571181,-3670181,5356052,0,0
1,30.065000000000,21.656799147327,96,2026-09-04T19:18:25Z,-127421.983135999995,96000,201,3676646.731579874642,144455.641366883530,5941867.273353744298,6271.929930602255,-1938.325682474044,-3923.736219962848,329.066945659322,17.222536199014,1567523.189311347203,-3644.842251814504,5319.074721915938,87,7168087,5310.058593750000,-9.016128165938,3676647,144456,5941867,6271930,-1938326,-3923736,1567523,-3644842,5319075,0,0
1,30.065000000000,21.656799147327,97,2026-09-04T19:18:26Z,-127420.983135999995,97000,202,3682916.422866218723,142516.760508753126,5937940.095126141794,6267.384933647463,-1939.406285784656,-3930.666514334916,328.820124627003,17.293972781062,1563891.109672744991,-3619.320941328024,5281.830378237903,87,7168087,5310.058593750000,28.228215512097,3682916,142517,5937940,6267385,-1939406,-3930667,1563891,-3619321,5281830,0,0
1,30.065000000000,21.656799147327,98,2026-09-04T19:18:27Z,-127419.983135999995,98000,203,3689181.565515500959,140576.800433055061,5934005.988770469092,6262.832351948873,-1940.483985067175,-3937.592493406555,328.571946684928,17.365157078588,1560284.643002191093,-3593.616521329906,5244.318814991116,86,7168086,5249.023437500000,4.704622508884,3689182,140577,5934006,6262832,-1940484,-3937592,1560285,-3593617,5244319,0,0
1,30.065000000000,21.656799147327,99,2026-09-04T19:18:28Z,-127418.983135999995,99000,204,3695442.151945992373,138635.764044246316,5930064.958605667576,6258.272190767457,-1941.558779255558,-3944.514148610324,328.322409976954,17.436081280780,1556703.972603753209,-3567.728608920149,5206.539473393174,85,7168085,5187.988281250000,-18.551192143174,3695442,138636,5930065,6258272,-1941559,-3944514,1556704,-3567729,5206539,0,0
1,30.065000000000,21.656799147327,100,2026-09-04T19:18:29Z,-127417.983135999995,100000,205,3701698.174581001047,136693.654249252344,5926117.008959354833,6253.704455256866,-1942.630664246366,-3951.431471386968,328.071512831971,17.506737483965,1553149.282150740502,-3541.656849045428,5168.491835299522,85,7168085,5187.988281250000,19.496445950478,3701698,136694,5926117,6253704,-1942631,-3951431,1553149,-3541657,5168492,0,0
1,30.065000000000,21.656799147327,101,2026-09-04T19:18:30Z,-127416.983135999995,101000,206,3707949.625849215779,134750.473957798094,5922162.144167601131,6249.129150687622,-1943.699638774632,-3958.344453182690,327.819253768500,17.577117692394,1549620.755658811890,-3515.400911791737,5130.175419252491,84,7168084,5126.953125000000,-3.222294252491,3707950,134750,5922162,6249129,-1943700,-3958344,1549621,-3515401,5130175,0,0
1,30.065000000000,21.656799147327,102,2026-09-04T19:18:31Z,-127415.983135999995,102000,207,3714196.498183731455,132806.226082038047,5918200.368575536646,6244.546282259307,-1944.765699371771,-3965.253085442782,327.565631499360,17.647213819079,1546118.577459811931,-3488.960495962065,5091.589785702358,83,7168083,5065.917968750000,-25.671816952358,3714196,132806,5918200,6244546,-1944766,-3965253,1546119,-3488960,5091590,0,0
1,30.065000000000,21.656799147327,103,2026-09-04T19:18:32Z,-127414.983135999995,103000,208,3720438.784024370834,130860.913536139269,5914231.686535914429,6239.955855251992,-1945.828844470384,-3972.157359618905,327.310644936233,17.717017686756,1542642.932172537781,-3462.335327366473,5052.734534511978,83,7168083,5065.917968750000,13.183434238022,3720439,130861,5914232,6239956,-1945829,-3972157,1542643,-3462335,5052735,0,0
1,30.065000000000,21.656799147327,104,2026-09-04T19:18:33Z,-127413.983135999995,104000,209,3726676.475814528763,128914.539238079436,5910256.102411073633,6235.357874882538,-1946.889070393780,-3979.057267172720,327.054293194500,17.786521028866,1539194.004675539210,-3435.525161859225,5013.609309389001,82,7168082,5004.882812500000,-8.726496889001,3726676,128915,5910256,6235358,-1946889,-3979057,1539194,-3435525,5013609,0,0
1,30.065000000000,21.656799147327,105,2026-09-04T19:18:34Z,-127412.983135999995,105000,210,3732909.566004564054,126967.106106520529,5906273.620570844039,6230.752346451482,-1947.946375692183,-3985.952799555889,326.796575597736,17.855715490660,1535771.980077384040,-3408.529783435898,4974.213795108899,81,7168081,4943.847656250000,-30.366138858899,3732910,126967,5906274,6230752,-1947946,-3985953,1535772,-3408530,4974214,0,0
1,30.065000000000,21.656799147327,106,2026-09-04T19:18:35Z,-127411.983135999995,106000,211,3739138.047048570123,125018.617064200793,5902284.245394528843,6226.139275212972,-1949.000757224198,-3992.843948238260,326.537491682616,17.924592630363,1532377.043687156867,-3381.349007261413,4934.547721933912,81,7168081,4943.847656250000,9.299934316088,3739138,125019,5902284,6226139,-1949001,-3992844,1532377,-3381349,4934548,0,0
1,30.065000000000,21.656799147327,107,2026-09-04T19:18:36Z,-127410.983135999995,107000,212,3745361.911407265812,123069.075035368340,5898287.981269132346,6221.518666471638,-1950.052213020399,-3999.730704686044,326.277041203471,17.993143920446,1529009.380983437411,-3353.982678622741,4894.610864084677,80,7168080,4882.812500000000,-11.798364084677,3745362,123069,5898288,6221519,-1950052,-3999731,1529009,-3353983,4894611,0,0
1,30.065000000000,21.656799147327,108,2026-09-04T19:18:37Z,-127409.983135999995,108000,213,3751581.151544971857,121118.482947751909,5894284.832591247745,6216.890525503004,-1951.100739839049,-4006.613060368181,326.015224137162,18.061360748941,1525669.177584124729,-3326.430675085360,4854.403042887240,80,7168080,4882.812500000000,28.409457112760,3751581,121118,5894285,6216891,-1951101,-4006613,1525669,-3326431,4854403,0,0
1,30.065000000000,21.656799147327,109,2026-09-04T19:18:38Z,-127408.983135999995,109000,214,3757795.759933839552,119166.843730155015,5890274.803764396347,6212.254857643075,-1952.146336147379,-4013.491006764525,325.752040687598,18.129234420910,1522356.619213013444,-3298.692905367329,4813.924125129947,79,7168079,4821.777343750000,7.853218620053,3757796,119167,5890275,6212255,-1952146,-4013491,1522357,-3298693,4813924,0,0
1,30.065000000000,21.656799147327,110,2026-09-04T19:18:39Z,-127407.983135999995,110000,215,3764005.729048154317,117214.160315570829,5886257.899202628061,6207.611668173286,-1953.188998282371,-4020.364535354020,325.487491290742,18.196756159909,1519071.891669464996,-3270.769312349795,4773.174027456806,78,7168078,4760.742187500000,-12.431839956806,3764006,117214,5886258,6207612,-1953189,-4020365,1519072,-3270769,4773174,0,0
1,30.065000000000,21.656799147327,111,2026-09-04T19:18:40Z,-127406.983135999995,111000,216,3770211.051370196044,115260.435637915711,5882234.123326821253,6202.960962464203,-1954.228725042938,-4027.233637616519,325.221576619036,18.263917109643,1515815.180793014355,-3242.659870947125,4732.152713259274,78,7168078,4760.742187500000,28.589474240726,3770211,115260,5882234,6202961,-1954229,-4027234,1515815,-3242660,4732153,0,0
1,30.065000000000,21.656799147327,112,2026-09-04T19:18:41Z,-127405.983135999995,112000,217,3776411.719386869110,113305.672634623959,5878203.480566786602,6198.302745815909,-1955.265512770907,-4034.098305046427,324.954297586301,18.330708335650,1512586.672430304112,-3214.364591791216,4690.860198052937,77,7168077,4699.707031250000,8.846833197063,3776412,113306,5878203,6198303,-1955266,-4034098,1512587,-3214365,4690860,0,0
1,30.065000000000,21.656799147327,113,2026-09-04T19:18:42Z,-127404.983135999995,113000,218,3782607.725588830188,111349.874245084138,5874165.975361914374,6193.637023602150,-1956.299359741053,-4040.958529129966,324.685655352412,18.397120827051,1509386.552402168512,-3185.883519215978,4649.296546536172,76,7168076,4638.671875000000,-10.624671536172,3782608,111350,5874166,6193637,-1956299,-4040959,1509387,-3185884,4649297,0,0
1,30.065000000000,21.656799147327,114,2026-09-04T19:18:43Z,-127403.983135999995,114000,219,3788799.062474487815,109393.043411680133,5870121.612158496864,6188.963801175305,-1957.330263266712,-4047.814301365179,324.415651327872,18.463145498511,1506215.006464864360,-3157.216733686324,4607.461876134877,75,7168075,4577.636718750000,-29.825157384877,3788799,109393,5870122,6188964,-1957330,-4047814,1506215,-3157217,4607462,0,0
1,30.065000000000,21.656799147327,115,2026-09-04T19:18:44Z,-127402.983135999995,115000,220,3794985.722546052653,107435.183078511734,5866070.395412385464,6184.283083908213,-1958.358220880569,-4054.665613251018,324.144287178561,18.528773192143,1503072.220277881483,-3128.364351745976,4565.356356926313,75,7168075,4577.636718750000,12.280361823687,3794986,107435,5866070,6184283,-1958358,-4054666,1503072,-3128364,4565356,0,0
1,30.065000000000,21.656799147327,116,2026-09-04T19:18:45Z,-127401.983135999995,116000,221,3801167.698311691172,105476.296193061105,5862012.329587511718,6179.594877176896,-1959.383230118718,-4061.512456293713,323.871564830335,18.593994679631,1499958.379364775261,-3099.326526803074,4522.980212785556,74,7168074,4516.601562500000,-6.378650285556,3801168,105476,5862012,6179595,-1959383,-4061512,1499958,-3099327,4522980,0,0
1,30.065000000000,21.656799147327,117,2026-09-04T19:18:46Z,-127400.983135999995,117000,222,3807344.982285006437,103516.385704076820,5857947.419156294316,6174.899186374660,-1960.405288523120,-4068.354822000401,323.597486473575,18.658800664366,1496873.669077731203,-3070.103449774274,4480.333722325479,73,7168073,4455.566406250000,-24.767316075479,3807345,103516,5857947,6174899,-1960405,-4068355,1496874,-3070103,4480334,0,0
1,30.065000000000,21.656799147327,118,2026-09-04T19:18:47Z,-127399.983135999995,118000,223,3813517.566984296776,101555.454564026208,5853875.668600075878,6170.196016907539,-1961.424393746256,-4075.192701883680,323.322054567839,18.723181783743,1493818.274558664998,-3040.695349674354,4437.417219757176,73,7168073,4455.566406250000,18.149186492824,3813518,101555,5853876,6170196,-1961424,-4075193,1493818,-3040695,4437417,0,0
1,30.065000000000,21.656799147327,119,2026-09-04T19:18:48Z,-127398.983135999995,119000,224,3819685.444933952298,99593.505726782489,5849797.082408238202,6165.485374175660,-1962.440543012875,-4082.026087456143,323.045271846257,18.787128611506,1490792.380701255519,-3011.102494575236,4394.231096289506,72,7168072,4394.531250000000,0.300153710494,3819685,99594,5849797,6165485,-1962441,-4082026,1490792,-3011102,4394231,0,0
1,30.065000000000,21.656799147327,120,2026-09-04T19:18:49Z,-127397.983135999995,120000,225,3825848.608664078638,97630.542149664339,5845711.665078444406,6160.767263610524,-1963.453734200655,-4088.854970244938,322.767141320065,18.850631660247,1487796.172110812971,-2981.325191573314,4350.775800081417,71,7168071,4333.496093750000,-17.279706331417,3825849,97631,5845712,6160767,-1963454,-4088855,1487796,-2981325,4350776,0,0
1,30.065000000000,21.656799147327,121,2026-09-04T19:18:50Z,-127396.983135999995,121000,226,3832007.050708930008,95666.566791814956,5841619.421117680147,6156.041690645452,-1964.463964867832,-4095.679341769028,322.487666283026,18.913681383919,1484829.833066654857,-2951.363788006996,4307.051838018757,71,7168071,4333.496093750000,26.444255731243,3832007,95667,5841619,6156042,-1964464,-4095679,1484830,-2951364,4307052,0,0
1,30.065000000000,21.656799147327,122,2026-09-04T19:18:51Z,-127395.983135999995,122000,227,3838160.763609636575,93701.582614743646,5837520.355040445924,6151.308660717405,-1965.471232359207,-4102.499193561925,322.206850315697,18.976268180554,1481893.547479537083,-2921.218672009557,4263.059776521067,70,7168070,4272.460937500000,9.401160978933,3838161,93702,5837520,6151309,-1965471,-4102499,1481894,-2921219,4263060,0,0
1,30.065000000000,21.656799147327,123,2026-09-04T19:18:52Z,-127394.983135999995,123000,228,3844309.739911814220,91735.592582666170,5833414.471370342188,6146.568179278802,-1966.475534239734,-4109.314517152598,321.924697289812,19.038382394999,1478987.498852125136,-2890.890272831252,4218.800242011668,69,7168069,4211.425781250000,-7.374460761668,3844310,91736,5833414,6146568,-1966476,-4109315,1478987,-2890890,4218800,0,0
1,30.065000000000,21.656799147327,124,2026-09-04T19:18:53Z,-127393.983135999995,124000,229,3850453.972167338245,89768.599662001754,5829301.774638909847,6141.820251797981,-1967.476868298291,-4116.125304081834,321.641211372417,19.100014321801,1476111.870236570947,-2860.379061426213,4174.273921774135,68,7168068,4150.390625000000,-23.883296774135,3850454,89769,5829302,6141820,-1967477,-4116125,1476112,-2860379,4174274,0,0
1,30.065000000000,21.656799147327,125,2026-09-04T19:18:54Z,-127392.983135999995,125000,230,3856593.452932735905,87800.606821824156,5825182.269386670552,6137.064883748280,-1968.475232000173,-4122.931545887695,321.356397030081,19.161154208160,1473266.844193158206,-2829.685551381165,4129.481565307622,68,7168068,4150.390625000000,20.909059692378,3856593,87801,5825182,6137065,-1968475,-4122932,1473267,-2829686,4129482,0,0
1,30.065000000000,21.656799147327,126,2026-09-04T19:18:55Z,-127391.983135999995,126000,231,3862728.174769859295,85831.617033566945,5821055.960162740201,6132.302080612590,-1969.470622924277,-4129.733234118248,321.070259032923,19.221792257007,1470452.602747367928,-2798.810299204287,4084.423984748394,67,7168067,4089.355468750000,4.931484001606,3862728,85832,5821056,6132302,-1969471,-4129733,1470453,-2798810,4084424,0,0
1,30.065000000000,21.656799147327,127,2026-09-04T19:18:56Z,-127390.983135999995,127000,232,3868858.130247016903,83861.633271247818,5816922.851523987018,6127.531847883802,-1970.463038653236,-4136.530360322467,320.782802458539,19.281918630193,1467669.327345658792,-2767.753904936244,4039.102055761545,66,7168066,4028.320312500000,-10.781743261545,3868858,83862,5816923,6127532,-1970463,-4136530,1467669,-2767754,4039102,0,0
1,30.065000000000,21.656799147327,128,2026-09-04T19:18:57Z,-127389.983135999995,128000,233,3874983.311937693506,81890.658510738212,5812782.948035986163,6122.754191071181,-1971.452476774559,-4143.322916052966,320.494032695909,19.341523451732,1464917.198813072173,-2736.517012694174,3993.516718334859,65,7168065,3967.285156250000,-26.231562084859,3874983,81891,5812783,6122754,-1971452,-4143323,1464917,-2736517,3993517,0,0
1,30.065000000000,21.656799147327,129,2026-09-04T19:18:58Z,-127388.983135999995,129000,234,3881103.712420367636,79918.695731003754,5808636.254273061641,6117.969115687629,-1972.438934989882,-4150.110892869634,320.203955449207,19.400596811191,1462196.397308132146,-2705.100311125876,3947.668977441623,65,7168065,3967.285156250000,19.616178808377,3881104,79919,5808636,6117969,-1972439,-4150111,1462196,-2705100,3947669,0,0
1,30.065000000000,21.656799147327,130,2026-09-04T19:18:59Z,-127387.983135999995,130000,235,3887219.324279414956,77945.747912766383,5804482.774817753583,6113.176627251960,-1973.422410453935,-4156.894282335998,319.912576741401,19.459128767154,1459507.102278335253,-2673.504534345553,3901.559904406199,64,7168064,3906.250000000000,4.690095593801,3887219,77946,5804483,6113177,-1973422,-4156894,1459507,-2673505,3901560,0,0
1,30.065000000000,21.656799147327,131,2026-09-04T19:19:00Z,-127386.983135999995,131000,236,3893330.140105015598,75971.818039624792,5800322.514260830358,6108.376731315730,-1974.402901539150,-4163.673076018313,319.619902917838,19.517109350809,1456849.492414090317,-2641.730461255967,3855.190635914816,63,7168063,3845.214843750000,-9.975792164816,3893330,75972,5800323,6108377,-1974403,-4163673,1456849,-2641730,3855191,0,0
1,30.065000000000,21.656799147327,132,2026-09-04T19:19:01Z,-127385.983135999995,132000,237,3899436.152492085006,73996.909097572905,5796155.477202041075,6103.569433405937,-1975.380404965676,-4170.447265485564,319.325940649707,19.574528569601,1454223.745603919961,-2609.778917928244,3808.562377488518,62,7168062,3784.179687500000,-24.382689988518,3899436,73997,5796155,6103569,-1975380,-4170447,1454224,-2609779,3808562,0,0
1,30.065000000000,21.656799147327,133,2026-09-04T19:19:02Z,-127384.983135999995,133000,238,3905537.354042250197,72021.024074905348,5791981.668248754926,6098.754739097785,-1976.354919227433,-4177.216842316739,319.030696937263,19.631376411019,1451630.038886938943,-2577.650775772046,3761.676400812825,62,7168062,3784.179687500000,22.503286687175,3905537,72021,5791982,6098755,-1976355,-4177217,1451630,-2577651,3761676,0,0
1,30.065000000000,21.656799147327,134,2026-09-04T19:19:03Z,-127383.983135999995,134000,239,3911633.737361379899,70044.165962005995,5787801.092017689720,6093.932653944648,-1977.326441161736,-4183.981798089007,318.734179113099,19.687642846430,1449068.548407889437,-2545.346954262066,3714.534047716617,61,7168061,3723.144531250000,8.610483533383,3911634,70044,5787801,6093933,-1977326,-4183982,1449069,-2545347,3714534,0,0
1,30.065000000000,21.656799147327,135,2026-09-04T19:19:04Z,-127382.983135999995,135000,240,3917725.295062031597,68066.337752100793,5783613.753133177757,6089.103183532188,-1978.294969051859,-4190.742124388635,318.436394845104,19.743317835077,1446539.449367853114,-2512.868419270076,3667.136727738022,60,7168060,3662.109375000000,-5.027352738022,3917725,68066,5783614,6089103,-1978295,-4190742,1446539,-2512868,3667137,0,0
1,30.065000000000,21.656799147327,136,2026-09-04T19:19:05Z,-127381.983135999995,136000,241,3923812.019761386793,66087.542440627571,5779419.656228643842,6084.266333432424,-1979.260499517224,-4197.497812800975,318.137352139412,19.798391328099,1444042.915978479432,-2480.216185555726,3619.485921759346,59,7168059,3601.074218750000,-18.411703009346,3923812,66088,5779420,6084266,-1979260,-4197498,1444043,-2480216,3619486,0,0
1,30.065000000000,21.656799147327,137,2026-09-04T19:19:06Z,-127380.983135999995,137000,242,3929893.904083216097,64107.783025120400,5775218.805945237167,6079.422109266943,-1980.223031632335,-4204.248854920479,317.837059343070,19.852853272700,1441579.121412860230,-2447.391314343946,3571.583178471677,59,7168059,3601.074218750000,29.491040278323,3929894,64108,5775219,6079422,-1980223,-4204249,1441579,-2447391,3571583,0,0
1,30.065000000000,21.656799147327,138,2026-09-04T19:19:07Z,-127379.983135999995,138000,243,3935970.940656037070,62127.062506169284,5771011.206933082081,6074.570516621407,-1981.182561576169,-4210.995242347053,317.535525146704,19.906693616370,1439148.237757721217,-2414.394917316689,3523.430120200194,58,7168058,3540.039062500000,16.608942299806,3935971,62127,5771011,6074571,-1981183,-4210995,1439148,-2414395,3523430,0,0
1,30.065000000000,21.656799147327,139,2026-09-04T19:19:08Z,-127378.983135999995,139000,244,3942043.122114316095,60145.383885968251,5766796.863850469701,6069.711561133772,-1982.139088437144,-4217.736966677876,317.232758586856,19.959902311208,1436750.435965027893,-2381.228152966130,3475.028437582249,57,7168057,3479.003906250000,3.975468667751,3942043,60145,5766797,6069712,-1982139,-4217737,1436750,-2381228,3475028,0,0
1,30.065000000000,21.656799147327,140,2026-09-04T19:19:09Z,-127377.983135999995,140000,245,3948110.441098479554,58162.750169427964,5762575.781363870017,6064.845248415622,-1983.092608398565,-4224.474019521040,316.928769048248,20.012469318344,1434385.885802288773,-2347.892230885772,3426.379895829552,56,7168056,3417.968750000000,-8.411145829552,3948110,58163,5762576,6064845,-1983093,-4224474,1434386,-2347892,3426380,0,0
1,30.065000000000,21.656799147327,141,2026-09-04T19:19:10Z,-127376.983135999995,141000,246,3954172.890254071448,56179.164363848948,5758347.964148469269,6059.971584116738,-1984.043120111380,-4231.206392485547,316.623566265877,20.064384612416,1432054.755804020679,-2314.388408353434,3377.486329741583,55,7168055,3356.933593750000,-20.552735991583,3954173,56179,5758348,6059972,-1984043,-4231206,1432055,-2314388,3377486,0,0
1,30.065000000000,21.656799147327,142,2026-09-04T19:19:11Z,-127375.983135999995,142000,247,3960230.462232473772,54194.629478834730,5754113.416887737811,6055.090573875532,-1984.990620549326,-4237.934077189493,316.317160326860,20.115638186154,1429757.213221909478,-2280.717993435276,3328.349648235424,55,7168055,3356.933593750000,28.583945514576,3960230,54195,5754113,6055091,-1984991,-4237934,1429757,-2280718,3328350,0,0
1,30.065000000000,21.656799147327,143,2026-09-04T19:19:12Z,-127374.983135999995,143000,248,3966283.149690199178,52209.148526481462,5749872.144273863174,6050.202223364977,-1985.935108038760,-4244.657065248248,316.009561672158,20.166220055023,1427493.423975323793,-2246.882343109622,3278.971831607784,54,7168054,3295.898437500000,16.926605892216,3966283,52209,5749872,6050202,-1985935,-4244657,1427493,-2246882,3278972,0,0
1,30.065000000000,21.656799147327,144,2026-09-04T19:19:13Z,-127373.983135999995,144000,249,3972330.945290744770,50222.724520642441,5745624.151006503031,6045.306538245313,-1986.876579785914,-4251.375348289002,315.700781097969,20.216120261968,1425263.552600802854,-2212.882865174412,3229.354934318611,53,7168053,3234.863281250000,5.508346931389,3972331,50223,5745624,6045307,-1986877,-4251375,1425264,-2212883,3229355,0,0
1,30.065000000000,21.656799147327,145,2026-09-04T19:19:14Z,-127372.983135999995,145000,250,3978373.841702138539,48235.360478499671,5741369.441794468090,6040.403524199064,-1987.815033563251,-4258.088917936220,315.390829757161,20.265328882200,1423067.762202286394,-2178.721017249274,3179.501083534788,52,7168052,3173.828125000000,-5.672958534788,3978374,48235,5741369,6040404,-1987815,-4258089,1423068,-2178721,3179501,0,0
1,30.065000000000,21.656799147327,146,2026-09-04T19:19:15Z,-127371.983135999995,146000,251,3984411.831598235294,46247.059418869081,5737108.021354855970,6035.493186918302,-1988.750467148215,-4264.797765823459,315.079719160253,20.313836028061,1420906.214401263045,-2144.398307298195,3129.412479892873,51,7168051,3112.792968750000,-16.619511142873,3984412,46247,5737108,6035493,-1988750,-4264798,1420906,-2144398,3129412,0,0
1,30.065000000000,21.656799147327,147,2026-09-04T19:19:16Z,-127370.983135999995,147000,252,3990444.907658763696,44257.824363062842,5732839.894412987866,6030.575532098283,-1989.682877870756,-4271.501883590645,314.767461176300,20.361631853969,1418779.069285722682,-2109.916294056927,3079.091398122849,50,7168050,3051.757812500000,-27.333585622849,3990445,44258,5732840,6030576,-1989683,-4271502,1418779,-2109916,3079091,0,0
1,30.065000000000,21.656799147327,148,2026-09-04T19:19:17Z,-127369.983135999995,148000,253,3996473.062569328584,42267.658334683540,5728565.065702433698,6025.650565455180,-1990.612263857287,-4278.201262875882,314.454068033526,20.408706561415,1416686.485359831015,-2075.276586224511,3028.540185868264,50,7168050,3051.757812500000,23.217626631736,3996473,42268,5728565,6025651,-1990612,-4278201,1416686,-2075277,3028540,0,0
1,30.065000000000,21.656799147327,149,2026-09-04T19:19:18Z,-127368.983135999995,149000,254,4002496.289021376520,40276.564359726501,5724283.539965012111,6020.718292702441,-1991.538622103761,-4284.895895329100,314.139552319749,20.455050404019,1414628.619493310805,-2040.480843883459,2977.761265758771,49,7168049,2990.722656250000,12.961390491229,4002496,40277,5724284,6020718,-1991539,-4284896,1414629,-2040481,2977761,0,0
1,30.065000000000,21.656799147327,150,2026-09-04T19:19:19Z,-127367.983135999995,150000,255,4008514.579710981809,38284.545466370597,5719995.321951683611,6015.778719582158,-1992.461951316045,-4291.585772594772,313.823926982611,20.500653692615,1412605.626871724380,-2005.530776487194,2926.757132473117,48,7168048,2929.687500000000,2.930367526883,4008515,38285,5719995,6015779,-1992462,-4291586,1412606,-2005531,2926757,0,0
1,30.065000000000,21.656799147327,151,2026-09-04T19:19:20Z,-127366.983135999995,151000,256,4014527.927341214847,36291.604685432168,5715700.416420853697,6010.831851828698,-1993.382248498172,-4298.270886336468,313.507205329429,20.545506800457,1410617.660944195464,-1970.428145276497,2875.530356265558,47,7168047,2868.652343750000,-6.878012515558,4014528,36292,5715700,6010832,-1993382,-4298271,1410618,-1970428,2875530,0,0
1,30.065000000000,21.656799147327,152,2026-09-04T19:19:21Z,-127365.983135999995,152000,257,4020536.324620258994,34297.745049649144,5711398.828139699996,6005.877695193703,-1994.299511226458,-4304.951228205027,313.189401026972,20.589600168379,1408664.873374455143,-1935.174761594857,2824.083580507385,46,7168046,2807.617187500000,-16.466393007385,4020536,34298,5711399,6005878,-1994300,-4304951,1408665,-1935175,2824084,0,0
1,30.065000000000,21.656799147327,153,2026-09-04T19:19:22Z,-127364.983135999995,153000,258,4026539.764262691606,32302.969594453392,5707090.561883308925,6000.916255439734,-1995.213737652204,-4311.626789869479,312.870528100874,20.632924310080,1406747.413989122491,-1899.772486809024,2772.419521570979,45,7168045,2746.582031250000,-25.837490320979,4026540,32303,5707091,6000916,-1995214,-4311627,1406747,-1899772,2772420,0,0
1,30.065000000000,21.656799147327,154,2026-09-04T19:19:23Z,-127363.983135999995,154000,259,4032538.238987722434,30307.281357111482,5702775.622435893863,5995.947538338896,-1996.124925018510,-4318.297562998850,312.550600934900,20.675469817363,1404865.430728908163,-1864.223233254593,2720.540970209746,45,7168045,2746.582031250000,26.041061040254,4032538,30307,5702776,5995948,-1996125,-4318298,1404865,-1864223,2720541,0,0
1,30.065000000000,21.656799147327,155,2026-09-04T19:19:24Z,-127362.983135999995,155000,260,4038531.741521168966,28310.683377852416,5698454.014589396305,5990.971549675123,-1997.033071371678,-4324.963539265809,312.229634269836,20.717227365496,1403019.069596470566,-1828.528962838134,2668.450789518140,44,7168044,2685.546875000000,17.096085481860,4038532,28311,5698454,5990972,-1997033,-4324964,1403019,-1828529,2668451,0,0
1,30.065000000000,21.656799147327,156,2026-09-04T19:19:25Z,-127361.983135999995,156000,261,4044520.264594765380,26313.178698025935,5694125.743143988773,5985.988295237348,-1997.938174307091,-4331.624710348478,311.907643202163,20.758187718516,1401208.474608094897,-1792.691687754746,2616.151915978824,43,7168043,2624.511718750000,8.359802771176,4044520,26313,5694126,5985988,-1997938,-4331625,1401208,-1792692,2616152,0,0
1,30.065000000000,21.656799147327,157,2026-09-04T19:19:26Z,-127360.983135999995,157000,262,4050503.800946021918,24314.770362994965,5689790.812908170745,5980.997780830876,-1998.840231535709,-4338.281067930438,311.584643182554,20.798341734637,1399433.787741808686,-1756.713469859804,2563.647358545838,42,7168042,2563.476562500000,-0.170796045838,4050504,24315,5689791,5980998,-1998840,-4338281,1399434,-1756713,2563647,0,0
1,30.065000000000,21.656799147327,158,2026-09-04T19:19:27Z,-127359.983135999995,158000,263,4056482.343316549435,22315.461418826515,5685449.228700002655,5976.000012268287,-1999.739240776521,-4344.932603693451,311.260650014042,20.837680371551,1397695.148891095072,-1720.596420481019,2510.940198370320,41,7168041,2502.441406250000,-8.498792120320,4056482,22315,5685449,5976000,-1999739,-4344933,1397695,-1720596,2510940,0,0
1,30.065000000000,21.656799147327,159,2026-09-04T19:19:28Z,-127358.983135999995,159000,264,4062455.884456615895,20315.254914898767,5681100.995343788527,5970.994995371711,-2000.635199865244,-4351.579309339286,310.935679849747,20.876194691926,1395992.695811199723,-1684.342700033648,2458.033588238971,40,7168040,2441.406250000000,-16.627338238971,4062456,20315,5681101,5970995,-2000635,-4351579,1395993,-1684343,2458034,0,0
1,30.065000000000,21.656799147327,160,2026-09-04T19:19:29Z,-127357.983135999995,160000,265,4068424.417120069731,18314.153902239988,5676746.117673750967,5965.982735974194,-2001.528106066658,-4358.221176555162,310.609749190689,20.913875868702,1394326.564074063208,-1647.954518195388,2404.930752829286,39,7168039,2380.371093750000,-24.559659079286,4068424,18314,5676746,5965983,-2001528,-4358221,1394327,-1647955,2404931,0,0
1,30.065000000000,21.656799147327,161,2026-09-04T19:19:30Z,-127356.983135999995,161000,266,4074387.934067896102,16312.161434471605,5672384.600531478412,5960.963239920602,-2002.417957920089,-4364.858197046487,310.282874882984,20.950715190553,1392696.887017092900,-1611.434132172514,2351.634986179255,39,7168039,2380.371093750000,28.736107570745,4074388,16312,5672385,5960963,-2002418,-4364858,1392697,-1611434,2351635,0,0
1,30.065000000000,21.656799147327,162,2026-09-04T19:19:31Z,-127355.983135999995,162000,267,4080346.428065806162,14309.280567224432,5668016.448767684400,5955.936513062625,-2003.304752234957,-4371.490362519580,309.955074115004,20.986704067233,1391103.795696602203,-1574.783848515630,2298.149654337161,38,7168038,2319.335937500000,21.186283162839,4080346,14309,5668016,5955937,-2003305,-4371490,1391104,-1574784,2298150,0,0
1,30.065000000000,21.656799147327,163,2026-09-04T19:19:32Z,-127354.983135999995,163000,268,4086299.891887104604,12305.514358589267,5663641.667240076698,5950.902561266957,-2004.188487793851,-4378.117664685305,309.626364414022,21.021834035001,1389547.418838132173,-1538.006019910044,2244.478190677645,37,7168037,2258.300781250000,13.822590572355,4086300,12306,5663642,5950903,-2004188,-4378118,1389547,-1538006,2244478,0,0
1,30.065000000000,21.656799147327,164,2026-09-04T19:19:33Z,-127353.983135999995,164000,269,4092248.318308582529,10300.865869016739,5659260.260816410184,5945.861390403934,-2005.069160947112,-4384.740095255438,309.296763642913,21.056096761921,1388027.882791297976,-1501.103047993491,2190.624100013725,36,7168036,2197.265625000000,6.641524986275,4092248,10301,5659260,5945861,-2005069,-4384740,1388028,-1501103,2190624,0,0
1,30.065000000000,21.656799147327,165,2026-09-04T19:19:34Z,-127352.983135999995,165000,270,4098191.700114976615,8295.338161204840,5654872.234371202067,5940.813006359349,-2005.946771303055,-4391.357645953576,308.966289996142,21.089484053257,1386545.311480712611,-1464.077378561426,2136.590951599669,35,7168035,2136.230468750000,-0.360482849669,4098192,8295,5654872,5940813,-2005947,-4391358,1386545,-1464077,2136591,0,0
1,30.065000000000,21.656799147327,166,2026-09-04T19:19:35Z,-127351.983135999995,166000,271,4104130.030096122995,6288.934299506757,5650477.592787812464,5935.757415028093,-2006.821314519859,-4397.970308503318,308.634961995826,21.121987856729,1385099.826361565385,-1426.931506415044,2082.382386205932,34,7168034,2075.195312500000,-7.187073705932,4104130,6289,5650478,5935757,-2006821,-4397970,1385100,-1426932,2082382,0,0
1,30.065000000000,21.656799147327,167,2026-09-04T19:19:36Z,-127350.983135999995,167000,272,4110063.301047262736,4281.657351482758,5646076.340958244167,5930.694622312330,-2007.692790101927,-4404.578074633719,308.302798487396,21.153600267814,1383691.546372552635,-1389.667968913820,2028.002106710089,33,7168033,2014.160156250000,-13.841950460089,4110063,4282,5646076,5930695,-2007693,-4404578,1383692,-1389668,2028002,0,0
1,30.065000000000,21.656799147327,168,2026-09-04T19:19:37Z,-127349.983135999995,168000,273,4115991.505770036485,2273.510386320696,5641668.483782403171,5925.624634128326,-2008.561194644023,-4411.180936081109,307.969818634878,21.184313534955,1382320.587891445030,-1352.289350414514,1973.453884574875,32,7168032,1953.125000000000,-20.328884574875,4115992,2274,5641668,5925625,-2008561,-4411181,1382321,-1352289,1973454,0,0
1,30.065000000000,21.656799147327,169,2026-09-04T19:19:38Z,-127348.983135999995,169000,274,4121914.637073083315,264.496475022095,5637254.026167656295,5920.547456400527,-2009.426526848073,-4417.778884580912,307.636041915948,21.214120064748,1380987.064690210158,-1314.798277803185,1918.741553327847,31,7168031,1892.089843750000,-26.651709577847,4121915,264,5637254,5920547,-2009427,-4417779,1380987,-1314798,1918742,0,0
1,30.065000000000,21.656799147327,170,2026-09-04T19:19:39Z,-127347.983135999995,170000,275,4127832.687768297736,-1745.381307477523,5632832.973031600937,5915.463095063387,-2010.288783429746,-4424.371911877643,307.301488116956,21.243012427059,1379691.087891413597,-1277.197422919156,1863.869012098799,31,7168031,1892.089843750000,28.220831651201,4127833,-1745,5632833,5915463,-2010289,-4424372,1379691,-1277197,1863869,0,0
1,30.065000000000,21.656799147327,171,2026-09-04T19:19:40Z,-127346.983135999995,171000,276,4133745.650676380843,-3756.119886244081,5628405.329297970980,5910.371556060454,-2011.147963454839,-4430.960009723094,306.966177327088,21.270983360073,1378432.765925515443,-1239.489498465424,1808.840219651633,30,7168030,1831.054687500000,22.214467848367,4133746,-3756,5628405,5910372,-2011148,-4430960,1378433,-1239489,1808840,0,0
1,30.065000000000,21.656799147327,172,2026-09-04T19:19:41Z,-127345.983135999995,172000,277,4139653.518621878698,-5767.716182698182,5623971.099900298752,5905.272845351647,-2012.004063529278,-4437.543169867240,306.630129932926,21.298025775297,1377212.204488166608,-1201.677260922100,1753.659198636074,29,7168029,1770.019531250000,16.360332613926,4139654,-5768,5623971,5905273,-2012004,-4437543,1377212,-1201677,1753659,0,0
1,30.065000000000,21.656799147327,173,2026-09-04T19:19:42Z,-127344.983135999995,173000,278,4145556.284436435904,-7780.167116249098,5619530.289779515937,5900.166968896883,-2012.857082142065,-4444.121384072787,306.293366612209,21.324132762483,1376029.506498445291,-1163.763506394388,1698.330029528443,28,7168028,1708.984375000000,10.654345471557,4145556,-7780,5619530,5900167,-2012857,-4444121,1376030,-1163764,1698330,0,0
1,30.065000000000,21.656799147327,174,2026-09-04T19:19:43Z,-127343.983135999995,174000,279,4151453.940957030747,-9793.469604264435,5615082.903885264881,5895.053932673363,-2013.707016610470,-4450.694644095165,305.955908327614,21.349297594441,1374884.772059021518,-1125.751072089667,1642.856852787235,27,7168027,1647.949218750000,5.092365962765,4151454,-9793,5615083,5895054,-2013707,-4450695,1374885,-1125751,1642857,0,0
1,30.065000000000,21.656799147327,175,2026-09-04T19:19:44Z,-127342.983135999995,175000,280,4157346.481027361937,-11807.620562111988,5610628.947174869478,5889.933742667381,-2014.553865081460,-4457.262941708905,305.617776320098,21.373513731805,1373778.098415800836,-1087.642833895313,1587.243865318318,26,7168026,1586.914062500000,-0.329802818318,4157346,-11808,5610629,5889934,-2014554,-4457263,1373778,-1087643,1587244,0,0
1,30.065000000000,21.656799147327,176,2026-09-04T19:19:45Z,-127341.983135999995,176000,281,4163233.897496568505,-13822.616902449672,5606168.424614282325,5884.806404871597,-2015.397625234195,-4463.826268683988,305.278992102123,21.396774827684,1372709.579919101670,-1049.441706441813,1531.495320567048,25,7168025,1525.878906250000,-5.616414317048,4163234,-13823,5606168,5884806,-2015398,-4463826,1372710,-1049442,1531495,0,0
1,30.065000000000,21.656799147327,177,2026-09-04T19:19:46Z,-127340.983135999995,177000,282,4169116.183219707571,-15838.455536061638,5601701.341177748516,5879.671925295952,-2016.238294871384,-4470.384616799493,304.939577450508,21.419074732203,1371679.307986188447,-1011.150641687086,1475.615526452303,24,7168024,1464.843750000000,-10.771776452303,4169116,-15838,5601701,5879672,-2016238,-4470385,1371679,-1011151,1475616,0,0
1,30.065000000000,21.656799147327,178,2026-09-04T19:19:47Z,-127339.983135999995,178000,283,4174993.331058369018,-17855.133371568802,5597227.701847330667,5874.530309951297,-2017.075872036567,-4476.937977835405,304.599554399024,21.440407496965,1370687.371063853847,-972.772627817340,1419.608843762461,23,7168023,1403.808593750000,-15.800250012461,4174993,-17855,5597228,5874530,-2017076,-4476938,1370687,-972773,1419609,0,0
1,30.065000000000,21.656799147327,179,2026-09-04T19:19:48Z,-127338.983135999995,179000,284,4180865.333879344631,-19872.647315166432,5592747.511613921262,5869.381564870309,-2017.910353829226,-4483.486343582626,304.258945230843,21.460767379379,1369733.854592893971,-934.310689153795,1363.479686019270,22,7168022,1342.773437500000,-20.706248519270,4180865,-19873,5592748,5869382,-2017910,-4483486,1369734,-934311,1363480,0,0
1,30.065000000000,21.656799147327,180,2026-09-04T19:19:49Z,-127337.983135999995,180000,285,4186732.184556730092,-21890.994271230851,5588260.775475666858,5864.225696078393,-2018.741738776551,-4490.029705830239,303.917772470544,21.480148846879,1368818.840972827049,-895.767883216619,1307.232515193130,21,7168021,1281.738281250000,-25.494233943130,4186732,-21891,5588261,5864226,-2018742,-4490030,1368819,-895768,1307233,0,0
1,30.065000000000,21.656799147327,181,2026-09-04T19:19:50Z,-127336.983135999995,181000,286,4192593.875968765002,-23910.171141763272,5583767.498440346681,5859.062709630962,-2019.570024462372,-4496.568056376418,303.576058876172,21.498546581001,1367942.409529015655,-857.147301503901,1250.871842839878,20,7168020,1220.703125000000,-30.168717839878,4192594,-23910,5583767,5859063,-2019570,-4496568,1367942,-857147,1250872,0,0
1,30.065000000000,21.656799147327,182,2026-09-04T19:19:51Z,-127335.983135999995,182000,287,4198450.401001768187,-25930.174826107457,5579267.685522388667,5853.892611578885,-2020.395208710326,-4503.101387024799,303.233827430680,21.515955481391,1367104.636478123954,-818.452067415061,1194.402227070333,20,7168020,1220.703125000000,26.300897929667,4198450,-25930,5579268,5853893,-2020395,-4503101,1367105,-818452,1194402,0,0
1,30.065000000000,21.656799147327,183,2026-09-04T19:19:52Z,-127334.983135999995,183000,288,4204301.752546431497,-27951.002221770766,5574761.341745720245,5848.715407991222,-2021.217289349742,-4509.629689580834,302.891101333533,21.532370669571,1366305.594898806652,-779.685335294068,1137.828271154022,19,7168019,1159.667968750000,21.839697595978,4204302,-27951,5574761,5848715,-2021217,-4509630,1366306,-779685,1137828,0,0
1,30.065000000000,21.656799147327,184,2026-09-04T19:19:53Z,-127333.983135999995,184000,289,4210147.923501015641,-29972.650225136073,5570248.472141288221,5843.531104940666,-2022.036264335359,-4516.152955856342,302.547903991721,21.547787492646,1365545.354700587923,-740.850289127839,1081.154621619699,18,7168018,1098.632812500000,17.478190880301,4210148,-29973,5570248,5843531,-2022036,-4516153,1365545,-740850,1081155,0,0
1,30.065000000000,21.656799147327,185,2026-09-04T19:19:54Z,-127332.983135999995,185000,290,4215988.906768820249,-31995.115728559587,5565729.081749022007,5838.339708518106,-2022.852131144951,-4522.671177670418,302.204259010925,21.562201526877,1364823.982593474444,-701.950141828403,1024.385967207776,17,7168017,1037.597656250000,13.211689042224,4215989,-31995,5565729,5838340,-2022852,-4522671,1364824,-701950,1024386,0,0
1,30.065000000000,21.656799147327,186,2026-09-04T19:19:55Z,-127331.983135999995,186000,291,4221824.695259222761,-34018.395623664619,5561203.175617062487,5833.141224816245,-2023.664887982129,-4529.184346843977,301.860190186183,21.575608581004,1364141.542062225519,-662.988133021207,967.527035642698,16,7168016,976.562500000000,9.035464357302,4221825,-34018,5561203,5833141,-2023665,-4529184,1364142,-662988,967527,0,0
1,30.065000000000,21.656799147327,187,2026-09-04T19:19:56Z,-127330.983135999995,187000,292,4227655.281888459809,-36042.486799074824,5556670.758801114745,5827.935659941431,-2024.474532573294,-4535.692455203389,301.515721492464,21.588004699535,1363498.093337578466,-623.967528727414,910.582593169317,15,7168015,915.527343750000,4.944750580683,4227655,-36042,5556671,5827936,-2024475,-4535692,1363498,-623968,910583,0,0
1,30.065000000000,21.656799147327,188,2026-09-04T19:19:57Z,-127329.983135999995,188000,293,4233480.659577965736,-38067.386142068404,5552131.836365771480,5822.723020010017,-2025.281062771718,-4542.195494582302,301.170877075118,21.599386165762,1362893.693372859852,-584.891619599040,853.557441977343,14,7168014,854.492187500000,0.934745522657,4233481,-38067,5552132,5822723,-2025281,-4542195,1362894,-584892,853557,0,0
1,30.065000000000,21.656799147327,189,2026-09-04T19:19:58Z,-127328.983135999995,189000,294,4239300.821256196126,-40093.090536719879,5547586.413383082487,5817.503311148357,-2026.084476553805,-4548.693456815272,300.825681240018,21.609749504715,1362328.395817725919,-545.763719588076,796.456418259139,13,7168013,793.457031250000,-2.999387009139,4239301,-40093,5547586,5817503,-2026084,-4548693,1362328,-545764,796456,0,0
1,30.065000000000,21.656799147327,190,2026-09-04T19:19:59Z,-127327.983135999995,190000,295,4245115.759857143275,-42119.596866122651,5543034.494933707640,5812.276539497361,-2026.884771540523,-4555.186333748679,300.480158443644,21.619091485833,1361802.250997772906,-506.587164998323,739.284390826024,12,7168012,732.421875000000,-6.862515826024,4245116,-42120,5543034,5812277,-2026885,-4555186,1361802,-506587,739284,0,0
1,30.065000000000,21.656799147327,191,2026-09-04T19:20:00Z,-127326.983135999995,191000,296,4250925.468321092427,-44146.902010178717,5538476.086106365547,5807.042711196118,-2027.681945596605,-4561.674117225266,300.134333282954,21.627409125577,1361315.305891122436,-467.365312632959,682.046258404939,11,7168011,671.386718750000,-10.659539654939,4250925,-44147,5538476,5807043,-2027682,-4561674,1361315,-467365,682046,0,0
1,30.065000000000,21.656799147327,192,2026-09-04T19:20:01Z,-127325.983135999995,192000,297,4256729.939594144002,-46175.002847414005,5533911.191998168826,5801.801832409183,-2028.475996713702,-4568.156799099597,299.788230485109,21.634699689758,1360867.604110021144,-428.101538507527,624.746947760250,10,7168010,610.351562500000,-14.395385260250,4256730,-46175,5533911,5801802,-2028476,-4568157,1360868,-428102,624747,0,0
1,30.065000000000,21.656799147327,193,2026-09-04T19:20:02Z,-127324.983135999995,193000,298,4262529.166629505344,-48203.896253898842,5529339.817713629454,5796.553909292925,-2029.266923129924,-4574.634371228967,299.441874897009,21.640960695770,1360459.185880919918,-388.799236338681,567.391411488320,9,7168009,549.316406250000,-18.075005238320,4262529,-48204,5529340,5796554,-2029267,-4574634,1360459,-388799,567391,0,0
1,30.065000000000,21.656799147327,194,2026-09-04T19:20:03Z,-127323.983135999995,194000,299,4268323.142385152169,-50233.579103894539,5524761.968366503716,5791.298948032818,-2030.054721877761,-4581.106825472489,299.095291474868,21.646189914562,1360090.088028632337,-349.461817305932,509.984627669803,8,7168008,488.281250000000,-21.703377669803,4268323,-50234,5524762,5791299,-2030055,-4581107,1360090,-349462,509985,0,0
1,30.065000000000,21.656799147327,195,2026-09-04T19:20:04Z,-127322.983135999995,195000,300,4274111.859826935455,-52264.048268833678,5520177.649077344686,5786.036954806150,-2030.839391688978,-4587.574153704736,298.748505273398,21.650385372508,1359760.343958656071,-310.092706257951,452.531594333350,7,7168007,427.246093750000,-25.285500583350,4274112,-52264,5520178,5786037,-2030839,-4587574,1359760,-310093,452532,0,0
1,30.065000000000,21.656799147327,196,2026-09-04T19:20:05Z,-127321.983135999995,196000,301,4279895.311924895272,-54295.300618898720,5515586.864976403303,5780.767935822041,-2031.620929968362,-4594.036347792098,298.401541435224,21.653545352967,1359469.983645401895,-270.695342709207,395.037330910032,6,7168006,366.210937500000,-28.826393410032,4279895,-54295,5515587,5780768,-2031621,-4594036,1359470,-270695,395037,0,0
1,30.065000000000,21.656799147327,197,2026-09-04T19:20:06Z,-127320.983135999995,197000,302,4285673.491657289676,-56327.333021422834,5510989.621200487018,5775.491897271422,-2032.399334851604,-4600.493399615516,298.054425179823,21.655668397787,1359219.033616694389,-231.273177700599,337.506873651945,6,7168006,366.210937500000,28.704063848055,4285673,-56327,5510990,5775492,-2032399,-4600493,1359219,-231273,337507,0,0
1,30.065000000000,21.656799147327,198,2026-09-04T19:20:07Z,-127319.983135999995,198000,303,4291446.392007007264,-58360.142342017716,5506385.922895737924,5770.208845385241,-2033.174603872020,-4606.945301055930,297.707181792754,21.656753308489,1359007.516944478499,-191.829673409090,279.945275062513,5,7168005,305.175781250000,25.230506187487,4291446,-58360,5506386,5770209,-2033175,-4606945,1359008,-191830,279945,0,0
1,30.065000000000,21.656799147327,199,2026-09-04T19:20:08Z,-127318.983135999995,199000,304,4297214.005964264274,-60393.725444286232,5501775.775215551257,5764.918786383532,-2033.946735297640,-4613.392044002467,297.359836614500,21.656799147327,1358835.453233828302,-152.368300560939,222.357600121517,4,7168004,244.140625000000,21.783024878483,4297214,-60394,5501776,5764919,-2033947,-4613392,1358835,-152368,222358,0,0
1,30.065000000000,21.656799147327,200,2026-09-04T19:20:09Z,-127317.983135999995,200000,305,4302976.326525038108,-62428.079189711105,5497159.183321792632,5759.621726499972,-2034.715726914101,-4619.833620347890,297.012415029477,21.655805238124,1358702.858614958357,-112.892537928624,164.748925550932,3,7168003,183.105468750000,18.356543199068,4302976,-62428,5497159,5759622,-2034716,-4619834,1358703,-112893,164749,0,0
1,30.065000000000,21.656799147327,201,2026-09-04T19:20:10Z,-127316.983135999995,201000,306,4308733.346691071987,-64463.200437181964,5492536.152384813875,5754.317671985518,-2035.481576633480,-4626.270021992241,296.664942454910,21.653771166914,1358609.745735931210,-73.405870329118,107.124336893722,2,7168002,122.070312500000,14.945975606278,4308733,-64463,5492536,5754318,-2035482,-4626270,1358610,-73406,107124,0,0
1,30.065000000000,21.656799147327,202,2026-09-04T19:20:11Z,-127315.983135999995,202000,307,4314485.059470980428,-66499.086044054842,5487906.687582565472,5749.006629094765,-2036.244282372238,-4632.701240838287,296.317444329593,21.650696782361,1358556.123757796828,-33.911787199197,49.488926434729,1,7168001,61.035156250000,11.546229815271,4314485,-66499,5487907,5749007,-2036244,-4632701,1358556,-33912,49489,0,0
1,30.065000000000,21.656799147327,203,2026-09-04T19:20:12Z,-127314.983135999995,203000,308,4320231.457879786380,-68535.732865399565,5483270.794100971892,5743.688604089584,-2037.003842051760,-4639.127268793345,295.969946102744,21.646582196006,1358541.998350265203,5.586218918758,-8.152209009062,0,7168000,0.000000000000,8.152209009062,4320231,-68536,5483271,5743689,-2037004,-4639127,1358542,5586,-8152,0,0
1,30.065000000000,21.656799147327,204,2026-09-04T19:20:13Z,-127313.983135999995,204000,309,4325972.534938325174,-70573.137754445983,5478628.477134405635,5738.363603250036,-2037.760253721359,-4645.548097773826,295.622473222830,21.641427782275,1358567.371689894702,45.084653995931,-65.793970451451,-1,7167999,-61.035156250000,4.758814201451,4325973,-70573,5478628,5738364,-2037760,-4645548,1358567,45085,-65794,0,0
1,30.065000000000,21.656799147327,205,2026-09-04T19:20:14Z,-127312.983135999995,205000,310,4331708.283673703671,-72611.297561979591,5473979.741885331459,5733.031632868915,-2038.513514942636,-4651.963719698870,295.275051126349,21.635234178318,1358632.242458636174,84.580023537320,-123.431258225908,-2,7167998,-122.070312500000,1.360945725908,4331708,-72611,5473980,5733032,-2038514,-4651964,1358632,84580,-123431,0,0
1,30.065000000000,21.656799147327,206,2026-09-04T19:20:15Z,-127311.983135999995,206000,311,4337438.697119646706,-74650.209136939215,5469324.593564027920,5727.692699229920,-2039.263624143175,-4658.374126492163,294.927705226625,21.628002283621,1358736.605844927020,124.068835222137,-181.058975838828,-3,7167997,-183.105468750000,-2.046492911172,4337439,-74650,5469325,5727693,-2039264,-4658374,1358737,124069,-181059,0,0
1,30.065000000000,21.656799147327,207,2026-09-04T19:20:16Z,-127310.983135999995,207000,312,4343163.768315972760,-76689.869326263797,5464663.037388996221,5722.346808648581,-2040.010578646715,-4664.779310081940,294.580460902675,21.619733259417,1358880.453545930795,163.547598799638,-238.672029817514,-4,7167996,-244.140625000000,-5.468595182486,4343164,-76690,5464663,5722347,-2040011,-4664779,1358880,163548,-238672,0,0
1,30.065000000000,21.656799147327,208,2026-09-04T19:20:17Z,-127309.983135999995,208000,313,4348883.490308562294,-78730.274974388056,5459995.078587036580,5716.993967430426,-2040.754377261607,-4671.179262405531,294.233343488098,21.610428527912,1359063.773770888336,203.012829741989,-296.265335040952,-5,7167995,-305.175781250000,-8.910446209048,4348883,-78730,5459995,5716994,-2040754,-4671179,1359064,203013,-296265,0,0
1,30.065000000000,21.656799147327,209,2026-09-04T19:20:18Z,-127308.983135999995,209000,314,4354597.856150187552,-80771.422924236118,5455320.722392513417,5711.634181912814,-2041.495017072720,-4677.573975403902,293.886378259945,21.600089771279,1359286.551246949239,242.461048114643,-353.833813091309,-6,7167994,-366.210937500000,-12.377124408691,4354598,-80771,5455321,5711634,-2041495,-4677574,1359287,242461,-353834,0,0
1,30.065000000000,21.656799147327,210,2026-09-04T19:20:19Z,-127307.983135999995,210000,315,4360306.858899972402,-82813.310016692529,5450639.974047842436,5706.267458422190,-2042.232496652602,-4683.963441019841,293.539590427747,21.588718930480,1359548.767225683434,281.888782740035,-411.372398330199,-7,7167993,-427.246093750000,-15.873695419801,4360307,-82813,5450640,5706267,-2042232,-4683963,1359549,281889,-411372,0,0
1,30.065000000000,21.656799147327,211,2026-09-04T19:20:20Z,-127306.983135999995,211000,316,4366010.491622277535,-84855.933089896571,5445952.838804374449,5700.893803315921,-2042.966813340357,-4690.347651206139,293.193005122645,21.576318203886,1359850.399491020711,321.292570429070,-468.876036777143,-8,7167992,-488.281250000000,-19.405213222857,4366010,-84856,5445953,5700894,-2042967,-4690348,1359850,321293,-468876,0,0
1,30.065000000000,21.656799147327,212,2026-09-04T19:20:21Z,-127305.983135999995,212000,317,4371708.747389202937,-86899.288980734709,5441259.321920382790,5695.513222934096,-2043.697965967766,-4696.726597921042,292.846647386391,21.562890045676,1360191.422369658481,360.668959758536,-526.339691622127,-9,7167991,-549.316406250000,-22.976714627873,4371709,-86899,5441259,5695513,-2043698,-4696727,1360191,360669,-526340,0,0
1,30.065000000000,21.656799147327,213,2026-09-04T19:20:22Z,-127304.983135999995,213000,318,4377401.619278311729,-88943.374523788458,5436559.428662913851,5690.125723656820,-2044.425951509666,-4703.100273121890,292.500542160727,21.548437164076,1360571.806742002256,400.014509750672,-583.758341298629,-10,7167990,-610.351562500000,-26.593221201371,4377402,-88943,5436559,5690126,-2044426,-4703100,1360572,400015,-583758,0,0
1,30.065000000000,21.656799147327,214,2026-09-04T19:20:23Z,-127303.983135999995,214000,319,4383089.100374409929,-90988.186551505816,5431853.164306315593,5684.731311844189,-2045.150768808824,-4709.468668781483,292.154714276642,21.532962519393,1360991.520054607186,439.325794449060,-641.126986161419,-11,7167989,-671.386718750000,-30.259732588581,4383089,-90988,5431853,5684731,-2045151,-4709469,1360992,439326,-641127,0,0
1,30.065000000000,21.656799147327,215,2026-09-04T19:20:24Z,-127302.983135999995,215000,320,4388771.183767044917,-93033.721894057744,5427140.534134333953,5679.329993896317,-2045.872415220572,-4715.831776866253,291.809188443992,21.516469321853,1361450.526334838476,478.599401569650,-698.440646517938,-11,7167989,-671.386718750000,27.053927767938,4388771,-93034,5427141,5679330,-2045872,-4715832,1361451,478599,-698441,0,0
1,30.065000000000,21.656799147327,216,2026-09-04T19:20:25Z,-127301.983135999995,216000,321,4394447.862553783692,-95079.977380466429,5422421.543437371962,5673.921776186035,-2046.590889601035,-4722.189589356276,291.463989240906,21.498961029251,1361948.786206698278,517.831936447777,-755.694368388356,-12,7167988,-732.421875000000,23.272493388356,4394448,-95080,5422422,5673922,-2046591,-4722190,1361949,517832,-755694,0,0
1,30.065000000000,21.656799147327,217,2026-09-04T19:20:26Z,-127300.983135999995,217000,322,4400119.129838170484,-97126.949836735468,5417696.197514210828,5668.506665160749,-2047.306188188031,-4728.542098236176,291.119141103671,21.480441344462,1362486.256906814873,557.020020007081,-812.883220541519,-13,7167987,-793.457031250000,19.426189291519,4400119,-97127,5417696,5668507,-2047306,-4728542,1362486,557020,-812883,0,0
1,30.065000000000,21.656799147327,218,2026-09-04T19:20:27Z,-127299.983135999995,218000,323,4405784.978729530238,-99174.636087669409,5412964.501672156155,5663.084667181465,-2048.018311223927,-4734.889295493304,290.774668316622,21.460914212703,1363062.892304475186,596.160295707865,-870.002304634999,-14,7167986,-854.492187500000,15.510117134999,4405785,-99175,5412965,5663085,-2048018,-4734889,1363063,596160,-870002,0,0
1,30.065000000000,21.656799147327,219,2026-09-04T19:20:28Z,-127298.983135999995,219000,324,4411445.402344670147,-101223.032955511924,5408226.461225643754,5657.655788721058,-2048.727254702726,-4741.231173120468,290.430595002122,21.440383818693,1363678.642920023529,635.249424032137,-927.046747166867,-15,7167985,-915.527343750000,11.519403416867,4411445,-101223,5408226,5657656,-2048727,-4741231,1363679,635249,-927047,0,0
1,30.065000000000,21.656799147327,220,2026-09-04T19:20:29Z,-127297.983135999995,220000,325,4417100.393805602565,-103272.137260759308,5403482.081498129293,5652.220036176004,-2049.433018128823,-4747.567723120483,290.086945110920,21.418854583589,1364333.455947260838,674.284090333780,-984.011710931796,-16,7167984,-976.562500000000,7.449210931796,4417100,-103272,5403482,5652220,-2049433,-4747568,1364333,674284,-984012,0,0
1,30.065000000000,21.656799147327,221,2026-09-04T19:20:30Z,-127296.983135999995,221000,326,4422749.946241858415,-105321.945821613626,5398731.367820153013,5646.777416016448,-2050.135598505051,-4753.898937494341,289.743742412432,21.396331161797,1365027.275275137508,713.261001162144,-1040.892389655907,-17,7167983,-1037.597656250000,3.294733405907,4422750,-105322,5398731,5646777,-2050136,-4753899,1365027,713261,-1040892,0,0
1,30.065000000000,21.656799147327,222,2026-09-04T19:20:31Z,-127295.983135999995,222000,327,4428394.052788343281,-107372.455454966184,5393974.325531149283,5641.327934679794,-2050.834994470378,-4760.224808255771,289.401010485467,21.372818437575,1365760.041512949159,752.176889035169,-1097.684014962399,-18,7167982,-1098.632812500000,-0.948797537601,4428394,-107372,5393974,5641328,-2050835,-4760225,1365760,752177,-1097684,0,0
1,30.065000000000,21.656799147327,223,2026-09-04T19:20:32Z,-127294.983135999995,223000,328,4434032.706587777473,-109423.662974616658,5389210.959977412596,5635.871598645281,-2051.531203536413,-4766.545327416679,289.058772708899,21.348321521562,1366531.692013645777,791.028511436996,-1154.381854908724,-19,7167981,-1159.667968750000,-5.286113841276,4434033,-109424,5389211,5635872,-2051531,-4766545,1366532,791029,-1154382,0,0
1,30.065000000000,21.656799147327,224,2026-09-04T19:20:33Z,-127293.983135999995,224000,329,4439665.900788282976,-111475.565193706614,5384441.276514088735,5630.408414378508,-2052.224223975443,-4772.860487003527,288.717052252804,21.322845747038,1367342.160902851261,829.812653654338,-1210.981218125816,-20,7167980,-1220.703125000000,-9.721906874184,4439666,-111476,5384441,5630408,-2052224,-4772860,1367342,829813,-1210981,0,0
1,30.065000000000,21.656799147327,225,2026-09-04T19:20:34Z,-127292.983135999995,225000,330,4445293.628544636071,-113528.158922307412,5379665.280504165217,5624.938388357805,-2052.914054064914,-4779.170279036407,288.375872069629,21.296396666167,1368191.379104408203,868.526129404550,-1267.477454734671,-21,7167979,-1281.738281250000,-14.260826515329,4445294,-113528,5379665,5624938,-2052914,-4779170,1368191,868526,-1267477,0,0
1,30.065000000000,21.656799147327,226,2026-09-04T19:20:35Z,-127291.983135999995,226000,331,4450915.883018355817,-115581.440969618867,5374882.977318364196,5619.461527083331,-2053.600691456581,-4785.474695553603,288.035254885623,21.268980045991,1369079.274371253559,907.165781509419,-1323.865957329623,-22,7167978,-1342.773437500000,-18.907480170377,4450916,-115581,5374883,5619462,-2053601,-4785475,1369079,907166,-1323866,0,0
1,30.065000000000,21.656799147327,227,2026-09-04T19:20:36Z,-127290.983135999995,227000,332,4456532.657377508469,-117635.408141229971,5370094.372335368767,5613.977837057064,-2054.284134310009,-4791.773728590670,287.695223192542,21.240601864396,1370005.771313386969,945.728484049385,-1380.142164122107,-23,7167977,-1403.808593750000,-23.666429627893,4456533,-117635,5370094,5613978,-2054284,-4791774,1370006,945728,-1380142,0,0
1,30.065000000000,21.656799147327,228,2026-09-04T19:20:37Z,-127289.983135999995,228000,333,4462143.944796017371,-119690.057242351657,5365299.470942312852,5608.487324786438,-2054.964380792342,-4798.067370190438,287.355799239591,21.211268305820,1370970.791432082653,984.211143093111,-1436.301560005342,-24,7167976,-1464.843750000000,-28.542189994658,4462144,-119690,5365299,5608487,-2054964,-4798067,1370971,984211,-1436302,0,0
1,30.065000000000,21.656799147327,229,2026-09-04T19:20:38Z,-127288.983135999995,229000,334,4467749.738454804756,-121745.385075236496,5360498.278533919714,5602.989996810720,-2055.641428566801,-4804.355612401196,287.017005025527,21.180985756975,1371974.253150126431,1022.610697402597,-1492.339677583338,-24,7167976,-1464.843750000000,27.495927583338,4467750,-121745,5360498,5602990,-2055641,-4804356,1371974,1022611,-1492340,0,0
1,30.065000000000,21.656799147327,230,2026-09-04T19:20:39Z,-127287.983135999995,230000,335,4473350.031541757286,-123801.388440826107,5355690.800512474962,5597.485859644621,-2056.315276189920,-4810.638447280326,286.678862291063,21.149760802343,1373016.071846882813,1060.924120710564,-1548.252100494376,-25,7167975,-1525.878906250000,22.373194244376,4473350,-123801,5355691,5597486,-2056315,-4810638,1373016,1060924,-1548252,0,0
1,30.065000000000,21.656799147327,231,2026-09-04T19:20:40Z,-127286.983135999995,231000,336,4478944.817250841297,-125858.064137849971,5350877.042288580909,5591.974919841050,-2056.985921207371,-4816.915866884301,286.341392511585,21.117600219633,1374096.159892393975,1099.148421172646,-1604.034462611573,-26,7167974,-1586.914062500000,17.120400111573,4478945,-125858,5350877,5591975,-2056986,-4816916,1374096,1099148,-1604034,0,0
1,30.065000000000,21.656799147327,232,2026-09-04T19:20:41Z,-127285.983135999995,232000,337,4484534.088782253675,-127915.408963120688,5346057.009281047620,5586.457183946550,-2057.653362058858,-4823.187863282328,286.004616890064,21.084510975098,1375214.426683408907,1137.280644013660,-1659.682451904698,-27,7167973,-1647.949218750000,11.733233154698,4484534,-127915,5346057,5586457,-2057653,-4823188,1375214,1137281,-1659682,0,0
1,30.065000000000,21.656799147327,233,2026-09-04T19:20:42Z,-127284.983135999995,233000,338,4490117.839342940599,-129973.419711191018,5341230.706916467287,5580.932658524944,-2058.317596680638,-4829.454428541794,285.668556350213,21.050500218774,1376370.778679847484,1175.317871347865,-1715.191810177864,-28,7167972,-1708.984375000000,6.207435177864,4490118,-129973,5341231,5580933,-2058318,-4829454,1376371,1175318,-1715192,0,0
1,30.065000000000,21.656799147327,234,2026-09-04T19:20:43Z,-127283.983135999995,234000,339,4495696.062146964483,-132032.093175224552,5336398.140628854744,5575.401350145512,-2058.978623268473,-4835.715554742819,285.333231529915,21.015575279600,1377565.119443301577,1213.257223791996,-1770.558335423495,-29,7167971,-1770.019531250000,0.538804173495,4495696,-132032,5336398,5575401,-2058979,-4835716,1377565,1213257,-1770558,0,0
1,30.065000000000,21.656799147327,235,2026-09-04T19:20:44Z,-127282.983135999995,235000,340,4501268.750414689071,-134091.426146254467,5331559.315860413015,5569.863265397544,-2059.636439512047,-4841.971233965523,284.998662774994,20.979743660484,1378797.349675267935,1251.095860742024,-1825.777882226228,-30,7167970,-1831.054687500000,-5.276805273772,4501269,-134091,5331559,5569863,-2059636,-4841971,1378797,1251096,-1825778,0,0
1,30.065000000000,21.656799147327,236,2026-09-04T19:20:45Z,-127281.983135999995,236000,341,4506835.897372289561,-136151.415413011739,5326714.238061895594,5564.318410867600,-2060.291043744257,-4848.221458297303,284.664870133250,20.943013033279,1380067.367256664671,1288.830982243076,-1880.846364491750,-31,7167969,-1892.089843750000,-11.243479258250,4506836,-136151,5326714,5564318,-2060291,-4848221,1380067,1288831,-1880846,0,0
1,30.065000000000,21.656799147327,237,2026-09-04T19:20:46Z,-127280.983135999995,237000,342,4512397.496253168210,-138212.057762895653,5321862.912691429257,5558.766793147697,-2060.942434304280,-4854.466219836468,284.331873348641,20.905391233670,1381375.067289090715,1326.459829314512,-1935.759755921208,-32,7167968,-1953.125000000000,-17.365244078792,4512397,-138212,5321863,5558767,-2060942,-4854466,1381375,1326460,-1935760,0,0
1,30.065000000000,21.656799147327,238,2026-09-04T19:20:47Z,-127279.983135999995,238000,343,4517953.540297885425,-140273.349981430976,5317005.345214546658,5553.208418857139,-2061.590609024051,-4860.705510679509,283.999691855850,20.866886256019,1382720.342135756277,1363.979684341954,-1990.514090583309,-33,7167967,-2014.160156250000,-23.646065666691,4517954,-140273,5317005,5553208,-2061591,-4860706,1382720,1363980,-1990514,0,0
1,30.065000000000,21.656799147327,239,2026-09-04T19:20:48Z,-127278.983135999995,239000,344,4523504.022752461024,-142335.288851224148,5312141.541105721146,5547.643294629779,-2062.235565609541,-4866.939322929284,283.668344775219,20.827506248162,1384103.081462923903,1401.387872171555,-2045.105464511237,-34,7167966,-2075.195312500000,-30.089847988763,4523504,-142335,5312142,5547643,-2062236,-4866939,1384103,1401388,-2045105,0,0
1,30.065000000000,21.656799147327,240,2026-09-04T19:20:49Z,-127277.983135999995,240000,345,4529048.936870697886,-144397.871154117689,5307271.505846267566,5542.071427060364,-2062.877303057207,-4873.167648699564,283.337850907730,20.787259506091,1385523.172284512548,1438.681762082705,-2099.530038581503,-34,7167966,-2075.195312500000,24.334726081503,4529049,-144398,5307272,5542071,-2062877,-4873168,1385523,1438682,-2099530,0,0
1,30.065000000000,21.656799147327,241,2026-09-04T19:20:50Z,-127276.983135999995,241000,346,4534588.275911708362,-146461.093669379741,5302395.244926549494,5536.492822828222,-2063.515818569414,-4879.390480105030,283.008228730550,20.746154468666,1386980.499004413607,1475.858765862909,-2153.784035704537,-35,7167965,-2136.230468750000,17.553566954537,4534588,-146461,5302395,5536493,-2063516,-4879390,1386980,1475859,-2153784,0,0
1,30.065000000000,21.656799147327,242,2026-09-04T19:20:51Z,-127275.983135999995,242000,347,4540122.033142583445,-148524.953174797847,5297512.763843651861,5530.907488548110,-2064.151111025325,-4885.607809271278,282.679496392564,20.704199712236,1388474.943461649353,1512.916341448599,-2207.863746137877,-36,7167964,-2197.265625000000,10.598121137877,4540122,-148525,5297513,5530907,-2064151,-4885608,1388475,1512916,-2207864,0,0
1,30.065000000000,21.656799147327,243,2026-09-04T19:20:52Z,-127274.983135999995,243000,348,4545650.201836167835,-150589.446445988200,5292624.068103318103,5525.315430923001,-2064.783177375318,-4891.819628322992,282.351671710476,20.661403945250,1390006.384974947665,1549.851990484913,-2261.765523925053,-37,7167963,-2258.300781250000,3.464742675053,4545650,-150589,5292624,5525315,-2064783,-4891820,1390006,1549852,-2261766,0,0
1,30.065000000000,21.656799147327,244,2026-09-04T19:20:53Z,-127273.983135999995,244000,349,4551172.775272550061,-152654.570257128216,5287729.163218619302,5519.716656553101,-2065.412017673651,-4898.025929394862,282.024772164967,20.617776002825,1391574.700388938654,1586.663263223009,-2315.485794042446,-38,7167962,-2319.335937500000,-3.850143457554,4551173,-152655,5287729,5519717,-2065412,-4898026,1391575,1586663,-2315486,0,0
1,30.065000000000,21.656799147327,245,2026-09-04T19:20:54Z,-127272.983135999995,245000,350,4556689.746737780981,-154720.321379500849,5282828.054711170495,5514.111172198682,-2066.037627714252,-4904.226704624307,281.698814897317,20.573324841330,1393179.764119227882,1623.347752789999,-2369.021044037154,-39,7167961,-2380.371093750000,-11.350049712846,4556690,-154720,5282828,5514111,-2066038,-4904227,1393180,1623348,-2369021,0,0
1,30.065000000000,21.656799147327,246,2026-09-04T19:20:55Z,-127271.983135999995,246000,351,4562201.109525457025,-156786.696583572368,5277920.748109636828,5508.498984488142,-2066.660007434450,-4910.421946159659,281.373816706117,20.528059532881,1394821.448200877989,1659.903102900171,-2422.367835280314,-40,7167960,-2441.406250000000,-19.038414719686,4562201,-156787,5277921,5508499,-2066660,-4910422,1394821,1659903,-2422368,0,0
1,30.065000000000,21.656799147327,247,2026-09-04T19:20:56Z,-127270.983135999995,247000,352,4567706.856935281307,-158853.692637359316,5273007.248951068148,5502.880100138100,-2067.279154188839,-4916.611646149249,281.049794044463,20.481989259911,1396499.622334362008,1696.327002585313,-2475.522795276840,-41,7167959,-2502.441406250000,-26.918610973160,4567707,-158854,5273007,5502880,-2067279,-4916612,1396500,1696327,-2475523,0,0
1,30.065000000000,21.656799147327,248,2026-09-04T19:20:57Z,-127269.983135999995,248000,353,4573206.982273625210,-160921.306307658408,5268087.562780365348,5497.254525856079,-2067.895066373381,-4922.795796751416,280.726763017288,20.435123309672,1398214.153934344416,1732.617189750502,-2528.482622854524,-41,7167959,-2502.441406250000,26.041216604524,4573207,-160921,5268088,5497255,-2067895,-4922796,1398214,1732617,-2528483,0,0
1,30.065000000000,21.656799147327,249,2026-09-04T19:20:58Z,-127268.983135999995,249000,354,4578701.478853935376,-162989.534358069708,5263161.695149992593,5491.622268375068,-2068.507741607817,-4928.974390129042,280.404739378998,20.387471068804,1399964.908176183468,1768.771450026920,-2581.244086489919,-42,7167958,-2563.476562500000,17.767523989919,4578701,-162990,5263162,5491622,-2068508,-4928974,1399965,1768771,-2581244,0,0
1,30.065000000000,21.656799147327,250,2026-09-04T19:20:59Z,-127267.983135999995,250000,355,4584190.339995996095,-165058.373552328791,5258229.651620516554,5485.983334388038,-2069.117178949995,-4935.147418450470,280.083738531434,20.339042017813,1401751.748047364410,1804.787619040950,-2633.804027619720,-43,7167957,-2624.511718750000,9.292308869720,4584190,-165058,5258230,5485983,-2069117,-4935147,1401752,1804788,-2633804,0,0
1,30.065000000000,21.656799147327,251,2026-09-04T19:21:00Z,-127266.983135999995,251000,356,4589673.559026695788,-167127.820650058449,5253291.437760083936,5480.337730667088,-2069.723375507124,-4941.314873886768,279.763775522025,20.289845725709,1403574.534392808797,1840.663579856450,-2686.159356908161,-44,7167956,-2685.546875000000,0.612481908161,4589674,-167128,5253291,5480338,-2069723,-4941315,1403575,1840664,-2686159,0,0
1,30.065000000000,21.656799147327,252,2026-09-04T19:21:01Z,-127265.983135999995,252000,357,4595151.129279307090,-169197.872410900600,5248347.059144910425,5474.685463925198,-2070.326330479134,-4947.476748623558,279.444865042291,20.239891844493,1405433.125967658591,1876.397266729995,-2738.307059727209,-45,7167955,-2746.582031250000,-8.274971522791,4595151,-169198,5248347,5474685,-2070326,-4947477,1405433,1876397,-2738307,0,0
1,30.065000000000,21.656799147327,253,2026-09-04T19:21:02Z,-127264.983135999995,253000,358,4600623.044094623066,-171268.525591586018,5243396.521358369850,5469.026540937193,-2070.926041373468,-4953.633034842824,279.127021426502,20.189190103820,1407327.379484325415,1911.986662144353,-2790.244191827383,-46,7167954,-2807.617187500000,-17.372995672617,4600623,-171269,5243397,5469027,-2070926,-4953633,1407327,1911987,-2790244,0,0
1,30.065000000000,21.656799147327,254,2026-09-04T19:21:03Z,-127263.983135999995,254000,359,4606089.296818406321,-173339.776947487931,5238439.829993236810,5463.360968484267,-2071.522506093970,-4959.783724736553,278.810258650812,20.137750305596,1409257.149663557531,1947.429798808602,-2841.967882256608,-47,7167953,-2868.652343750000,-26.684461493392,4606089,-173340,5238440,5463361,-2071523,-4959784,1409257,1947430,-2841968,0,0
1,30.065000000000,21.656799147327,255,2026-09-04T19:21:04Z,-127262.983135999995,255000,360,4611549.880805550143,-175411.623231848440,5233476.990647975355,5457.688753311231,-2072.115723464293,-4965.928810504010,278.494590332258,20.085582318653,1411222.289283865364,1982.724760321109,-2893.475334327741,-47,7167953,-2868.652343750000,24.822990577741,4611550,-175412,5233477,5457689,-2072116,-4965929,1411222,1982725,-2893475,0,0
1,30.065000000000,21.656799147327,256,2026-09-04T19:21:05Z,-127261.983135999995,256000,361,4617004.789415662177,-177484.061196476250,5228508.008930698968,5452.009902215650,-2072.705691398710,-4972.068284348097,278.180029728509,20.032696073446,1413222.649232182419,2017.869679739007,-2944.763823530930,-48,7167952,-2929.687500000000,15.076323530930,4617005,-177484,5228508,5452010,-2072706,-4972068,1413223,2017870,-2944764,0,0
1,30.065000000000,21.656799147327,257,2026-09-04T19:21:06Z,-127260.983135999995,257000,362,4622454.016016765498,-179557.087590819603,5223532.890455864370,5446.324421995087,-2073.292407945160,-4978.202138478082,277.866589737387,19.979101556811,1415258.078553494299,2052.862740613086,-2995.830699043887,-49,7167951,-2990.722656250000,5.108042793887,4622454,-179557,5223533,5446324,-2073292,-4978202,1415258,2052863,-2995831,0,0
1,30.065000000000,21.656799147327,258,2026-09-04T19:21:07Z,-127259.983135999995,258000,363,4627897.553982334211,-181630.699163142737,5218551.640846898779,5440.632319440738,-2073.875871683640,-4984.330365107780,277.554282897020,19.924808806747,1417328.424502148293,2087.702177400614,-3046.673384334335,-50,7167950,-3051.757812500000,-5.084428165665,4627898,-181631,5218552,5440632,-2073876,-4984330,1417328,2087702,-3046673,0,0
1,30.065000000000,21.656799147327,259,2026-09-04T19:21:08Z,-127258.983135999995,259000,364,4633335.396693987772,-183704.892659257777,5213564.265733828768,5434.933601378361,-2074.456080409078,-4990.452956463741,277.243121385904,19.869827907290,1419433.532591385068,2122.386274404575,-3097.289375611983,-51,7167949,-3112.792968750000,-15.503593138017,4633335,-183705,5213564,5434934,-2074456,-4990453,1419434,2122386,-3097289,0,0
1,30.065000000000,21.656799147327,260,2026-09-04T19:21:09Z,-127257.983135999995,260000,365,4638767.537538689561,-185779.664823764877,5208570.770755768754,5429.228274622801,-2075.033032580535,-4996.569904767966,276.933117023509,19.814168983393,1421573.246644774452,2156.913367025760,-3147.676243655769,-52,7167948,-3173.828125000000,-26.151881344231,4638768,-185780,5208571,5429228,-2075033,-4996570,1421573,2156913,-3147676,0,0
1,30.065000000000,21.656799147327,261,2026-09-04T19:21:10Z,-127256.983135999995,261000,366,4644193.969911110587,-187855.012398810039,5203571.161558816209,5423.516346020733,-2075.606726001581,-5002.681202254280,276.624281270821,19.757842195927,1423747.408845808590,2191.281840629672,-3197.831632160278,-52,7167948,-3173.828125000000,24.003507160278,4644194,-187855,5203571,5423516,-2075607,-5002681,1423747,2191282,-3197832,0,0
1,30.065000000000,21.656799147327,262,2026-09-04T19:21:11Z,-127255.983135999995,262000,367,4649614.687212456018,-189930.932125314925,5198565.443797083572,5417.797822398825,-2076.177159272874,-5008.786841164692,276.316625231297,19.700857736686,1425955.859789395239,2225.490131741646,-3247.753259479829,-53,7167947,-3234.863281250000,12.889978229829,4649615,-189931,5198565,5417798,-2076177,-5008787,1425956,2225490,-3247753,0,0
1,30.065000000000,21.656799147327,263,2026-09-04T19:21:12Z,-127254.983135999995,263000,368,4655029.682851499878,-192007.420742234419,5193553.623131813481,5412.072710618304,-2076.744330472394,-5014.886813742123,276.010159651921,19.643225823510,1428198.438531757798,2259.536726853262,-3297.438916886635,-54,7167946,-3295.898437500000,1.540479386635,4655030,-192007,5193554,5412073,-2076744,-5014887,1428198,2259537,-3297439,0,0
1,30.065000000000,21.656799147327,264,2026-09-04T19:21:13Z,-127253.983135999995,264000,369,4660438.950243030675,-194084.474986331392,5188535.705232747830,5406.341017534032,-2077.308237814492,-5020.981112239497,275.704894924602,19.584956695464,1430474.982640451519,2293.420162862183,-3346.886469212662,-55,7167945,-3356.933593750000,-10.047124537338,4660439,-194084,5188536,5406341,-2077308,-5020981,1430475,2293420,-3346886,0,0
1,30.065000000000,21.656799147327,265,2026-09-04T19:21:14Z,-127252.983135999995,265000,370,4665842.482808784582,-196162.091593417805,5183511.695777286775,5400.602750019061,-2077.868879518917,-5027.069728911556,275.400841087646,19.526060608071,1432785.328245749930,2327.139026841553,-3396.093854513109,-56,7167944,-3417.968750000000,-21.874895486891,4665842,-196162,5183512,5400603,-2077869,-5027070,1432785,2327139,-3396094,0,0
1,30.065000000000,21.656799147327,266,2026-09-04T19:21:15Z,-127251.983135999995,266000,371,4671240.273977583274,-198240.267296523933,5178481.600450403057,5394.857914950990,-2078.426253943263,-5033.152656025777,275.098007827458,19.466547828671,1435129.310089163715,2360.691955983370,-3445.059083983775,-56,7167944,-3417.968750000000,27.090333983775,4671240,-198240,5178482,5394858,-2078426,-5033153,1435129,2360692,-3445059,0,0
1,30.065000000000,21.656799147327,267,2026-09-04T19:21:16Z,-127250.983135999995,267000,372,4676632.317185059190,-200318.998827960109,5173445.424944824539,5389.106519226516,-2078.980359051627,-5039.229885848727,274.796404480469,19.406428631800,1437506.761575097451,2394.077636951784,-3493.780241017289,-57,7167943,-3479.003906250000,14.776334767289,4676632,-200319,5173445,5389107,-2078980,-5039230,1437507,2394078,-3493780,0,0
1,30.065000000000,21.656799147327,268,2026-09-04T19:21:17Z,-127249.983135999995,268000,373,4682018.605874240398,-202398.282917343487,5168403.174960597418,5383.348569746886,-2079.531193077770,-5045.301410653337,274.496040035186,19.345713294724,1439917.514818929136,2427.294806235996,-3542.255481718116,-58,7167942,-3540.039062500000,2.216419218116,4682019,-202398,5168403,5383349,-2079531,-5045301,1439918,2427295,-3542255,0,0
1,30.065000000000,21.656799147327,269,2026-09-04T19:21:18Z,-127248.983135999995,269000,374,4687399.133493854664,-204478.116293231433,5163354.856206552126,5377.584073424259,-2080.078754261592,-5051.367222725275,274.196923134556,19.284412092991,1442361.400697672972,2460.342249663433,-3590.483034192114,-59,7167941,-3601.074218750000,-10.591184557886,4687399,-204478,5163355,5377584,-2080079,-5051367,1442361,2460342,-3590483,0,0
1,30.065000000000,21.656799147327,270,2026-09-04T19:21:19Z,-127247.983135999995,270000,375,4692773.893501152284,-206558.495681853557,5158300.474397771060,5371.813037131687,-2080.623041779944,-5057.427314352935,273.899062078246,19.222535296127,1444838.248898436083,2493.218802938965,-3638.461199333431,-60,7167940,-3662.109375000000,-23.648175666569,4692774,-206558,5158300,5371813,-2080623,-5057427,1444838,2493219,-3638461,0,0
1,30.065000000000,21.656799147327,271,2026-09-04T19:21:20Z,-127246.983135999995,271000,376,4698142.879358826205,-208639.417808295664,5153240.035258389078,5366.035467874099,-2081.164052149916,-5063.481677824711,273.602464825416,19.160093163381,1447347.887967982795,2525.923348263695,-3686.188345890165,-60,7167940,-3662.109375000000,24.078970890165,4698143,-208639,5153240,5366035,-2081164,-5063482,1447348,2525923,-3686188,0,0
1,30.065000000000,21.656799147327,272,2026-09-04T19:21:21Z,-127245.983135999995,272000,377,4703506.084536983632,-210720.879394962656,5148173.544519841671,5360.251372516359,-2081.701785360025,-5069.530305442640,273.307138997366,19.097095939610,1449890.145360264694,2558.454819250447,-3733.662917637743,-61,7167939,-3723.144531250000,10.518386387743,4703506,-210721,5148174,5360251,-2081702,-5069530,1449890,2558455,-3733663,0,0
1,30.065000000000,21.656799147327,273,2026-09-04T19:21:22Z,-127244.983135999995,273000,378,4708863.502513059415,-212802.877163729921,5143101.007920829579,5354.460758071582,-2082.236238066997,-5075.573189514216,273.013091880454,19.033553851190,1452464.847486537648,2590.812194773062,-3780.883424402940,-62,7167938,-3784.179687500000,-3.296263097060,4708864,-212803,5143101,5354461,-2082236,-5075573,1452465,2590812,-3780883,0,0
1,30.065000000000,21.656799147327,274,2026-09-04T19:21:23Z,-127243.983135999995,274000,379,4714215.126771167852,-214885.407833562582,5138022.431208080612,5348.663631432828,-2082.767410006255,-5081.610322350571,272.720330429186,18.969477102111,1455071.819761164952,2622.994504064458,-3827.848449503691,-63,7167937,-3845.214843750000,-17.366394246309,4714215,-214885,5138022,5348664,-2082767,-5081610,1455072,2622995,-3827848,0,0
1,30.065000000000,21.656799147327,275,2026-09-04T19:21:24Z,-127242.983135999995,275000,380,4719560.950802378356,-216968.468122773862,5132937.820135927759,5342.859999618668,-2083.295298242575,-5087.641696268292,272.428861269398,18.904875870080,1457710.886651108507,2655.000821423554,-3874.556642024679,-63,7167937,-3845.214843750000,29.341798274679,4719561,-216968,5132938,5342860,-2083295,-5087642,1457711,2655001,-3874557,0,0
1,30.065000000000,21.656799147327,276,2026-09-04T19:21:25Z,-127241.983135999995,276000,381,4724900.968104575761,-219052.054747218324,5127847.180466578342,5337.049869558541,-2083.819902123025,-5093.667303594884,272.138690701583,18.839760302806,1460381.871721508913,2686.830270022715,-3921.006722373709,-64,7167936,-3906.250000000000,14.756722373709,4724901,-219052,5127847,5337050,-2083820,-5093667,1460382,2686830,-3921007,0,0
1,30.065000000000,21.656799147327,277,2026-09-04T19:21:26Z,-127240.983135999995,277000,382,4730235.172183218412,-221136.164420954156,5122750.517969349399,5331.233248281023,-2084.341218852899,-5099.687136656939,271.849824704301,18.774140514328,1463084.597683086991,2718.482017712383,-3967.197476159216,-65,7167935,-3967.285156250000,-0.087680090784,4730235,-221136,5122751,5331233,-2084341,-5099687,1463085,2718482,-3967197,0,0
1,30.065000000000,21.656799147327,278,2026-09-04T19:21:27Z,-127239.983135999995,278000,383,4735563.556549604982,-223220.793856624427,5117647.838422278874,5325.410142738292,-2084.859247792025,-5105.701187793784,271.562268937847,18.708026581462,1465818.886438449379,2749.955280218674,-4013.127758856662,-66,7167934,-4028.320312500000,-15.192553643338,4735564,-223221,5117648,5325410,-2084859,-5105701,1465819,2749955,-4013128,0,0
1,30.065000000000,21.656799147327,279,2026-09-04T19:21:28Z,-127238.983135999995,279000,384,4740886.114723281935,-225305.939765155752,5112539.147609904408,5319.580559979840,-2085.373986153741,-5111.709449347472,271.276028747800,18.641428540352,1468584.559128061868,2781.249317023789,-4058.796489796643,-66,7167934,-4028.320312500000,30.476177296643,4740886,-225306,5112539,5319581,-2085374,-5111709,1468585,2781249,-4058796,0,0
1,30.065000000000,21.656799147327,280,2026-09-04T19:21:29Z,-127237.983135999995,280000,385,4746202.840229975060,-227391.598855909542,5107424.451325183734,5313.744506966941,-2085.885433310267,-5117.711913666426,270.991109168922,18.574356383122,1471381.436175346840,2812.363434528963,-4104.202656780716,-67,7167933,-4089.355468750000,14.847188030716,4746203,-227392,5107424,5313745,-2085885,-5117712,1471381,2812363,-4104203,0,0
1,30.065000000000,21.656799147327,281,2026-09-04T19:21:30Z,-127236.983135999995,281000,386,4751513.726602973416,-229477.767836311832,5102303.755368209444,5307.901990776372,-2086.393586482785,-5123.708573106342,270.707514928969,18.506820054638,1474209.337331451010,2843.296981898578,-4149.345310016530,-68,7167932,-4150.390625000000,-1.045314983470,4751514,-229478,5102304,5307902,-2086394,-5123709,1474209,2843297,-4149345,0,0
1,30.065000000000,21.656799147327,282,2026-09-04T19:21:31Z,-127235.983135999995,282000,387,4756818.767381907441,-231564.443412140303,5097177.065547368489,5302.053018377592,-2086.898445190826,-5129.699420028373,270.425250452744,18.438829449366,1477068.081719584530,2874.049354303492,-4194.223566850964,-69,7167931,-4211.425781250000,-17.202214399036,4756819,-231564,5097177,5302053,-2086898,-5129699,1477068,2874049,-4194224,0,0
1,30.065000000000,21.656799147327,283,2026-09-04T19:21:32Z,-127234.983135999995,283000,388,4762117.956114265136,-233651.622287338483,5092044.387677894905,5296.197596895581,-2087.400006122095,-5135.684446801861,270.144319866073,18.370394408331,1479957.487878952641,2904.619988050850,-4238.836604662840,-69,7167931,-4211.425781250000,27.410823412840,4762118,-233652,5092044,5296198,-2087400,-5135684,1479957,2904620,-4238837,0,0
1,30.065000000000,21.656799147327,284,2026-09-04T19:21:33Z,-127233.983135999995,284000,389,4767411.286353754811,-235739.301164301549,5086905.727583443746,5290.335733279790,-2087.898269620809,-5141.663645798872,269.864727000055,18.301524716186,1482877.373807928292,2935.008365516118,-4283.183668060460,-70,7167930,-4272.460937500000,10.722730560460,4767411,-235739,5086906,5290336,-2087898,-5141664,1482877,2935008,-4283184,0,0
1,30.065000000000,21.656799147327,285,2026-09-04T19:21:34Z,-127232.983135999995,285000,390,4772698.751662110910,-237827.476743920590,5081761.091094353236,5284.467434676117,-2088.393232247057,-5147.637009399659,269.586475395186,18.232230098375,1485827.557007159106,2965.214008291284,-4327.264058882484,-71,7167929,-4333.496093750000,-6.232034867516,4772699,-237827,5081761,5284467,-2088393,-5147637,1485828,2965214,-4327264,0,0
1,30.065000000000,21.656799147327,286,2026-09-04T19:21:35Z,-127231.983135999995,286000,391,4777980.345606843941,-239916.145724993781,5076610.484049824066,5278.592708120414,-2088.884893002444,-5153.604529992663,269.309568305769,18.162520218425,1488807.854520702502,2995.236481865365,-4371.077143028385,-72,7167928,-4394.531250000000,-23.454106971615,4777980,-239916,5076610,5278593,-2088885,-5153605,1488808,2995236,-4371077,0,0
1,30.065000000000,21.656799147327,287,2026-09-04T19:21:36Z,-127230.983135999995,287000,392,4783256.061763972975,-242005.304805112188,5071453.912295252085,5272.711560687640,-2089.373250352992,-5159.566199969959,269.034008704136,18.092404675296,1491818.082978929393,3025.075392535333,-4414.622345950437,-72,7167928,-4394.531250000000,20.091095950437,4783256,-242005,5071454,5272712,-2089373,-5159566,1491818,3025075,-4414622,0,0
1,30.065000000000,21.656799147327,288,2026-09-04T19:21:37Z,-127229.983135999995,288000,393,4788525.893715457059,-244094.950680101203,5066291.381684768945,5266.823999470034,-2089.858302498271,-5165.522011729081,268.759799285200,18.021893000882,1494858.058638428804,3054.730387014567,-4457.899152082316,-73,7167927,-4455.566406250000,2.332745832316,4788526,-244095,5066291,5266824,-2089858,-5165522,1494858,3054730,-4457899,0,0
1,30.065000000000,21.656799147327,289,2026-09-04T19:21:38Z,-127228.983135999995,289000,394,4793789.835051060654,-246185.080043531780,5061122.898079414852,5260.930031566204,-2090.340047778000,-5171.471957677568,268.486942470815,17.950994657592,1497927.597422347171,3084.201152182594,-4500.907104473871,-74,7167926,-4516.601562500000,-15.694458026129,4793790,-246185,5061123,5260930,-2090340,-5171472,1497928,3084201,-4500907,0,0
1,30.065000000000,21.656799147327,290,2026-09-04T19:21:39Z,-127227.983135999995,290000,395,4799047.879366798326,-248275.689587582921,5055948.467348649167,5255.029664091126,-2090.818484400700,-5177.416030224776,268.215440414393,17.879719036025,1501026.514960500412,3113.487414227113,-4543.645803539067,-74,7167926,-4516.601562500000,27.044241039067,4799048,-248276,5055948,5255030,-2090818,-5177416,1501027,3113487,-4543646,0,0
1,30.065000000000,21.656799147327,291,2026-09-04T19:21:40Z,-127226.983135999995,291000,396,4804300.020266900770,-250366.776003705832,5050768.095368393697,5249.122904129763,-2091.293611263240,-5183.354221793707,267.945295005354,17.808075452728,1504154.626629522536,3142.588938714583,-4586.114907158972,-75,7167925,-4577.636718750000,8.478188408972,4804300,-250367,5050768,5249123,-2091294,-5183354,1504155,3142589,-4586115,0,0
1,30.065000000000,21.656799147327,292,2026-09-04T19:21:41Z,-127225.983135999995,292000,397,4809546.251362029463,-252458.335980784468,5045581.788022855297,5243.209758854391,-2091.765425901855,-5189.286524801901,267.676507873811,17.736073148126,1507311.747589332284,3171.505528227586,-4628.314127233877,-76,7167924,-4638.671875000000,-10.357747766123,4809546,-252458,5045582,5243210,-2091765,-5189287,1507312,3171506,-4628314,0,0
1,30.065000000000,21.656799147327,293,2026-09-04T19:21:42Z,-127224.983135999995,293000,398,4814786.566269975156,-254550.366206056875,5040389.551203818992,5237.290235369073,-2092.233927222935,-5195.212931686001,267.409080395167,17.663721284480,1510497.692821927601,3200.237024013742,-4670.243232089621,-77,7167923,-4699.707031250000,-29.463799160379,4814787,-254550,5040390,5237290,-2092234,-5195213,1510498,3200237,-4670243,0,0
1,30.065000000000,21.656799147327,294,2026-09-04T19:21:43Z,-127223.983135999995,294000,399,4820020.958615819924,-256642.863365034718,5035191.390810487792,5231.364340827895,-2092.699113455496,-5201.133434883559,267.143013694762,17.591028943968,1513712.277168551926,3228.783303623199,-4711.902043029881,-77,7167923,-4699.707031250000,12.195011779881,4820021,-256643,5035191,5231364,-2092699,-5201133,1513712,3228783,-4711902,0,0
1,30.065000000000,21.656799147327,295,2026-09-04T19:21:44Z,-127222.983135999995,295000,400,4825249.422032287344,-258735.824142742320,5029987.312749071978,5225.432082381303,-2093.160982970517,-5207.048026833945,266.878308652539,17.518005126831,1516955.315367390169,3257.144280939527,-4753.290434381252,-78,7167922,-4760.742187500000,-7.451753118748,4825249,-258736,5029987,5225432,-2093161,-5207048,1516955,3257144,-4753290,0,0
1,30.065000000000,21.656799147327,296,2026-09-04T19:21:45Z,-127221.983135999995,296000,401,4830471.950158102438,-260829.245220650919,5024777.322934573516,5219.493467193388,-2093.619534142761,-5212.956699988354,266.614965907812,17.444658749717,1520226.622086381773,3285.319905396429,-4794.408332350169,-79,7167921,-4821.777343750000,-27.369011399831,4830472,-260829,5024777,5219493,-2093620,-5212957,1520227,3285320,-4794408,0,0
1,30.065000000000,21.656799147327,297,2026-09-04T19:21:46Z,-127220.983135999995,297000,402,4835688.536639615893,-262923.123280303495,5019561.427289011888,5213.548502423691,-2094.074765629500,-5218.859446806164,266.352985863913,17.370998643963,1523526.011961973272,3313.310161554900,-4835.255714405827,-79,7167921,-4821.777343750000,13.478370655827,4835689,-262923,5019561,5213549,-2094075,-5218859,1523526,3313310,-4835256,0,0
1,30.065000000000,21.656799147327,298,2026-09-04T19:21:47Z,-127219.983135999995,298000,403,4840899.175131397322,-265017.455000713293,5014339.631740949117,5207.597195296330,-2094.526674990902,-5224.756259748574,266.092368692856,17.297033554098,1526853.299631634029,3341.115067282969,-4875.832606623811,-80,7167920,-4882.812500000000,-6.979893376189,4840899,-265017,5014340,5207597,-2094527,-5224756,1526853,3341115,-4875833,0,0
1,30.065000000000,21.656799147327,299,2026-09-04T19:21:48Z,-127218.983135999995,299000,404,4846103.859293620102,-267112.237059875100,5009111.942228014581,5201.639552958113,-2094.975261443039,-5230.647131284968,265.833114340224,17.222772136380,1530208.299768269761,3368.734675373815,-4916.139086047468,-81,7167919,-4943.847656250000,-27.708570202532,4846104,-267112,5009112,5201640,-2094975,-5230647,1530208,3368735,-4916139,0,0
1,30.065000000000,21.656799147327,300,2026-09-04T19:21:49Z,-127217.983135999995,300000,405,4851302.582794647664,-269207.466133389855,5003878.364694416523,5195.675582622243,-2095.420523107180,-5236.532053890187,265.575222529735,17.148222957441,1533590.827113008359,3396.169070583845,-4956.175276365467,-81,7167919,-4943.847656250000,12.327620115467,4851303,-269207,5003878,5195676,-2095421,-5236532,1533591,3396169,-4956175,0,0
1,30.065000000000,21.656799147327,301,2026-09-04T19:21:50Z,-127216.983135999995,301000,406,4856495.339309892617,-271303.138896323275,4998638.905091993511,5189.705291510109,-2095.862458247097,-5242.411020049985,265.318692768044,17.073394492989,1537000.696508991532,3423.418369988166,-4995.941348430529,-82,7167918,-5004.882812500000,-8.941464069471,4856495,-271303,4998639,5189705,-2095862,-5242411,1537001,3423418,-4995941,0,0
1,30.065000000000,21.656799147327,302,2026-09-04T19:21:51Z,-127215.983135999995,302000,407,4861682.122521457262,-273399.252020852058,4993393.569380667992,5183.728686806717,-2096.301065820967,-5248.284022250118,265.063524349463,16.998295126664,1540437.722931100521,3450.482722756527,-5035.437519932476,-83,7167917,-5065.917968750000,-30.480448817524,4861682,-273399,4993394,5183729,-2096301,-5248284,1540438,3450483,-5035438,0,0
1,30.065000000000,21.656799147327,303,2026-09-04T19:21:52Z,-127214.983135999995,303000,408,4866862.926119298674,-275495.802179033461,4988142.363527174108,5177.745775791664,-2096.736343274245,-5254.151052986344,264.809716360624,16.922933148875,1543901.721519862767,3477.362307644164,-5074.664051736491,-83,7167917,-5065.917968750000,8.746082986491,4866863,-275496,4988142,5177746,-2096736,-5254151,1543902,3477362,-5074664,0,0
1,30.065000000000,21.656799147327,304,2026-09-04T19:21:53Z,-127213.983135999995,304000,409,4872037.743800534867,-277592.786039632629,4982885.293505891226,5171.756565638134,-2097.168290266950,-5260.012104761699,264.557267685183,16.847316755846,1547392.507609038148,3504.057335418868,-5113.621251425059,-84,7167916,-5126.953125000000,-13.331873574941,4872038,-277593,4982885,5171757,-2097168,-5260012,1547393,3504057,-5113621,0,0
1,30.065000000000,21.656799147327,305,2026-09-04T19:21:54Z,-127212.983135999995,305000,410,4877206.569269180298,-279690.200271821464,4977622.365298945457,5165.761063674836,-2097.596903699753,-5265.867170083766,264.306177008542,16.771454048611,1550909.896758499555,3530.568044033023,-5152.309466252308,-84,7167916,-5126.953125000000,25.356341252308,4877207,-279690,4977622,5165761,-2097597,-5265867,1550910,3530568,-5152309,0,0
1,30.065000000000,21.656799147327,306,2026-09-04T19:21:55Z,-127211.983135999995,306000,411,4882369.396236413158,-281788.041540922539,4972353.584896142595,5159.759277068588,-2098.022183522289,-5271.716241469221,264.056442822451,16.695353032231,1554453.704779836116,3556.894702783404,-5190.729089214577,-85,7167915,-5187.988281250000,2.740807964577,4882369,-281788,4972354,5159759,-2098022,-5271716,1554454,3556895,-5190729,0,0
1,30.065000000000,21.656799147327,307,2026-09-04T19:21:56Z,-127210.983135999995,307000,412,4887526.218421156518,-283886.306513242307,4967078.958294166252,5153.751213155374,-2098.444127058997,-5277.559311437471,263.808063429661,16.619021614923,1558023.747769138077,3583.037606928481,-5228.880551195222,-86,7167914,-5249.023437500000,-20.142886304778,4887526,-283886,4967079,5153751,-2098444,-5277559,1558024,3583038,-5228881,0,0
1,30.065000000000,21.656799147327,308,2026-09-04T19:21:57Z,-127209.983135999995,308000,413,4892677.029549408704,-285984.991851200932,4961798.491497479379,5147.736879152944,-2098.862733579040,-5283.396372518837,263.561036948513,16.542467607447,1561619.842130420962,3608.997080791550,-5266.764325493148,-86,7167914,-5249.023437500000,17.740887993148,4892677,-285985,4961798,5147737,-2098863,-5283396,1561620,3608997,-5266764,0,0
1,30.065000000000,21.656799147327,309,2026-09-04T19:21:58Z,-127208.983135999995,309000,414,4897821.823354256339,-288084.094216718280,4956512.190518145449,5141.716282415473,-2099.278000413221,-5289.227417243637,263.315361317549,16.465698722416,1565241.804605628131,3634.773473886727,-5304.380922169306,-87,7167913,-5310.058593750000,-5.677671580694,4897822,-288084,4956512,5141716,-2099278,-5289227,1565242,3634773,-5304381,0,0
1,30.065000000000,21.656799147327,310,2026-09-04T19:21:59Z,-127207.983135999995,310000,415,4902960.593576340936,-290183.610270261706,4951220.061375409365,5135.689430141611,-2099.689927539657,-5295.052438156745,263.071034300030,16.388722573750,1568889.452300434234,3660.367164033169,-5341.730892591405,-88,7167912,-5371.093750000000,-29.362857408595,4902961,-290184,4951220,5135689,-2099690,-5295052,1568889,3660367,-5341731,0,0
1,30.065000000000,21.656799147327,311,2026-09-04T19:22:00Z,-127206.983135999995,311000,416,4908093.333963477053,-292283.536670553789,4945922.110096112825,5129.656329743739,-2100.098511600606,-5300.871427805760,262.828053488463,16.311546676203,1572562.602709651226,3685.778551753138,-5378.814821258771,-88,7167912,-5371.093750000000,7.721071258771,4908093,-292284,4945922,5129656,-2100099,-5300871,1572563,3685779,-5378815,0,0
1,30.065000000000,21.656799147327,312,2026-09-04T19:22:01Z,-127205.983135999995,312000,417,4913220.038270784542,-294383.870074636361,4940618.342714553699,5123.616988413232,-2100.503753005796,-5306.684378743739,262.586416309073,16.234178444937,1576261.073742447654,3711.008065467579,-5415.633333384477,-89,7167911,-5432.128906250000,-16.495572865523,4913220,-294384,4940618,5123617,-2100504,-5306684,1576261,3711008,-5415633,0,0
1,30.065000000000,21.656799147327,313,2026-09-04T19:22:02Z,-127204.983135999995,313000,418,4918340.700260655954,-296484.607138563646,4935308.765272470191,5117.571413570658,-2100.905648544597,-5312.491283535564,262.346120026250,16.156625195162,1579984.683747381903,3736.056154748928,-5452.187085048871,-89,7167911,-5432.128906250000,20.058178798871,4918341,-296485,4935309,5117571,-2100906,-5312491,1579985,3736056,-5452187,0,0
1,30.065000000000,21.656799147327,314,2026-09-04T19:22:03Z,-127203.983135999995,314000,419,4923455.313702600077,-298585.744516078033,4929993.383819293231,5111.519612472875,-2101.304197942284,-5318.292134745207,262.107161746942,16.078894141875,1583733.251535026124,3760.923295070919,-5488.476770131178,-90,7167910,-5493.164062500000,-4.687292368822,4923455,-298586,4929993,5111520,-2101304,-5318292,1583733,3760923,-5488477,0,0
1,30.065000000000,21.656799147327,315,2026-09-04T19:22:04Z,-127202.983135999995,315000,420,4928563.872374087572,-300687.278859742975,4924672.204411237501,5105.461592512256,-2101.699398693597,-5324.086924949370,261.869538424981,16.000992399610,1587506.596402406925,3785.609982904004,-5524.503113152038,-91,7167909,-5554.199218750000,-29.696105597962,4928564,-300687,4924672,5105462,-2101699,-5324087,1587507,3785610,-5524503,0,0
1,30.065000000000,21.656799147327,316,2026-09-04T19:22:05Z,-127201.983135999995,316000,421,4933666.370059265755,-302789.206820661202,4919345.233112580143,5099.397361000229,-2102.091249977207,-5329.875646726578,261.633246865456,15.922926982290,1591304.538154773414,3810.116738294411,-5560.266873037229,-91,7167909,-5554.199218750000,6.067654287229,4933666,-302789,4919345,5099397,-2102091,-5329876,1591305,3810117,-5560267,0,0
1,30.065000000000,21.656799147327,317,2026-09-04T19:22:06Z,-127200.983135999995,317000,422,4938762.800550183281,-304891.525048455282,4914012.475994489156,5093.326925320071,-2102.479749716338,-5335.658292667176,261.398283728917,15.844704803120,1595126.897127931239,3834.444101804463,-5595.768838652547,-92,7167908,-5615.234375000000,-19.465536347453,4938763,-304892,4914012,5093327,-2102480,-5335658,1595127,3834444,-5595769,0,0
1,30.065000000000,21.656799147327,318,2026-09-04T19:22:07Z,-127199.983135999995,318000,423,4943853.157645679079,-306994.230191048060,4908673.939136092551,5087.250292817771,-2102.864896821416,-5341.434855362422,261.164645535648,15.766332674553,1598973.494208839256,3858.592635728806,-5631.009830578702,-92,7167908,-5615.234375000000,15.775455578702,4943853,-306994,4908674,5087250,-2102865,-5341435,1598973,3858593,-5631010,0,0
1,30.065000000000,21.656799147327,319,2026-09-04T19:22:08Z,-127198.983135999995,319000,424,4948937.435152394697,-309097.318894995493,4903329.628623502329,5081.167470876608,-2103.246689646028,-5347.205327419033,260.932328669788,15.687817308286,1602844.150856903987,3882.562922195822,-5665.990698340624,-93,7167907,-5676.269531250000,-10.278832909376,4948937,-309097,4903330,5081167,-2103247,-5347205,1602844,3882563,-5665991,0,0
1,30.065000000000,21.656799147327,320,2026-09-04T19:22:09Z,-127197.983135999995,320000,425,4954015.626884037629,-311200.787805389496,4897979.550550521351,5075.078466869854,-2103.625126830991,-5352.969701440088,260.701329383487,15.609165315336,1606738.689123570453,3906.355563238698,-5700.712320511180,-93,7167907,-5676.269531250000,24.442789261180,4954016,-311201,4897980,5075078,-2103625,-5352970,1606739,3906356,-5700712,0,0
1,30.065000000000,21.656799147327,321,2026-09-04T19:22:10Z,-127196.983135999995,321000,426,4959087.726661905646,-313304.633565463067,4892623.711018159054,5068.983288215350,-2104.000206458409,-5358.727970040491,260.471643800941,15.530383206159,1610656.931671567727,3929.971179493630,-5735.175602811407,-94,7167906,-5737.304687500000,-2.129084688593,4959088,-313305,4892624,5068983,-2104000,-5358728,1610657,3929971,-5735176,0,0
1,30.065000000000,21.656799147327,322,2026-09-04T19:22:11Z,-127195.983135999995,322000,427,4964153.728314743377,-315408.852817403909,4887262.116134719923,5062.881942290915,-2104.371927461102,-5364.480125845148,260.243267922422,15.451477390803,1614598.701794286957,3953.410410742728,-5769.381478902794,-95,7167905,-5798.339843750000,-28.958364847206,4964154,-315409,4887262,5062882,-2104372,-5364480,1614599,3953410,-5769381,0,0
1,30.065000000000,21.656799147327,323,2026-09-04T19:22:12Z,-127194.983135999995,323000,428,4969213.625678764656,-317513.442201785394,4881894.772015844472,5056.774436518026,-2104.740288213009,-5370.226161478968,260.016197628234,15.372454179136,1618563.823433460668,3976.673914163527,-5803.330907832721,-95,7167905,-5798.339843750000,4.991064082721,4969214,-317513,4881895,5056774,-2104740,-5370226,1618564,3976674,-5803331,0,0
1,30.065000000000,21.656799147327,324,2026-09-04T19:22:13Z,-127193.983135999995,324000,429,4974267.412597299553,-319618.398357461963,4876521.684784841724,5050.660778317251,-2105.105287235119,-5375.966069579590,259.790428682628,15.293319781114,1622552.121196466731,3999.762364308450,-5837.024874004492,-96,7167904,-5859.375000000000,-22.350125995508,4974267,-319618,4876522,5050661,-2105105,-5375966,1622552,3999762,-5837025,0,0
1,30.065000000000,21.656799147327,325,2026-09-04T19:22:14Z,-127192.983135999995,325000,430,4979315.082920806482,-321723.717922278389,4871142.860572669655,5044.540975112795,-2105.466923053314,-5381.699842784656,259.565956737665,15.214080307075,1626563.420373883797,4022.676452401758,-5870.464386151332,-96,7167904,-5859.375000000000,11.089386151332,4979315,-321724,4871143,5044541,-2105467,-5381700,1626563,4022676,-5870464,0,0
1,30.065000000000,21.656799147327,326,2026-09-04T19:22:15Z,-127191.983135999995,326000,431,4984356.630508441478,-323829.397532178671,4865758.305516350083,5038.415034351601,-2105.825194197848,-5387.427473746357,259.342777336916,15.134741768090,1630597.546955823898,4045.416885779064,-5903.650476518461,-97,7167903,-5920.410156250000,-16.759679731539,4984357,-323829,4865758,5038415,-2105825,-5387427,1630598,4045417,-5903650,0,0
1,30.065000000000,21.656799147327,327,2026-09-04T19:22:16Z,-127190.983135999995,327000,432,4989392.049225119874,-325935.433821927523,4860368.025761990808,5032.282963473335,-2106.180099206028,-5393.148955118704,259.120885919352,15.055310076373,1634654.327647029888,4067.984387288092,-5936.584199988582,-97,7167903,-5920.410156250000,16.174043738582,4989392,-325935,4860368,5032283,-2106180,-5393149,1634654,4067984,-5936584,0,0
1,30.065000000000,21.656799147327,328,2026-09-04T19:22:17Z,-127189.983135999995,328000,433,4994421.332944784313,-328041.823424071714,4854972.027461420745,5026.144769929488,-2106.531636759996,-5398.864279564805,258.900277822846,14.975791045696,1638733.589882710250,4090.379694870222,-5969.266633471220,-98,7167902,-5981.445312500000,-12.178679028780,4994421,-328042,4854972,5026145,-2106532,-5398864,1638734,4090380,-5969267,0,0
1,30.065000000000,21.656799147327,329,2026-09-04T19:22:18Z,-127188.983135999995,329000,434,4999444.475547635928,-330148.562971308536,4849570.316775001585,5020.000461213385,-2106.879804981588,-5404.573439753221,258.680948287956,14.896190391853,1642835.161843952024,4112.603560412533,-6001.698874227460,-98,7167902,-5981.445312500000,20.253561727460,4999444,-330149,4849570,5020000,-2106880,-5404573,1642835,4112604,-6001699,0,0
1,30.065000000000,21.656799147327,330,2026-09-04T19:22:19Z,-127187.983135999995,330000,435,5004461.470921726897,-332255.649092847365,4844162.899870096706,5013.850044770152,-2107.224602848135,-5410.276428357975,258.462892461363,14.816513733200,1646958.872469518799,4134.656750356078,-6033.882040757624,-99,7167901,-6042.480468750000,-8.598427992376,5004461,-332256,4844163,5013850,-2107225,-5410276,1646959,4134657,-6033882,0,0
1,30.065000000000,21.656799147327,331,2026-09-04T19:22:20Z,-127186.983135999995,331000,436,5009472.312963021919,-334363.078418342222,4838749.782920856960,5007.693528096752,-2107.566028775125,-5415.973238064907,258.246105399412,14.736766591144,1651104.551472775638,4156.540044015949,-6065.817270349668,-99,7167901,-6042.480468750000,23.336801599668,5009472,-334363,4838750,5007694,-2107566,-5415973,1651105,4156540,-6065817,0,0
1,30.065000000000,21.656799147327,332,2026-09-04T19:22:21Z,-127185.983135999995,332000,437,5014476.995574515313,-336470.847574688436,4833330.972109277733,5001.530918681055,-2107.904081324705,-5421.663861560774,258.030582071555,14.656954390770,1655272.029351642588,4178.254233613595,-6097.505719126356,-100,7167900,-6103.515625000000,-6.009905873644,5014477,-336471,4833331,5001531,-2107904,-5421664,1655272,4178254,-6097506,0,0
1,30.065000000000,21.656799147327,333,2026-09-04T19:22:22Z,-127184.983135999995,333000,438,5019475.512666524388,-338578.953187858511,4827906.473624837585,4995.362224035489,-2108.238758922255,-5427.348291543240,257.816317363743,14.577082461416,1659461.137402792228,4199.800123535703,-6128.948560963699,-100,7167900,-6103.515625000000,25.432935963699,5019476,-338579,4827906,4995362,-2108239,-5427348,1659461,4199800,-6128949,0,0
1,30.065000000000,21.656799147327,334,2026-09-04T19:22:23Z,-127183.983135999995,334000,439,5024467.858157679439,-340687.391882395837,4822476.293663440272,4989.187451646103,-2108.570060568866,-5433.026520717249,257.603306081685,14.497156037312,1663671.707733721007,4221.178530396664,-6160.146987582125,-101,7167899,-6164.550781250000,-4.403793667875,5024468,-340687,4822476,4989187,-2108570,-5433027,1663672,4221179,-6160147,0,0
1,30.065000000000,21.656799147327,335,2026-09-04T19:22:24Z,-127182.983135999995,335000,440,5029454.025973024778,-342796.160281613818,4817040.438429448754,4983.006609035328,-2108.897984700661,-5438.698541791382,257.391542954203,14.417180258256,1667903.573273492977,4242.390281603053,-6191.102206451557,-101,7167899,-6164.550781250000,26.551425201557,5029454,-342796,4817040,4983007,-2108898,-5438699,1667904,4242390,-6191102,0,0
1,30.065000000000,21.656799147327,336,2026-09-04T19:22:25Z,-127181.983135999995,336000,441,5034434.010046133772,-344905.255006735038,4811598.914133477025,4976.819703785623,-2109.222529186127,-5444.364347482406,257.181022636316,14.337160170301,1672156.567784062820,4263.436214883372,-6221.815440105151,-102,7167898,-6225.585937500000,-3.770497394849,5034434,-344905,4811599,4976820,-2109223,-5444364,1672157,4263436,-6221815,0,0
1,30.065000000000,21.656799147327,337,2026-09-04T19:22:26Z,-127180.983135999995,337000,442,5039407.804317342117,-347014.672678468924,4806151.726994179189,4970.626743376670,-2109.543693472119,-5450.023930516181,256.971739712482,14.257100726466,1676430.525871231686,4284.317179494523,-6252.287927899954,-102,7167898,-6225.585937500000,26.701990399954,5039408,-347015,4806152,4970627,-2109544,-5450024,1676431,4284317,-6252288,0,0
1,30.065000000000,21.656799147327,338,2026-09-04T19:22:27Z,-127179.983135999995,338000,443,5044375.402735170908,-349124.409915174358,4800698.883236861788,4964.427735370919,-2109.861475866296,-5455.677283621299,256.763688699584,14.177006787492,1680725.282993859146,4305.034033583596,-6282.520922166839,-103,7167897,-6286.621093750000,-4.100171583161,5044375,-349124,4800699,4964428,-2109861,-5455677,1680725,4305034,-6282521,0,0
1,30.065000000000,21.656799147327,339,2026-09-04T19:22:28Z,-127178.983135999995,339000,444,5049336.799255033024,-351234.463334890374,4795240.389094701968,4958.222687326270,-2110.175874968604,-5461.324399539990,256.556864050033,14.096883122591,1685040.675474456046,4325.587644859406,-6312.515689190521,-103,7167897,-6286.621093750000,25.894595440521,5049337,-351234,4795240,4958223,-2110176,-5461324,1685041,4325588,-6312516,0,0
1,30.065000000000,21.656799147327,340,2026-09-04T19:22:29Z,-127177.983135999995,340000,445,5054291.987840163521,-353344.829552883573,4789776.250807987526,4952.011606806991,-2110.486889383367,-5466.965271013578,256.351260154647,14.016734410260,1689376.540506712161,4345.978889904596,-6342.273508205670,-104,7167896,-6347.656250000000,-5.382741794330,5054292,-353345,4789776,4952012,-2110487,-5466965,1689377,4345979,-6342274,0,0
1,30.065000000000,21.656799147327,341,2026-09-04T19:22:30Z,-127176.983135999995,341000,446,5059240.962461916730,-355455.505184398149,4784306.474623541348,4945.794501374621,-2110.794517865145,-5472.599890796118,256.146871345570,13.936565239043,1693732.716166579630,4366.208653840000,-6371.795670907104,-104,7167896,-6347.656250000000,24.139420907104,5059241,-355456,4784306,4945795,-2110795,-5472600,1693733,4366209,-6371796,0,0
1,30.065000000000,21.656799147327,342,2026-09-04T19:22:31Z,-127175.983135999995,342000,447,5064183.717098236084,-357566.486842205690,4778831.066796575673,4939.571378643450,-2111.098758596825,-5478.228251644396,255.943691899149,13.856380108410,1698109.041417629924,4386.277829307794,-6401.083479965862,-105,7167895,-6408.691406250000,-7.607926284138,5064184,-357566,4778831,4939571,-2111099,-5478228,1698109,4386278,-6401083,0,0
1,30.065000000000,21.656799147327,343,2026-09-04T19:22:32Z,-127174.983135999995,343000,448,5069120.245735402219,-359677.771138403972,4773350.033588682301,4933.342246175016,-2111.399610631281,-5483.850346327017,255.741716038648,13.776183429560,1702505.356121215271,4406.187317184094,-6430.138250069124,-105,7167895,-6408.691406250000,21.446843819124,5069120,-359678,4773350,4933342,-2111400,-5483850,1702505,4406187,-6430138,0,0
1,30.065000000000,21.656799147327,344,2026-09-04T19:22:33Z,-127173.983135999995,344000,449,5074050.542366893031,-361789.354683425045,4767863.381269116886,4927.107111589976,-2111.697072306129,-5489.466167613500,255.540937937010,13.695979526303,1706921.501042371150,4425.938024895746,-6458.961305463825,-106,7167894,-6469.726562500000,-10.765257036175,5074051,-361789,4767863,4927107,-2111697,-5489466,1706922,4425938,-6458961,0,0
1,30.065000000000,21.656799147327,345,2026-09-04T19:22:34Z,-127172.983135999995,345000,450,5078974.600994342007,-363901.234086523240,4762371.116113772616,4920.865982464420,-2111.991142685099,-5495.075708288823,255.341351719475,13.615772635925,1711357.317857640795,4445.530867145740,-6487.553981015297,-106,7167894,-6469.726562500000,17.827418515297,5078975,-363901,4762371,4920866,-2111991,-5495076,1711357,4445531,-6487554,0,0
1,30.065000000000,21.656799147327,346,2026-09-04T19:22:35Z,-127171.983135999995,346000,451,5083892.415626041591,-366013.405955251947,4756873.244406792335,4914.618866449018,-2112.281819972793,-5500.678961137965,255.142951466244,13.535566910099,1715812.649160319008,4464.966764253770,-6515.917619785566,-107,7167893,-6530.761718750000,-14.844098964434,5083892,-366013,4756873,4914619,-2112282,-5500679,1715813,4464967,-6515918,0,0
1,30.065000000000,21.656799147327,347,2026-09-04T19:22:36Z,-127170.983135999995,347000,452,5088803.980278584175,-368125.866896039573,4751369.772438781336,4908.365771149874,-2112.569103099588,-5506.275918955907,254.945731214950,13.455366415762,1720287.338467914844,4484.246643010158,-6544.053574279524,-107,7167893,-6530.761718750000,13.291855529524,5088804,-368126,4751370,4908366,-2112569,-5506276,1720287,4484247,-6544054,0,0
1,30.065000000000,21.656799147327,348,2026-09-04T19:22:37Z,-127169.983135999995,348000,453,5093709.288976432756,-370238.613514049095,4745860.706507280469,4902.106704234029,-2112.852990278441,-5511.866574541273,254.749684963164,13.375175136044,1724781.230227504391,4503.371435151060,-6571.963204219730,-108,7167892,-6591.796875000000,-19.833670780270,5093709,-370239,4745861,4902107,-2112853,-5511867,1724781,4503371,-6571963,0,0
1,30.065000000000,21.656799147327,349,2026-09-04T19:22:38Z,-127168.983135999995,349000,454,5098608.335750788450,-372351.642412771645,4740346.052918021567,4895.841673295763,-2113.133480886461,-5517.450920704505,254.554806670867,13.294996971204,1729294.169820070732,4522.342078449024,-6599.647878137907,-108,7167892,-6591.796875000000,7.851003137907,5098608,-372352,4740346,4895842,-2113133,-5517451,1729294,4522342,-6599648,0,0
1,30.065000000000,21.656799147327,350,2026-09-04T19:22:39Z,-127167.983135999995,350000,455,5103501.114641281776,-374464.950194626465,4734825.817983063869,4889.570686066691,-2113.410572421856,-5523.028950262415,254.361090262754,13.214835739551,1733826.003566880012,4541.159513960089,-6627.108969357525,-109,7167891,-6652.832031250000,-25.723061892475,5103501,-374465,4734826,4889571,-2113411,-5523029,1733826,4541160,-6627109,0,0
1,30.065000000000,21.656799147327,351,2026-09-04T19:22:40Z,-127166.983135999995,351000,456,5108387.619695044123,-376578.533460794657,4729300.008021798916,4883.293750106532,-2113.684264997914,-5528.600656035451,254.168529630586,13.134695178394,1738376.578733394854,4559.824689179879,-6654.347860599605,-109,7167891,-6652.832031250000,1.515829349605,5108388,-376579,4729300,4883294,-2113684,-5528601,1738377,4559825,-6654348,0,0
1,30.065000000000,21.656799147327,352,2026-09-04T19:22:41Z,-127165.983135999995,352000,457,5113267.844966391101,-378692.388810496253,4723768.629361370578,4877.010873185100,-2113.954555977330,-5534.166030854067,253.977118635457,13.054578945016,1742945.743532697205,4578.338553490602,-6681.365937338352,-109,7167891,-6652.832031250000,28.533906088352,5113268,-378692,4723769,4877011,-2113955,-5534166,1742946,4578339,-6681366,0,0
1,30.065000000000,21.656799147327,353,2026-09-04T19:22:42Z,-127164.983135999995,353000,458,5118141.784517923370,-380806.512842290860,4718231.688335366547,4870.722062892128,-2114.221445196222,-5539.725067555992,253.786851109968,12.974490617605,1747533.347131051822,4596.702061890029,-6708.164593242996,-110,7167890,-6713.867187500000,-5.702594257004,5118142,-380807,4718232,4870722,-2114221,-5539725,1747533,4596702,-6708165,0,0
1,30.065000000000,21.656799147327,354,2026-09-04T19:22:43Z,-127163.983135999995,354000,459,5123009.432419562712,-382920.902153136849,4712689.191284958273,4864.427326993791,-2114.484930315825,-5545.277758983502,253.597720860406,12.894433696244,1752139.239650089061,4614.916171036454,-6734.745224406041,-110,7167890,-6713.867187500000,20.878036906041,5123009,-382921,4712689,4864427,-2114485,-5545278,1752139,4614916,-6734745,0,0
1,30.065000000000,21.656799147327,355,2026-09-04T19:22:44Z,-127162.983135999995,355000,460,5127870.782749395818,-385035.553338993224,4707141.144557897002,4858.126673146216,-2114.745010603201,-5550.824097991608,253.409721668812,12.814411603869,1756763.272170974640,4632.981841859691,-6761.109233153606,-111,7167889,-6774.902343750000,-13.793110596394,5127871,-385036,4707141,4858127,-2114745,-5550824,1756763,4632982,-6761109,0,0
1,30.065000000000,21.656799147327,356,2026-09-04T19:22:45Z,-127161.983135999995,356000,461,5132725.829592382535,-387150.462993458670,4701587.554510117508,4851.820109073742,-2115.001684456388,-5556.364077434409,253.222847295070,12.734427687281,1761405.296735380543,4650.900037307217,-6787.258024756272,-111,7167889,-6774.902343750000,12.355681006272,5132726,-387150,4701588,4851820,-2115002,-5556364,1761405,4650900,-6787258,0,0
1,30.065000000000,21.656799147327,357,2026-09-04T19:22:46Z,-127160.983135999995,357000,462,5137574.567041842267,-389265.627710703586,4696028.427503784187,4845.507642452503,-2115.254951155521,-5561.897690178739,253.037091478867,12.654485218070,1766065.166351307649,4668.671723401273,-6813.193008971749,-112,7167888,-6835.937500000000,-22.744491028251,5137575,-389266,4696028,4845508,-2115255,-5561898,1766065,4668672,-6813193,0,0
1,30.065000000000,21.656799147327,358,2026-09-04T19:22:47Z,-127159.983135999995,358000,463,5142416.989198683761,-391381.044081606902,4690463.769908514805,4839.189281078689,-2115.504808378205,-5567.424929098706,252.852447941620,12.574587393664,1770742.734991690144,4686.297867000775,-6838.915596778752,-112,7167888,-6835.937500000000,2.978096778752,5142417,-391381,4690464,4839189,-2115505,-5567425,1770743,4686298,-6838916,0,0
1,30.065000000000,21.656799147327,359,2026-09-04T19:22:48Z,-127158.983135999995,359000,464,5147253.090171209536,-393496.708696975664,4684893.588101319969,4832.865032597510,-2115.751256000181,-5572.945787072968,252.668910388418,12.494737338277,1775437.857598832808,4703.779438443976,-6864.427204233535,-112,7167888,-6835.937500000000,28.489704233535,5147253,-393497,4684894,4832865,-2115751,-5572946,1775438,4703779,-6864427,0,0
1,30.065000000000,21.656799147327,360,2026-09-04T19:22:49Z,-127157.983135999995,360000,465,5152082.864076258615,-395612.618145715212,4679317.888465478085,4826.534904830623,-2115.994291709001,-5578.460256990184,252.486472509788,12.414938103906,1780150.390085248044,4721.117407879306,-6889.729247115338,-113,7167887,-6896.972656250000,-7.243409134662,5152083,-395613,4679318,4826535,-2115994,-5578460,1780150,4721117,-6889729,0,0
1,30.065000000000,21.656799147327,361,2026-09-04T19:22:50Z,-127156.983135999995,361000,466,5156906.305037720129,-397728.769016242353,4673736.677392082289,4820.198905456891,-2116.233915099940,-5583.968331744472,252.305127983571,12.335192671323,1784880.189335240517,4738.312748125606,-6914.823145100443,-113,7167887,-6896.972656250000,17.850488850443,5156906,-397729,4673737,4820199,-2116234,-5583968,1784880,4738313,-6914823,0,0
1,30.065000000000,21.656799147327,362,2026-09-04T19:22:51Z,-127155.983135999995,362000,467,5161723.407186935656,-399845.157894389762,4668149.961279781535,4813.857042317977,-2116.470123869817,-5589.470004236318,252.124870476616,12.255503951091,1789627.113204504363,4755.366431483346,-6939.710317108656,-114,7167886,-6958.007812500000,-18.297495391344,5161723,-399845,4668150,4813857,-2116470,-5589470,1789627,4755366,-6939710,0,0
1,30.065000000000,21.656799147327,363,2026-09-04T19:22:52Z,-127154.983135999995,363000,468,5166534.164663546719,-401961.781366100651,4662557.746533607133,4807.509323113663,-2116.702917625730,-5594.965267374391,251.945693646479,12.175874784506,1794391.020523643121,4772.279432385900,-6964.392185172422,-114,7167886,-6958.007812500000,6.384372672422,5166534,-401962,4662558,4807509,-2116703,-5594965,1794391,4772279,-6964392,0,0
1,30.065000000000,21.656799147327,364,2026-09-04T19:22:53Z,-127153.983135999995,364000,469,5171338.571615696885,-404078.636015272408,4656960.039564894512,4801.155755641958,-2116.932294807043,-5600.454114077365,251.767591143030,12.096307944617,1799171.771097090328,4789.052724783622,-6988.870170619283,-115,7167885,-7019.042968750000,-30.172798130717,5171339,-404079,4656960,4801156,-2116932,-5600454,1799172,4789053,-6988870,0,0
1,30.065000000000,21.656799147327,365,2026-09-04T19:22:54Z,-127152.983135999995,365000,470,5176136.622197451070,-406195.718424607650,4651356.846794161946,4794.796347700867,-2117.158254005801,-5605.936537268462,251.590556610180,12.016806137230,1803969.225702430587,4805.687282894419,-7013.145695167248,-115,7167885,-7019.042968750000,-5.897273582752,5176137,-406196,4651357,4794796,-2117158,-5605937,1803969,4805687,-7013146,0,0
1,30.065000000000,21.656799147327,366,2026-09-04T19:22:55Z,-127151.983135999995,366000,471,5180928.310572650284,-408313.025175364106,4645748.174646779895,4788.431107046563,-2117.380794406358,-5611.412529879090,251.414583687267,11.937372001857,1808783.246092684334,4822.184081305857,-7037.220181073776,-115,7167885,-7019.042968750000,18.177212323776,5180928,-408313,4645748,4788431,-2117381,-5611413,1808783,4822184,-7037220,0,0
1,30.065000000000,21.656799147327,367,2026-09-04T19:22:56Z,-127150.983135999995,367000,472,5185713.630911283195,-410430.552848472318,4640134.029556949623,4782.060041505247,-2117.599914464734,-5616.882084844292,251.239666010736,11.858008112724,1813613.694994675694,4838.544093718688,-7061.095049302160,-116,7167884,-7080.078125000000,-18.983075697840,5185714,-410431,4640134,4782060,-2117600,-5616882,1813614,4838544,-7061095,0,0
1,30.065000000000,21.656799147327,368,2026-09-04T19:22:57Z,-127149.983135999995,368000,473,5190492.577392034233,-412548.298022255360,4634514.417965060100,4775.683158912216,-2117.815612640243,-5622.345195111848,251.065797215471,11.778716979756,1818460.436108373338,4854.768293286368,-7084.771720017006,-116,7167884,-7080.078125000000,4.693595017006,5190493,-412548,4634514,4775683,-2117816,-5622345,1818460,4854768,-7084772,0,0
1,30.065000000000,21.656799147327,369,2026-09-04T19:22:58Z,-127148.983135999995,369000,474,5195265.144201292656,-414666.257275131065,4628889.346318531781,4769.300467053654,-2118.027888135600,-5627.801853634082,250.892970936295,11.699501049529,1823323.334107772214,4870.857652945152,-7108.251613065943,-116,7167884,-7080.078125000000,28.173488065943,5195265,-414666,4628889,4769300,-2118028,-5627802,1823323,4870858,-7108252,0,0
1,30.065000000000,21.656799147327,370,2026-09-04T19:22:59Z,-127147.983135999995,370000,475,5200031.325533217750,-416784.427183493390,4623258.821071990766,4762.911973757582,-2118.236739716224,-5633.252053373326,250.721180809322,11.620362706271,1828202.254638319137,4886.813144301002,-7131.536146355250,-117,7167883,-7141.113281250000,-9.577134894750,5200031,-416784,4623259,4762912,-2118237,-5633252,1828202,4886813,-7131536,0,0
1,30.065000000000,21.656799147327,371,2026-09-04T19:23:00Z,-127146.983135999995,371000,476,5204791.115589772351,-418902.804322345881,4617622.848687106743,4756.517686892948,-2118.442165709894,-5638.695787291908,250.550420473304,11.541304272824,1833097.064316341886,4902.635737420118,-7154.626735544167,-117,7167883,-7141.113281250000,13.513454294167,5204791,-418903,4617623,4756518,-2118442,-5638696,1833097,4902636,-7154627,0,0
1,30.065000000000,21.656799147327,372,2026-09-04T19:23:01Z,-127145.983135999995,372000,477,5209544.508580914699,-421021.385265822406,4611981.435632415116,4750.117614253213,-2118.644165631736,-5644.133048373078,250.380683570928,11.462328011600,1838007.630728281336,4918.326401861480,-7177.524795551719,-118,7167882,-7202.148437500000,-24.623641948281,5209545,-421021,4611981,4750118,-2118644,-5644133,1838008,4918326,-7177525,0,0
1,30.065000000000,21.656799147327,373,2026-09-04T19:23:02Z,-127144.983135999995,373000,478,5214291.498723750003,-423140.166586734762,4606334.588384230621,4743.711763770079,-2118.842737228533,-5649.563829591898,250.211963750106,11.383436125552,1842933.822428239044,4933.886104231237,-7200.231736987748,-118,7167882,-7202.148437500000,-1.916700512252,5214291,-423140,4606335,4743712,-2118843,-5649564,1842934,4933886,-7200232,0,0
1,30.065000000000,21.656799147327,374,2026-09-04T19:23:03Z,-127143.983135999995,374000,479,5219032.080244304612,-425259.144856913597,4600682.313424688764,4737.300143236098,-2119.037880174915,-5654.988123938892,250.044254665126,11.304630759109,1847875.508937735809,4949.315810797611,-7222.748969968935,-118,7167882,-7202.148437500000,20.600532468935,5219032,-425259,4600682,4737300,-2119038,-5654988,1847876,4949316,-7222749,0,0
1,30.065000000000,21.656799147327,375,2026-09-04T19:23:04Z,-127142.983135999995,375000,480,5223766.247375828214,-427378.316646743566,4595024.617243657820,4730.882760552049,-2119.229592967656,-5660.405924416409,249.877549977895,11.225913999149,1852832.560742297675,4964.616484958632,-7245.077900423370,-119,7167881,-7263.183593750000,-18.105693326630,5223766,-427378,4595025,4730883,-2119230,-5660406,1852833,4964616,-7245078,0,0
1,30.065000000000,21.656799147327,376,2026-09-04T19:23:05Z,-127141.983135999995,376000,481,5228493.994359295815,-429497.678525503376,4589361.506338186562,4724.459623591429,-2119.417874405542,-5665.817224024977,249.711843359068,11.147287875925,1857804.849289979553,4979.789088169094,-7267.219931443299,-119,7167881,-7263.183593750000,4.036337693299,5228494,-429498,4589362,4724460,-2119418,-5665817,1857805,4979789,-7267220,0,0
1,30.065000000000,21.656799147327,377,2026-09-04T19:23:06Z,-127140.983135999995,377000,482,5233215.315444485284,-431617.227060995821,4583692.987211273052,4718.030740258655,-2119.602723141952,-5671.222015777857,249.547128489106,11.068754363999,1862792.246989564737,4994.834579451146,-7289.176462570904,-119,7167881,-7263.183593750000,25.992868820904,5233215,-431617,4583693,4718031,-2119603,-5671222,1862792,4994835,-7289176,0,0
1,30.065000000000,21.656799147327,378,2026-09-04T19:23:07Z,-127139.983135999995,378000,483,5237930.204887506552,-433736.958820180211,4578019.066374665126,4711.596118414491,-2119.784138433261,-5676.620292694679,249.383399059451,10.990315383190,1867794.627206933685,5009.753915767467,-7310.948890342889,-120,7167880,-7324.218750000000,-13.269859657111,5237930,-433737,4578019,4711596,-2119784,-5676620,1867795,5009754,-7310949,0,0
1,30.065000000000,21.656799147327,379,2026-09-04T19:23:08Z,-127138.983135999995,379000,484,5242638.656953932717,-435856.870368777309,4572339.750345304608,4705.155765976997,-2119.962118945296,-5682.012047801436,249.220648773434,10.911972799460,1872811.864264332457,5024.548050983635,-7332.538606776227,-120,7167880,-7324.218750000000,8.319856776227,5242639,-435857,4572340,4705156,-2119962,-5682012,1872812,5024548,-7332539,0,0
1,30.065000000000,21.656799147327,380,2026-09-04T19:23:09Z,-127137.983135999995,380000,485,5247340.665916688740,-437976.958271283016,4566655.045647715218,4698.709690932446,-2120.136662603329,-5687.397274134128,249.058871347354,10.833728425858,1877843.833436177345,5039.217935595439,-7353.946998970217,-120,7167880,-7324.218750000000,29.728248970217,5247341,-437977,4566655,4698710,-2120137,-5687397,1877844,5039218,-7353947,0,0
1,30.065000000000,21.656799147327,381,2026-09-04T19:23:10Z,-127136.983135999995,381000,486,5252036.226055766456,-440097.219090702420,4560964.958814430982,4692.257901084304,-2120.307769723752,-5692.775964734210,248.898060511454,10.755584023429,1882890.410945721436,5053.764518910782,-7375.175452290620,-121,7167879,-7385.253906250000,-10.078453959380,5252036,-440097,4560965,4692258,-2120308,-5692776,1882890,5053765,-7375175,0,0
1,30.065000000000,21.656799147327,382,2026-09-04T19:23:11Z,-127135.983135999995,382000,487,5256725.331660563126,-442217.649389714876,4555269.496383117512,4685.800404475231,-2120.475437794482,-5698.148112649505,248.738210010776,10.677541302073,1887951.473964610603,5068.188745027929,-7396.225344500557,-121,7167879,-7385.253906250000,10.971438250557,5256725,-442218,4555269,4685800,-2120475,-5698148,1887951,5068189,-7396225,0,0
1,30.065000000000,21.656799147327,383,2026-09-04T19:23:12Z,-127134.983135999995,383000,488,5261407.977027471177,-444338.245728566893,4549568.664899618365,4679.337208943252,-2120.639666846671,-5703.513710940570,248.579313606127,10.599601921488,1893026.900606293930,5082.491556679345,-7417.098051369970,-122,7167878,-7446.289062500000,-29.191011130030,5261408,-444338,4549569,4679337,-2120640,-5703514,1893027,5082492,-7417098,0,0
1,30.065000000000,21.656799147327,384,2026-09-04T19:23:13Z,-127133.983135999995,384000,489,5266084.156461012550,-446459.004667332687,4543862.470916406251,4672.868322537397,-2120.800454525920,-5708.872752668867,248.421365074929,10.521767492015,1898116.569925318705,5096.673891449354,-7437.794941155898,-122,7167878,-7446.289062500000,-8.494121344102,5266084,-446459,4543862,4672868,-2120800,-5708873,1898117,5096674,-7437795,0,0
1,30.065000000000,21.656799147327,385,2026-09-04T19:23:14Z,-127132.983135999995,385000,490,5270753.864273417741,-448579.922764535295,4538150.920993188396,4666.393753092962,-2120.957801176075,-5714.225230906777,248.264358212058,10.444039575526,1903220.361912469380,5110.736685407368,-7458.317379904613,-122,7167878,-7446.289062500000,12.028317404613,5270754,-448580,4538151,4666394,-2120958,-5714225,1903220,5110737,-7458317,0,0
1,30.065000000000,21.656799147327,386,2026-09-04T19:23:15Z,-127131.983135999995,386000,491,5275417.094785261899,-450700.996577687503,4532434.021696156822,4659.913508765385,-2121.111703403301,-5719.571138737592,248.108286830627,10.366419686285,1908338.157492080703,5124.680868231309,-7478.666724334998,-123,7167877,-7507.324218750000,-28.657494415002,5275417,-450701,4532434,4659914,-2121112,-5719571,1908338,5124681,-7478667,0,0
1,30.065000000000,21.656799147327,387,2026-09-04T19:23:16Z,-127130.983135999995,387000,492,5280073.842325217091,-452822.222663205175,4526711.779598240741,4653.427597309928,-2121.262162613050,-5724.910469242786,247.953144762776,10.288909291801,1913469.838518096134,5138.507369378964,-7498.844330844696,-123,7167877,-7507.324218750000,-8.479887905304,5280074,-452822,4526712,4653428,-2121262,-5724910,1913470,5138507,-7498844,0,0
1,30.065000000000,21.656799147327,388,2026-09-04T19:23:17Z,-127129.983135999995,388000,493,5284724.101229682565,-454943.597576118831,4520984.201279605739,4646.936026885669,-2121.409175569511,-5730.243215521114,247.798925860420,10.211509813685,1918615.287769745803,5152.217111028043,-7518.851545207214,-123,7167877,-7507.324218750000,11.527326457214,5284724,-454944,4520984,4646936,-2121409,-5730243,1918615,5152217,-7518852,0,0
1,30.065000000000,21.656799147327,389,2026-09-04T19:23:18Z,-127128.983135999995,389000,494,5289367.865842490457,-457065.117870892165,4515251.293327924795,4640.438805325175,-2121.552743094128,-5735.569370673147,247.645623996001,10.134222628485,1923774.388948045438,5165.811014362964,-7538.689711746507,-124,7167876,-7568.359375000000,-29.669663253493,5289368,-457065,4515251,4640439,-2121553,-5735569,1923774,5165811,-7538690,0,0
1,30.065000000000,21.656799147327,390,2026-09-04T19:23:19Z,-127127.983135999995,390000,495,5294005.130516585894,-459186.780099723605,4509513.062336546369,4633.935940802985,-2121.692861957115,-5740.888927809465,247.493233063079,10.057049068511,1928947.026671664324,5179.289993516769,-7558.360164496155,-124,7167876,-7568.359375000000,-9.999210503845,5294005,-459187,4509513,4633936,-2121693,-5740889,1928947,5179290,-7558360,0,0
2,49.680000000000,42.978143508276,0,2026-09-04T17:39:16Z,-133370.983135999995,0,496,2844221.865620454308,1594805.357840362238,6187790.820461794734,6737.522606304992,1028.184452142568,-3453.085594809636,25.276743457861,10.073107396095,2001789.204389504855,-6498.882871169429,9484.098683151746,155,7168155,9460.449218750000,-23.649464401746,2844222,1594805,6187791,6737523,1028184,-3453086,2001789,-6498883,9484099,0,0
2,49.680000000000,42.978143508276,1,2026-09-04T17:39:17Z,-133369.983135999995,1000,497,2850957.844985799864,1595832.129941791063,6184334.157415767200,6734.383242396234,1025.359360103266,-3460.283096635976,25.350745030853,10.162442588175,1995292.372121946653,-6494.772094372385,9478.099650151700,155,7168155,9460.449218750000,-17.650431401700,2850958,1595832,6184334,6734383,1025359,-3460283,1995292,-6494772,9478100,0,0
2,49.680000000000,42.978143508276,2,2026-09-04T17:39:18Z,-133368.983135999995,2000,498,2857690.680968270637,1596856.076556432992,6180870.298775435425,6731.235554034356,1022.533467537187,-3467.476862343574,25.425244717136,10.252134871117,1988799.675268659135,-6490.611918762742,9472.028527344406,155,7168155,9460.449218750000,-11.579308594406,2857691,1596856,6180870,6731236,1022533,-3467477,1988800,-6490612,9472029,0,0
2,49.680000000000,42.978143508276,3,2026-09-04T17:39:19Z,-133367.983135999995,3000,499,2864420.365246007685,1597877.196885998128,6177399.248280557804,6728.079544199318,1019.706778769887,-3474.666883141253,25.500247810072,10.342187128200,1982311.163523237221,-6486.401752164654,9465.884450542235,155,7168155,9460.449218750000,-5.435231792235,2864420,1597877,6177399,6728080,1019707,-3474667,1982311,-6486402,9465884,0,0
2,49.680000000000,42.978143508276,4,2026-09-04T17:39:20Z,-133366.983135999995,4000,500,2871146.889498154167,1598895.490136241307,6173921.009680699557,6724.915215742840,1016.879298372260,-3481.853150242387,25.575759674778,10.432602267257,1975826.887177690165,-6482.140993584714,9459.666542689718,155,7168155,9460.449218750000,0.782676060282,2871147,1598895,6173921,6724915,1016879,-3481853,1975827,-6482141,9459667,0,0
2,49.680000000000,42.978143508276,5,2026-09-04T17:39:21Z,-133365.983135999995,5000,501,2877870.245409498923,1599910.955517733935,6170435.586732814088,6721.742571893174,1014.051030264000,-3489.035654859435,25.651785749340,10.523383220850,1969346.897126714000,-6477.829033629337,9453.373914472641,155,7168155,9460.449218750000,7.075304277359,2877870,1599911,6170436,6721743,1014051,-3489036,1969347,-6477829,9453374,0,0
2,49.680000000000,42.978143508276,6,2026-09-04T17:39:22Z,-133364.983135999995,6000,502,2884590.424665179569,1600923.592245246982,6166942.983203937300,6718.561615210092,1011.221979590800,-3496.214388217595,25.728331545943,10.614532946309,1962871.244881701423,-6473.465253199631,9447.005662413423,155,7168155,9460.449218750000,13.443556336577,2884590,1600924,6166943,6718562,1011222,-3496214,1962871,-6473465,9447006,0,0
2,49.680000000000,42.978143508276,7,2026-09-04T17:39:23Z,-133363.983135999995,7000,503,2891307.418954280671,1601933.399537957273,6163443.202869415283,6715.372349171048,1008.392149862857,-3503.389341531147,25.805402652102,10.706054425887,1956399.982576269889,-6469.049025121112,9440.560871249425,155,7168155,9460.449218750000,19.888347500575,2891307,1601933,6163443,6715372,1008392,-3503389,1956400,-6469049,9440561,0,0
2,49.680000000000,42.978143508276,8,2026-09-04T17:39:24Z,-133362.983135999995,8000,504,2898021.219970023260,1602940.376619489165,6159936.249512823299,6712.174776311713,1005.561546312720,-3510.560506025286,25.883004731891,10.797950666868,1949933.162975275191,-6464.579711906110,9434.038610667527,155,7168155,9460.449218750000,26.410608082473,2898021,1602940,6159936,6712175,1005562,-3510561,1949933,-6464580,9434039,0,0
2,49.680000000000,42.978143508276,9,2026-09-04T17:39:25Z,-133361.983135999995,9000,505,2904731.819407064933,1603944.522717860295,6156422.126927241683,6708.968899906267,1002.730172858719,-3517.727872931573,25.961143527172,10.890224701619,1943470.839486734942,-6460.056667510275,9427.437937867489,154,7168154,9399.414062500000,-28.023875367489,2904732,1603945,6156422,6708969,1002730,-3517728,1943471,-6460057,9427438,0,0
2,49.680000000000,42.978143508276,10,2026-09-04T17:39:26Z,-133360.983135999995,10000,506,2911439.208963995799,1604945.837065581698,6152900.838914051652,6705.754722737311,999.898034329590,-3524.891433477023,26.039824858883,10.982879587721,1937013.066168889403,-6455.479235773784,9420.757895287115,154,7168154,9399.414062500000,-21.343832787115,2911439,1604946,6152901,6705755,999898,-3524891,1937013,-6455479,9420758,0,0
2,49.680000000000,42.978143508276,11,2026-09-04T17:39:27Z,-133359.983135999995,11000,507,2918143.380341687705,1605944.318899171660,6149372.389283878729,6702.532248148600,997.065134560899,-3532.051178898655,26.119054628306,11.075918408029,1930559.897741401801,-6450.846751478130,9413.997512144493,154,7168154,9399.414062500000,-14.583449644493,2918143,1605944,6149372,6702532,997065,-3532051,1930560,-6450847,9413998,0,0
2,49.680000000000,42.978143508276,12,2026-09-04T17:39:28Z,-133358.983135999995,12000,508,2924844.325244287960,1606939.967460517539,6145836.781855720095,6699.301478810867,994.231478631946,-3539.207100427120,26.198838818437,11.169344270765,1924111.389594272710,-6446.158538768071,9407.155802135059,154,7168154,9399.414062500000,-7.741739635059,2924844,1606940,6145837,6699301,994231,-3539207,1924111,-6446159,9407156,0,0
2,49.680000000000,42.978143508276,13,2026-09-04T17:39:29Z,-133357.983135999995,13000,509,2931542.035380088724,1607932.781994944206,6142294.020457065664,6696.062418131078,991.397070295079,-3546.359189311261,26.279183495268,11.263160309605,1917667.597796770511,-6441.413912625383,9400.231765582326,154,7168154,9399.414062500000,-0.817703082326,2931542,1607933,6142294,6696062,991397,-3546359,1917668,-6441414,9400232,0,0
2,49.680000000000,42.978143508276,14,2026-09-04T17:39:30Z,-133356.983135999995,14000,510,2938236.502458402887,1608922.761752733495,6138744.108925008215,6692.815068850905,988.561914551155,-3553.507436789914,26.360094809184,11.357369683700,1911228.579110709717,-6436.612177077536,9393.224386823707,154,7168154,9399.414062500000,6.189675676293,2938237,1608923,6138744,6692815,988562,-3553507,1911229,-6436612,9393224,0,0
2,49.680000000000,42.978143508276,15,2026-09-04T17:39:31Z,-133355.983135999995,15000,511,2944927.718192873523,1609909.905988082057,6135187.051104893908,6689.559434311377,985.726015318733,-3560.651834108285,26.441578996342,11.451975577781,1904794.390997370705,-6431.752626500777,9386.132636112181,154,7168154,9399.414062500000,13.281426387819,2944928,1609910,6135187,6689559,985726,-3560652,1904794,-6431753,9386133,0,0
2,49.680000000000,42.978143508276,16,2026-09-04T17:39:32Z,-133354.983135999995,16000,512,2951615.674300672952,1610894.213960427325,6131622.850850391202,6686.295517179133,982.889377771244,-3567.792372516124,26.523642380125,11.546981202202,1898365.091628859984,-6426.834543984556,9378.955467229411,154,7168154,9399.414062500000,20.458595270589,2951616,1610894,6131623,6686296,982889,-3567792,1898365,-6426835,9378955,0,0
2,49.680000000000,42.978143508276,17,2026-09-04T17:39:33Z,-133353.983135999995,17000,513,2958300.362500364427,1611875.684932580451,6128051.512025014497,6683.023321141263,980.052005240623,-3574.929043266820,26.606291372512,11.642389792954,1891940.739900580607,-6421.857203117716,9371.691820092423,154,7168154,9399.414062500000,27.722242407577,2958300,1611876,6128052,6683023,980052,-3574929,1891941,-6421857,9371692,0,0
2,49.680000000000,42.978143508276,18,2026-09-04T17:39:34Z,-133352.983135999995,18000,514,2964981.774515676778,1612854.318172886968,6124473.038499708287,6679.742848795286,977.213903070833,-3582.061837617402,26.689532475641,11.738204611751,1885521.395438542124,-6416.819865379372,9364.340616945990,153,7168153,9338.378906250000,-25.961710695990,2964982,1612854,6124473,6679743,977214,-3582062,1885521,-6416820,9364341,0,0
2,49.680000000000,42.978143508276,19,2026-09-04T17:39:35Z,-133351.983135999995,19000,515,2971659.902071520686,1613830.112953029806,6120887.434155405499,6676.454103482229,974.375075265925,-3589.190746827626,26.773372283210,11.834428946008,1879107.118613962084,-6411.721782084821,9356.900765202403,153,7168153,9338.378906250000,-18.521858952403,2971660,1613830,6120887,6676454,974375,-3589191,1879107,-6411722,9356901,0,0
2,49.680000000000,42.978143508276,20,2026-09-04T17:39:36Z,-133350.983135999995,20000,516,2978334.736897697207,1614803.068550168769,6117294.702880600467,6673.157088328480,971.535526248317,-3596.315762158156,26.857817482095,11.931066108908,1872697.970550963189,-6406.562193093087,9349.371155555305,153,7168153,9338.378906250000,-10.992249305305,2978335,1614803,6117295,6673157,971536,-3596316,1872698,-6406562,9349371,0,0
2,49.680000000000,42.978143508276,21,2026-09-04T17:39:37Z,-133349.983135999995,21000,517,2985006.270725182723,1615773.184244800825,6113694.848573790863,6669.851806332645,968.695260697586,-3603.436874873296,26.942874853807,12.028119439357,1866294.013141279807,-6401.340326736203,9341.750661876520,153,7168153,9338.378906250000,-3.371755626520,2985006,1615773,6113695,6669852,968695,-3603437,1866294,-6401340,9341751,0,0
2,49.680000000000,42.978143508276,22,2026-09-04T17:39:38Z,-133348.983135999995,22000,518,2991674.495289867744,1616740.459322908428,6110087.875141043216,6666.538260777088,965.854282786722,-3610.554076245535,27.028551276171,12.125592302044,1859895.309052308789,-6396.055400112687,9334.038141644312,153,7168153,9338.378906250000,4.340764605688,2991674,1616740,6110088,6666538,965854,-3610554,1859895,-6396055,9334038,0,0
2,49.680000000000,42.978143508276,23,2026-09-04T17:39:39Z,-133347.983135999995,23000,519,2998339.402330195531,1617704.893074138090,6106473.786497645080,6663.216454774556,963.012597024772,-3617.667357544633,27.114853724860,12.223488087391,1853501.921740865801,-6390.706618370089,9326.232434896390,153,7168153,9338.378906250000,12.146471353610,2998339,1617705,6106474,6663216,963013,-3617667,1853502,-6390707,9326232,0,0
2,49.680000000000,42.978143508276,24,2026-09-04T17:39:40Z,-133346.983135999995,24000,520,3005000.983587199356,1618666.484792646719,6102852.586567863822,6659.886391494638,960.170207840292,-3624.776710045808,27.201789275062,12.321810211533,1847113.915465076454,-6385.293174784445,9318.332364345853,153,7168153,9338.378906250000,20.046541904147,3005001,1618666,6102853,6659886,960170,-3624777,1847114,-6385293,9318332,0,0
2,49.680000000000,42.978143508276,25,2026-09-04T17:39:41Z,-133345.983135999995,25000,521,3011659.230805879459,1619625.233777631773,6099224.279284149408,6656.548074119200,957.327119663432,-3631.882125030643,27.289365103180,12.420562116309,1840731.355295152636,-6379.814250515372,9310.336735023786,153,7168153,9338.378906250000,28.042171226214,3011659,1619625,6099224,6656548,957327,-3631882,1840731,-6379814,9310337,0,0
2,49.680000000000,42.978143508276,26,2026-09-04T17:39:42Z,-133344.983135999995,26000,522,3018314.135733861011,1620581.139331961051,6095588.868588128127,6653.201505886045,954.483336836802,-3638.983593777084,27.377588488477,12.519747269195,1834354.307126737433,-6374.269014461893,9302.244334068864,152,7168152,9277.343750000000,-24.900584068864,3018314,1620581,6095589,6653202,954483,-3638984,1834354,-6374269,9302244,0,0
2,49.680000000000,42.978143508276,27,2026-09-04T17:39:43Z,-133343.983135999995,27000,523,3024965.690122250468,1621534.200763548259,6091946.358429852873,6649.846689808328,951.638864134338,-3646.081107574901,27.466466814863,12.619369163262,1827982.837692677276,-6368.656622744521,9294.053929971540,152,7168152,9277.343750000000,-16.710179971540,3024966,1621534,6091946,6649847,951639,-3646081,1827983,-6368657,9294054,0,0
2,49.680000000000,42.978143508276,28,2026-09-04T17:39:44Z,-133342.983135999995,28000,524,3031613.885725415312,1622484.417384178611,6088296.752768194303,6646.483629383965,948.793705472553,-3653.174657710224,27.556007572617,12.719431317102,1821617.014575699810,-6362.976219320831,9285.764273472361,152,7168152,9277.343750000000,-8.420523472361,3031614,1622484,6088297,6646484,948794,-3653175,1821617,-6362976,9285764,0,0
2,49.680000000000,42.978143508276,29,2026-09-04T17:39:45Z,-133341.983135999995,29000,525,3038258.714300733060,1623431.788510507206,6084640.055570718832,6643.112327649760,945.947865625840,-3660.264235476461,27.646218360220,12.819937274743,1815256.906221601414,-6357.226934689746,9277.374095671094,152,7168152,9277.343750000000,-0.030345671094,3038259,1623432,6084640,6643112,945948,-3660264,1815257,-6357227,9277374,0,0
2,49.680000000000,42.978143508276,30,2026-09-04T17:39:46Z,-133340.983135999995,30000,526,3044900.167608754244,1624376.313463041792,6080976.270813897252,6639.732787890807,943.101348943401,-3667.349832165200,27.737106886148,12.920890605555,1808902.581952008186,-6351.407886503614,9268.882108919935,152,7168152,9277.343750000000,8.461641080065,3044900,1624376,6080976,6639733,943101,-3667350,1808903,-6351408,9268882,0,0
2,49.680000000000,42.978143508276,31,2026-09-04T17:39:47Z,-133339.983135999995,31000,527,3051538.237413663883,1625317.991567738587,6077305.402482408099,6636.345013399932,940.254159771484,-3674.431439080763,27.828680970800,13.022294904143,1802554.111977322958,-6345.518179091754,9260.287006128226,152,7168152,9277.343750000000,17.056743871774,3051538,1625318,6077305,6636345,940254,-3674431,1802554,-6345518,9260287,0,0
2,49.680000000000,42.978143508276,32,2026-09-04T17:39:48Z,-133338.983135999995,32000,528,3058172.915482529439,1626256.822153881192,6073627.454570126720,6632.949007298521,937.406302806266,-3681.509047521104,27.920948548319,13.124153790212,1796211.567410674877,-6339.556903019579,9251.587460119046,152,7168152,9277.343750000000,25.756289880954,3058173,1626257,6073627,6632949,937406,-3681509,1796212,-6339557,9251587,0,0
2,49.680000000000,42.978143508276,33,2026-09-04T17:39:49Z,-133337.983135999995,33000,529,3064804.193585981615,1627192.804556097370,6069942.431079215370,6629.544773041289,934.557782133879,-3688.582648795091,28.013917668595,13.226470908431,1789875.020281138131,-6333.523135486309,9242.782124209611,151,7168151,9216.308593750000,-26.473530459611,3064804,1627193,6069942,6629545,934558,-3688583,1789875,-6333523,9242782,0,0
2,49.680000000000,42.978143508276,34,2026-09-04T17:39:50Z,-133336.983135999995,34000,530,3071432.063497388270,1628125.938112588599,6066250.336021038704,6626.132313723701,931.708602541903,-3695.652234208865,28.107596499178,13.329249928266,1783544.543548205402,-6327.415939272339,9233.869630675124,151,7168151,9216.308593750000,-17.561036925124,3071432,1628126,6066250,6626132,931709,-3695652,1783545,-6327416,9233870,0,0
2,49.680000000000,42.978143508276,35,2026-09-04T17:39:51Z,-133335.983135999995,35000,531,3078056.516994137317,1629056.222166891210,6062551.173415022902,6622.711632826395,928.858768117379,-3702.717795076751,28.201993327348,13.432494543818,1777220.211114845704,-6321.234363409437,9224.848591726843,151,7168151,9216.308593750000,-8.539997976843,3078057,1629056,6062551,6622712,928859,-3702718,1777220,-6321234,9224849,0,0
2,49.680000000000,42.978143508276,36,2026-09-04T17:39:52Z,-133334.983135999995,36000,532,3084677.545856314711,1629983.656065818621,6058844.947289921343,6619.282733465297,926.008283647434,-3709.779322713985,28.297116562081,13.536208473611,1770902.097842872608,-6314.977442063354,9215.717597881390,151,7168151,9216.308593750000,0.590995868610,3084678,1629984,6058845,6619283,926008,-3709779,1770902,-6314977,9215718,0,0
2,49.680000000000,42.978143508276,37,2026-09-04T17:39:53Z,-133333.983135999995,37000,533,3091295.141867613886,1630908.239162305603,6055131.661682530306,6615.845619142419,923.157153223201,-3716.836808438529,28.392974736238,13.640395460387,1764590.279566922458,-6308.644195193809,9206.475218923924,151,7168151,9216.308593750000,9.833374826076,3091295,1630908,6055132,6615846,923157,-3716837,1764590,-6308644,9206475,0,0
2,49.680000000000,42.978143508276,38,2026-09-04T17:39:54Z,-133332.983135999995,38000,534,3097909.296815299895,1631829.970812133979,6051411.320638630539,6612.400292952316,920.305381722073,-3723.890243576534,28.489576508569,13.745059270878,1758284.833108884282,-6302.233627385807,9197.120002202626,151,7168151,9216.308593750000,19.188591547374,3097909,1631830,6051411,6612400,920305,-3723890,1758285,-6302234,9197120,0,0
2,49.680000000000,42.978143508276,39,2026-09-04T17:39:55Z,-133331.983135999995,39000,535,3104520.002488926053,1632748.850376407150,6047683.928212989122,6608.946758603452,917.452972881847,-3730.939619450510,28.586930665948,13.850203695528,1751985.836294458015,-6295.744728830628,9187.650474060292,151,7168151,9216.308593750000,28.658119689708,3104520,1632749,6047684,6608947,917453,-3730940,1751986,-6295745,9187650,0,0
2,49.680000000000,42.978143508276,40,2026-09-04T17:39:56Z,-133330.983135999995,40000,536,3111127.250682407524,1633664.877220168943,6043949.488468632102,6605.485018889340,914.599932201554,-3737.984927392972,28.685046125547,13.955832548249,1745693.367966198362,-6289.176473253608,9178.065136810257,150,7168150,9155.273437500000,-22.791699310257,3111127,1633665,6043949,6605485,914600,-3737985,1745693,-6289176,9178065,0,0
2,49.680000000000,42.978143508276,41,2026-09-04T17:39:57Z,-133329.983135999995,41000,537,3117731.033192988019,1634578.050713386852,6040208.005477158353,6602.015077864053,911.746262799625,-3745.026158735527,28.783931937093,14.061949666107,1739407.508000154281,-6282.527820296408,9168.362472212955,150,7168150,9155.273437500000,-13.089034712955,3117731,1634578,6040208,6602015,911746,-3745026,1739408,-6282528,9168362,0,0
2,49.680000000000,42.978143508276,42,2026-09-04T17:39:58Z,-133328.983135999995,42000,538,3124331.341821006499,1635488.370229837717,6036459.483319108374,6598.536938157395,908.891970533205,-3752.063304814328,28.883597285118,14.168558909000,1733128.337321631378,-6275.797712025623,9158.540936380761,150,7168150,9155.273437500000,-3.267498880761,3124331,1635488,6036459,6598537,908892,-3752063,1733128,-6275798,9158541,0,0
2,49.680000000000,42.978143508276,43,2026-09-04T17:39:59Z,-133327.983135999995,43000,539,3130928.168369559571,1636395.835148508660,6032703.926083828323,6595.050603895743,906.037058429774,-3759.096356971895,28.984051491317,14.275664159298,1726855.937921717996,-6268.985076228159,9148.598964587092,150,7168150,9155.273437500000,6.674472912908,3130928,1636396,6032704,6595051,906037,-3759096,1726856,-6268985,9148599,0,0
2,49.680000000000,42.978143508276,44,2026-09-04T17:40:00Z,-133326.983135999995,44000,540,3137521.504646374378,1637300.444852368906,6028941.337868772447,6591.556077775294,903.181532266672,-3766.125306548020,29.085304016901,14.383269321511,1720590.392871499294,-6262.088822598490,9138.534965702305,150,7168150,9155.273437500000,16.738471797695,3137522,1637300,6028941,6591556,903182,-3766125,1720590,-6262089,9138535,0,0
2,49.680000000000,42.978143508276,45,2026-09-04T17:40:01Z,-133325.983135999995,45000,541,3144111.342461760156,1638202.198728883173,6025171.722780462354,6588.053363803738,900.325395330583,-3773.150144896135,29.187364464995,14.491378321854,1714331.786340590101,-6255.107845837631,9128.347326716148,150,7168150,9155.273437500000,26.926110783852,3144111,1638202,6025172,6588053,900325,-3773150,1714332,-6255108,9128347,0,0
2,49.680000000000,42.978143508276,46,2026-09-04T17:40:02Z,-133324.983135999995,46000,542,3150697.673629449215,1639101.096169964876,6021395.084934081882,6584.542464841888,897.468653140550,-3780.170863362400,29.290242583102,14.599995107834,1708080.203613056801,-6248.041022373676,9118.034407951929,149,7168149,9094.238281250000,-23.796126701929,3150698,1639101,6021395,6584542,897469,-3780171,1708080,-6248041,9118034,0,0
2,49.680000000000,42.978143508276,47,2026-09-04T17:40:03Z,-133323.983135999995,47000,543,3157280.489966571331,1639997.136571973329,6017611.428453451023,6581.023384827404,894.611309159245,-3787.187453302067,29.393948265601,14.709123647798,1701835.731104398146,-6240.887212841771,9107.594546685608,149,7168149,9094.238281250000,-13.356265435608,3157280,1639997,6017611,6581023,894611,-3787187,1701836,-6240887,9107595,0,0
2,49.680000000000,42.978143508276,48,2026-09-04T17:40:04Z,-133322.983135999995,48000,544,3163859.783294739202,1640890.319335891400,6013820.757470430806,6577.496126780716,891.753368641730,-3794.199906073118,29.498491556309,14.818767930469,1695598.456377796596,-6233.645259363398,9097.026053175383,149,7168149,9094.238281250000,-2.787771925383,3163860,1640890,6013821,6577496,891753,-3794200,1695598,-6233645,9097026,0,0
2,49.680000000000,42.978143508276,49,2026-09-04T17:40:05Z,-133321.983135999995,49000,545,3170435.545437211171,1641780.643866639351,6010023.076126614586,6573.960694477137,888.894835407882,-3801.208213037171,29.603882651016,14.928931964380,1689368.468164257240,-6226.313987342995,9086.327213283532,149,7168149,9094.238281250000,7.911067966468,3170436,1641781,6010023,6573961,888895,-3801208,1689368,-6226314,9086327,0,0
2,49.680000000000,42.978143508276,50,2026-09-04T17:40:06Z,-133320.983135999995,50000,546,3177007.768222412560,1642668.109574582661,6006218.388571052812,6570.417091193121,886.035714266882,-3808.212365563122,29.710131900215,15.039619777390,1683145.856377225369,-6218.892203646936,9075.496285818952,149,7168149,9094.238281250000,18.741995431048,3177008,1642668,6006218,6570417,886036,-3808212,1683146,-6218892,9075496,0,0
2,49.680000000000,42.978143508276,51,2026-09-04T17:40:07Z,-133319.983135999995,51000,547,3183576.443480457645,1643552.715873329435,6002406.698962693103,6566.865320493434,883.176009489034,-3815.212355013500,29.817249811670,15.150835416043,1676930.712133651832,-6211.378697302672,9064.531503557435,149,7168149,9094.238281250000,29.706777692565,3183576,1643553,6002407,6566865,883176,-3815212,1676931,-6211379,9064532,0,0
2,49.680000000000,42.978143508276,52,2026-09-04T17:40:08Z,-133318.983135999995,52000,548,3190141.563047083560,1644434.462181814713,5998588.011467725039,6563.305385719104,880.315725795754,-3822.208172766295,29.925247053270,15.262582945024,1670723.127768855076,-6203.772238595932,9053.431071924166,148,7168148,9033.203125000000,-20.227946924166,3190142,1644434,5998588,6563305,880316,-3822208,1670723,-6203772,9053431,0,0
2,49.680000000000,42.978143508276,53,2026-09-04T17:40:09Z,-133317.983135999995,53000,549,3196703.118759155739,1645313.347922907909,5994762.330262382515,6559.737290508110,877.454867367987,-3829.199810194041,30.034134455712,15.374866446426,1664523.196859248215,-6196.071579424659,9042.193169510250,148,7168148,9033.203125000000,-8.990044510250,3196703,1645313,5994762,6559737,877455,-3829200,1664523,-6196072,9042193,0,0
2,49.680000000000,42.978143508276,54,2026-09-04T17:40:10Z,-133316.983135999995,54000,550,3203261.102459435351,1646189.372524345992,5990929.659530090168,6556.161038364735,874.593438658394,-3836.187258678365,30.143923015418,15.487690019147,1658331.014236759162,-6188.275452491830,9030.815946894754,148,7168148,9033.203125000000,2.387178105246,3203261,1646189,5990930,6556161,874593,-3836187,1658331,-6188275,9030816,0,0
2,49.680000000000,42.978143508276,55,2026-09-04T17:40:11Z,-133315.983135999995,55000,551,3209815.505992221180,1647062.535417881096,5987090.003464100882,6552.576632668206,871.731444391799,-3843.170509602714,30.254623897346,15.601057778087,1652146.676012098556,-6180.382571026105,9019.297526237038,148,7168148,9033.203125000000,13.905598762962,3209816,1647063,5987090,6552577,871731,-3843171,1652147,-6180383,9019298,0,0
2,49.680000000000,42.978143508276,56,2026-09-04T17:40:12Z,-133314.983135999995,56000,552,3216366.321206332184,1647932.836040188558,5983243.366265586577,6548.984077084242,868.868888749603,-3850.149554354175,30.366248437990,15.714973853428,1645970.279591451632,-6172.391629007671,9007.636001606339,148,7168148,9033.203125000000,25.567123393661,3216366,1647933,5983243,6548984,868869,-3850150,1645970,-6172392,9007636,0,0
2,49.680000000000,42.978143508276,57,2026-09-04T17:40:13Z,-133313.983135999995,57000,553,3222913.539954143111,1648800.273832100211,5979389.752144403756,6545.383375108486,866.005776277689,-3857.124384321651,30.478808148329,15.829442389812,1639801.923697064864,-6164.301300300670,8995.829437715685,147,7168147,8972.167968750000,-23.661468965685,3222914,1648800,5979390,6545383,866006,-3857124,1639802,-6164301,8995829,0,0
2,49.680000000000,42.978143508276,58,2026-09-04T17:40:14Z,-133312.983135999995,58000,554,3229457.154090680182,1649664.848238749197,5975529.165319554508,6541.774530336170,863.142111340267,-3864.094990903141,30.592314716865,15.944467545470,1633641.708388174186,-6156.110238710169,8983.875870005038,147,7168147,8972.167968750000,-11.707901255038,3229457,1649665,5975529,6541775,863142,-3864095,1633642,-6156110,8983876,0,0
2,49.680000000000,42.978143508276,59,2026-09-04T17:40:15Z,-133311.983135999995,59000,555,3235997.155475735199,1650526.558710335987,5971661.610017799772,6538.157546190178,860.277898667164,-3871.061365494825,30.706780012772,16.060053491354,1627489.735079423757,-6147.817077323608,8971.773303680236,147,7168147,8972.167968750000,0.394665069764,3235997,1650527,5971662,6538158,860278,-3871061,1627490,-6147817,8971773,0,0
2,49.680000000000,42.978143508276,60,2026-09-04T17:40:16Z,-133310.983135999995,60000,556,3242533.535972144920,1651385.404700620333,5967787.090475042351,6534.532426337591,857.413142532323,-3878.023499498340,30.822216088972,16.176204410169,1621346.106562933186,-6139.420428748470,8959.519714059837,147,7168147,8972.167968750000,12.648254690163,3242534,1651385,5967787,6534532,857413,-3878023,1621346,-6139420,8959520,0,0
2,49.680000000000,42.978143508276,61,2026-09-04T17:40:17Z,-133309.983135999995,61000,557,3249066.287445981055,1652241.385668964125,5963905.610935623758,6530.899174455953,854.547847210142,-3884.981384320781,30.938635185415,16.292924495370,1615210.927029347746,-6130.918884511942,8947.113045699016,147,7168147,8972.167968750000,25.054923050984,3249066,1652241,5963906,6530899,854548,-3884981,1615211,-6130919,8947113,0,0
2,49.680000000000,42.978143508276,62,2026-09-04T17:40:18Z,-133308.983135999995,62000,558,3255595.401767398696,1653094.501077768160,5960017.175652616657,6527.257793999979,851.682017432040,-3891.935011372880,31.056049732262,16.410217950142,1609084.302087896736,-6122.311014461228,8934.551211514425,146,7168146,8911.132812500000,-23.418399014425,3255595,1653095,5960017,6527258,851682,-3891935,1609084,-6122311,8934551,0,0
2,49.680000000000,42.978143508276,63,2026-09-04T17:40:19Z,-133307.983135999995,63000,559,3262120.870809924323,1653944.750395459356,5956121.788887381554,6523.608288624928,848.815657567457,-3898.884372063549,31.174472353302,16.528088986276,1602966.338789100526,-6113.595366978474,8921.832093097828,146,7168146,8911.132812500000,-10.699280597828,3262121,1653945,5956122,6523608,848816,-3898884,1602966,-6113595,8921832,0,0
2,49.680000000000,42.978143508276,64,2026-09-04T17:40:20Z,-133306.983135999995,64000,560,3268642.686450605746,1654792.133093298879,5952219.454910349101,6519.950661994244,845.948771980375,-3905.829457814434,31.293915869213,16.646541823028,1596857.145645948825,-6104.770468451165,8908.953539943239,146,7168146,8911.132812500000,2.179272556761,3268643,1654792,5952219,6519951,845949,-3905829,1596857,-6104770,8908954,0,0
2,49.680000000000,42.978143508276,65,2026-09-04T17:40:21Z,-133305.983135999995,65000,561,3275160.840570400469,1655636.648648560513,5948310.177999923937,6516.284917692246,843.081365226453,-3912.770260044454,31.414393301124,16.765580685905,1590756.832656225655,-6095.834822819629,8895.913368786574,146,7168146,8911.132812500000,15.219443713426,3275161,1655637,5948310,6516285,843081,-3912770,1590757,-6095835,8895913,0,0
2,49.680000000000,42.978143508276,66,2026-09-04T17:40:22Z,-133304.983135999995,66000,562,3281675.325053638313,1656478.296541730408,5944393.962443595752,6512.611059123174,840.213442230379,-3919.706770179801,31.535917873992,16.885209805393,1584665.511325069703,-6086.786911153239,8882.709362987183,146,7168146,8911.132812500000,28.423449512817,3281675,1656478,5944394,6512611,840213,-3919707,1584666,-6086787,8882709,0,0
2,49.680000000000,42.978143508276,67,2026-09-04T17:40:23Z,-133303.983135999995,67000,563,3288186.131788388826,1657317.076258677989,5940470.812537117861,6508.929090548463,837.345006241549,-3926.638979648487,31.658503020245,17.005433415623,1578583.294687777758,-6077.625192651622,8869.339273988957,145,7168145,8850.097656250000,-19.241617738957,3288186,1657317,5940471,6508929,837345,-3926639,1578583,-6077625,8869339,0,0
2,49.680000000000,42.978143508276,68,2026-09-04T17:40:24Z,-133302.983135999995,68000,564,3294693.252666254062,1658152.987288801000,5936540.732585123740,6505.239014880772,834.476063216471,-3933.566879880345,31.782162383325,17.126255752984,1572510.297332796268,-6068.348101491866,8855.800816719317,145,7168145,8850.097656250000,-5.703160469317,3294693,1658153,5936541,6505239,834476,-3933567,1572510,-6068348,8855801,0,0
2,49.680000000000,42.978143508276,69,2026-09-04T17:40:25Z,-133301.983135999995,69000,565,3301196.679583031218,1658986.029127166374,5932603.726900201291,6501.540836546610,831.606616120553,-3940.490462315211,31.906909821450,17.247681054661,1566446.635424934560,-6058.954050196267,8842.091674503921,145,7168145,8850.097656250000,8.005981746079,3301197,1658986,5932604,6501541,831607,-3940490,1566447,-6058954,8842092,0,0
2,49.680000000000,42.978143508276,70,2026-09-04T17:40:26Z,-133300.983135999995,70000,566,3307696.404437521938,1659816.201272067381,5928659.799804186448,6497.834558572322,828.736670728631,-3947.409718391100,32.032759411241,17.369713557096,1560392.426729793660,-6049.441425547644,8828.209493105709,145,7168145,8850.097656250000,21.888163144291,3307696,1659816,5928660,6497835,828737,-3947410,1560392,-6049441,8828209,0,0
2,49.680000000000,42.978143508276,71,2026-09-04T17:40:27Z,-133299.983135999995,71000,567,3314192.419132116716,1660643.503227164969,5924708.955627312884,6494.120185030170,825.866230754855,-3954.324639553306,32.159725451613,17.492357494389,1554347.790637727128,-6039.808591425153,8814.151884863310,144,7168144,8789.062500000000,-25.089384863310,3314192,1660644,5924709,6494120,825866,-3954325,1554348,-6039809,8814152,0,0
2,49.680000000000,42.978143508276,72,2026-09-04T17:40:28Z,-133298.983135999995,72000,568,3320684.715574114118,1661467.934500070056,5920751.198707800359,6490.397719487191,822.995300944740,-3961.235217248031,32.287822467600,17.615617096655,1548312.848186711781,-6030.053886466707,8799.916425279733,144,7168144,8789.062500000000,-10.853925279733,3320685,1661468,5920751,6490398,822995,-3961235,1548313,-6030054,8799916,0,0
2,49.680000000000,42.978143508276,73,2026-09-04T17:40:29Z,-133297.983135999995,73000,569,3327173.285673282575,1662289.494603055529,5916786.533393072896,6486.667165850577,820.123885386920,-3968.141442929664,32.417065214269,17.739496588226,1542287.722089554416,-6020.175624846819,8785.500654157495,144,7168144,8789.062500000000,3.561845842505,3327173,1662289,5916787,6486667,820124,-3968141,1542288,-6020176,8785501,0,0
2,49.680000000000,42.978143508276,74,2026-09-04T17:40:30Z,-133296.983135999995,74000,570,3333658.121343393810,1663108.183052704902,5912814.964038986713,6482.928527520016,817.251989207307,-3975.043308053500,32.547468680719,17.864000185854,1536272.536757441470,-6010.172094836259,8770.902073496671,144,7168144,8789.062500000000,18.160426503329,3333658,1663108,5912815,6482929,817252,-3975043,1536273,-6010172,8770902,0,0
2,49.680000000000,42.978143508276,75,2026-09-04T17:40:31Z,-133295.983135999995,75000,571,3340139.214502029587,1663923.999370281352,5908836.495009836741,6479.181808616431,814.379616115275,-3981.940804077567,32.679048094143,17.989132096794,1530267.418325589038,-6000.041560074429,8756.118149351718,143,7168143,8728.027343750000,-28.090805601718,3340139,1663924,5908836,6479182,814380,-3981941,1530267,-6000042,8756118,0,0
2,49.680000000000,42.978143508276,76,2026-09-04T17:40:32Z,-133294.983135999995,76000,572,3346616.557070867624,1664736.943081577308,5904851.130678224377,6475.427012512228,811.506771337008,-3988.833922464437,32.811818923943,18.114896516818,1524272.494678668445,-5989.782257323647,8741.146308554218,143,7168143,8728.027343750000,-13.118964804218,3346617,1664737,5904851,6475427,811507,-3988834,1524272,-5989782,8741146,0,0
2,49.680000000000,42.978143508276,77,2026-09-04T17:40:33Z,-133293.983135999995,77000,573,3353090.140974398702,1665547.013716486050,5900858.875425940380,6471.664143397447,808.633458483200,-3995.722654685778,32.945796885874,18.241297628108,1518287.895478016930,-5979.392398193077,8725.983941228671,143,7168143,8728.027343750000,2.043402521329,3353090,1665547,5900859,6471664,808633,-3995723,1518288,-5979392,8725984,0,0
2,49.680000000000,42.978143508276,78,2026-09-04T17:40:34Z,-133292.983135999995,78000,574,3359559.958142352290,1666354.210809716955,5896859.733642347157,6467.893204525808,805.759683069937,-4002.606992207802,33.080997946357,18.368339597128,1512313.752185854828,-5968.870166487796,8710.628396923885,143,7168143,8728.027343750000,17.398946826115,3359560,1666354,5896860,6467893,805760,-4002607,1512314,-5968870,8710628,0,0
2,49.680000000000,42.978143508276,79,2026-09-04T17:40:35Z,-133291.983135999995,79000,575,3366026.000506747514,1667158.533900195267,5892853.709726269357,6464.114200203312,802.885448517145,-4009.486926511272,33.217438326718,18.496026572303,1506350.198094694410,-5958.213720518392,8695.076987983455,142,7168142,8666.992187500000,-28.084800483455,3366026,1667159,5892854,6464114,802885,-4009487,1506350,-5958214,8695077,0,0
2,49.680000000000,42.978143508276,80,2026-09-04T17:40:36Z,-133290.983135999995,80000,576,3372488.260004905984,1667959.982531463727,5888840.808084129356,6460.327133804640,800.010760153100,-4016.362449073313,33.355134507629,18.624362681714,1500397.368351620156,-5947.421190129728,8679.326985209735,142,7168142,8666.992187500000,-12.334797709735,3372488,1667960,5888841,6460327,800011,-4016362,1500397,-5947421,8679327,0,0
2,49.680000000000,42.978143508276,81,2026-09-04T17:40:37Z,-133289.983135999995,81000,577,3378946.728575853631,1668758.556251505623,5884821.033132099546,6456.532009560760,797.135621584857,-4023.233551376507,33.494103233486,18.753352030559,1494455.399989037076,-5936.490678758802,8663.375620866940,142,7168142,8666.992187500000,3.616566633060,3378947,1668759,5884821,6456532,797136,-4023234,1494455,-5936491,8663376,0,0
2,49.680000000000,42.978143508276,82,2026-09-04T17:40:38Z,-133288.983135999995,82000,578,3385401.398164664395,1669554.254612921504,5880794.389293509535,6452.728830724936,794.260038436505,-4030.100224911621,33.634361516992,18.882998698675,1488524.431948315352,-5925.420260652928,8647.220084621527,142,7168142,8666.992187500000,19.772102878473,3385401,1669554,5880794,6452729,794260,-4030100,1488524,-5925420,8647220,0,0
2,49.680000000000,42.978143508276,83,2026-09-04T17:40:39Z,-133287.983135999995,83000,579,3391852.260718651582,1670347.077172323829,5876760.881001272239,6448.917601837366,791.384013733705,-4036.962461164876,33.775926643643,19.013306737787,1482604.605111322831,-5914.207983566223,8630.857527477299,141,7168141,8605.957031250000,-24.900496227299,3391852,1670347,5876761,6448918,791384,-4036962,1482605,-5914208,8630858,0,0
2,49.680000000000,42.978143508276,84,2026-09-04T17:40:40Z,-133286.983135999995,84000,580,3398299.308190344367,1671137.023491327651,5872720.512695808895,6445.098326078096,788.507553296768,-4043.820251635225,33.918816176458,19.144280168773,1476696.062326149317,-5902.851864899453,8614.285056142109,141,7168141,8605.957031250000,-8.328024892109,3398299,1671137,5872721,6445098,788508,-4043820,1476696,-5902852,8614285,0,0
2,49.680000000000,42.978143508276,85,2026-09-04T17:40:41Z,-133285.983135999995,85000,581,3404742.532534146216,1671924.093135597417,5868673.288827359676,6441.271007678097,785.630660827337,-4050.673587823439,34.063047960583,19.275922978704,1470798.948438804829,-5891.349894603532,8597.499737265056,141,7168141,8605.957031250000,8.457293984944,3404743,1671924,5868673,6441271,785631,-4050674,1470799,-5891350,8597500,0,0
2,49.680000000000,42.978143508276,86,2026-09-04T17:40:42Z,-133284.983135999995,86000,582,3411181.925710167736,1672708.285675565479,5864619.213853464462,6437.435650408133,782.753340988620,-4057.522461232111,34.208640128158,19.408239117892,1464913.410318735521,-5879.700032823956,8580.498593998922,141,7168141,8605.957031250000,25.458437251078,3411182,1672708,5864619,6437436,782753,-4057522,1464913,-5879700,8580499,0,0
2,49.680000000000,42.978143508276,87,2026-09-04T17:40:43Z,-133283.983135999995,87000,583,3417617.479682091624,1673489.600685985759,5860558.292240372859,6433.592258141744,779.875598255103,-4064.366863370196,34.355611103089,19.541232496707,1459039.596890098415,-5867.900210346460,8563.278606650525,140,7168140,8544.921875000000,-18.356731650525,3417617,1673490,5860558,6433592,779876,-4064367,1459040,-5867900,8563279,0,0
2,49.680000000000,42.978143508276,88,2026-09-04T17:40:44Z,-133282.983135999995,88000,584,3424049.186416345183,1674268.037746215705,5856490.528463467956,6429.740834768381,776.997437098544,-4071.206785746654,34.503979605946,19.674906982282,1453177.659162248485,-5855.948328157599,8545.836712039465,140,7168140,8544.921875000000,-0.914837039465,3424049,1674268,5856491,6429741,776997,-4071207,1453178,-5855948,8545837,0,0
2,49.680000000000,42.978143508276,89,2026-09-04T17:40:45Z,-133281.983135999995,89000,585,3430477.037884537596,1675043.596439978573,5852415.927005859092,6425.881384229797,774.118861896113,-4078.042219878625,34.653764658949,19.809266395169,1447327.750257356558,-5843.842257190725,8528.169803127410,140,7168140,8544.921875000000,16.752071872590,3430477,1675044,5852416,6425881,774119,-4078042,1447328,-5843842,8528170,0,0
2,49.680000000000,42.978143508276,90,2026-09-04T17:40:46Z,-133280.983135999995,90000,586,3436901.026061071549,1675816.276355185779,5848334.492359903641,6422.013910295846,771.239877414246,-4084.873157287802,34.804985590946,19.944314505741,1441490.025442917366,-5831.579837706330,8510.274728113805,139,7168139,8483.886718750000,-26.388009363805,3436901,1675816,5848334,6422014,771240,-4084873,1441490,-5831580,8510275,0,0
2,49.680000000000,42.978143508276,91,2026-09-04T17:40:47Z,-133279.983135999995,91000,587,3443321.142925428692,1676586.077085148776,5844246.229025464505,6418.138416981947,768.360487933023,-4091.699589498603,34.957662042580,20.080055030562,1435664.642160433577,-5819.158879554485,8492.148290818868,139,7168139,8483.886718750000,-8.261572068868,3443321,1676586,5844246,6418138,768360,-4091700,1435665,-5819159,8492148,0,0
2,49.680000000000,42.978143508276,92,2026-09-04T17:40:48Z,-133278.983135999995,92000,588,3449737.380460175220,1677352.998226467753,5840151.141511715017,6414.254908360363,765.480697632938,-4098.521508037265,35.111813971313,20.216491628528,1429851.760057715233,-5806.577161630530,8473.787249889245,139,7168139,8483.886718750000,10.099468860755,3449737,1677353,5840151,6414255,765481,-4098522,1429852,-5806577,8473787,0,0
2,49.680000000000,42.978143508276,93,2026-09-04T17:40:49Z,-133277.983135999995,93000,589,3456149.730652212631,1678117.039381119190,5836049.234335785732,6410.363387992220,762.600511773599,-4105.338904438213,35.267461656733,20.353627896905,1424051.541019334923,-5793.832430798103,8455.188317226346,139,7168139,8483.886718750000,28.698401523654,3456150,1678117,5836049,6410363,762601,-4105339,1424052,-5793832,8455188,0,0
2,49.680000000000,42.978143508276,94,2026-09-04T17:40:50Z,-133276.983135999995,94000,590,3462558.185491474811,1678878.200154988561,5831940.512024008669,6406.463860357690,759.719933752876,-4112.151770235869,35.424625705730,20.491467367185,1418264.149199017091,-5780.922403558733,8436.348160422855,138,7168138,8422.851562500000,-13.496597922855,3462558,1678878,5831941,6406464,759720,-4112152,1418264,-5780922,8436348,0,0
2,49.680000000000,42.978143508276,95,2026-09-04T17:40:51Z,-133275.983135999995,95000,591,3468962.736974211410,1679636.480159029597,5827824.979109554552,6402.556328895116,756.838969127330,-4118.960096974661,35.583327057924,20.630013500861,1412489.751048565842,-5767.844763091198,8417.263398442128,138,7168138,8422.851562500000,5.588164057872,3468963,1679636,5827825,6402556,756839,-4118960,1412490,-5767845,8417263,0,0
2,49.680000000000,42.978143508276,96,2026-09-04T17:40:52Z,-133274.983135999995,96000,592,3475363.377097186167,1680391.879007690586,5823702.640136449598,6398.640798107408,753.957621290056,-4125.763876198107,35.743586990849,20.769269684854,1406728.515354957664,-5754.597161871765,8397.930605442039,138,7168138,8422.851562500000,24.920957057961,3475363,1680392,5823703,6398641,753958,-4125764,1406729,-5754597,8397931,0,0
2,49.680000000000,42.978143508276,97,2026-09-04T17:40:53Z,-133273.983135999995,97000,593,3481760.097864150070,1681144.396321121370,5819573.499654973857,6394.717271360150,751.075896001794,-4132.563099455183,35.905427125603,20.909239227021,1400980.613267097855,-5741.177218370277,8378.346305953421,137,7168137,8361.816406250000,-16.529899703421,3481760,1681144,5819573,6394717,751076,-4132563,1400981,-5741177,8378346,0,0
2,49.680000000000,42.978143508276,98,2026-09-04T17:40:54Z,-133272.983135999995,98000,594,3488152.891281682998,1681894.031722916523,5815437.562224859372,6390.785753128057,748.193796751821,-4139.357758297592,36.068869432133,21.049925351280,1395246.218331741402,-5727.582519905629,8358.506979047193,137,7168137,8361.816406250000,3.309427202807,3488153,1681894,5815438,6390786,748194,-4139358,1395246,-5727583,8358507,0,0
2,49.680000000000,42.978143508276,99,2026-09-04T17:40:55Z,-133271.983135999995,99000,595,3494541.749359628651,1682640.784841660177,5811294.832414589822,6386.846247328322,745.311328216530,-4146.147844287952,36.233936234834,21.191331192627,1389525.506526236422,-5713.810620096652,8338.409054614327,137,7168137,8361.816406250000,23.407351635673,3494542,1682641,5811295,6386846,745311,-4146148,1389526,-5713811,8338409,0,0
2,49.680000000000,42.978143508276,100,2026-09-04T17:40:56Z,-133270.983135999995,100000,596,3500926.664113156032,1683384.655310315546,5807145.314800320193,6382.898757836301,742.428495173044,-4152.933348984334,36.400650218127,21.333459792031,1383818.656289535575,-5699.859039331015,8318.048914050130,136,7168136,8300.781250000000,-17.267664050130,3500927,1683385,5807145,6382899,742428,-4152933,1383819,-5699859,8318049,0,0
2,49.680000000000,42.978143508276,101,2026-09-04T17:40:57Z,-133269.983135999995,101000,597,3507307.627560826484,1684125.642766745295,5802989.013966879807,6378.943288827031,739.545301801627,-4159.714263953902,36.569034432045,21.476314091019,1378125.848557350226,-5685.725265027048,8297.422890636341,136,7168136,8300.781250000000,3.358359363659,3507308,1684126,5802989,6378943,739545,-4159714,1378126,-5685725,8297423,0,0
2,49.680000000000,42.978143508276,102,2026-09-04T17:40:58Z,-133268.983135999995,102000,598,3513684.631725393701,1684863.746852363227,5798825.934507728554,6374.979844343670,736.661752580858,-4166.490580769278,36.739112297838,21.619896926160,1372447.266794628464,-5671.406750820945,8276.527268354974,136,7168136,8300.781250000000,24.253981645026,3513685,1684864,5798826,6374980,736662,-4166491,1372447,-5671407,8276527,0,0
2,49.680000000000,42.978143508276,103,2026-09-04T17:40:59Z,-133267.983135999995,103000,599,3520057.668632878922,1685598.967213897267,5794656.081024969928,6371.008428296591,733.777852290586,-4173.262291003084,36.910907613705,21.764211023268,1366783.097030472476,-5656.900916359057,8255.358281585213,135,7168135,8239.746093750000,-15.612187835213,3520058,1685599,5794656,6371008,733778,-4173262,1366783,-5656901,8255358,0,0
2,49.680000000000,42.978143508276,104,2026-09-04T17:41:00Z,-133266.983135999995,104000,600,3526426.730314997025,1686331.303502066294,5790479.458128276281,6367.029044849005,730.893605211804,-4180.029386237038,37.084444560502,21.909258991504,1361133.527889525983,-5642.205147655704,8233.912115625573,135,7168135,8239.746093750000,5.833978124427,3526427,1686331,5790479,6367029,730894,-4180029,1361134,-5642205,8233912,0,0
2,49.680000000000,42.978143508276,105,2026-09-04T17:41:01Z,-133265.983135999995,105000,601,3532791.808806106914,1687060.755372159183,5786296.070436578244,6363.041698170946,728.009015623684,-4186.791858052857,37.259747707437,22.055043317117,1355498.750628942158,-5627.316796586821,8212.184905954953,135,7168135,8239.746093750000,27.561187795047,3532792,1687061,5786296,6363042,728009,-4186792,1355499,-5627317,8212185,0,0
2,49.680000000000,42.978143508276,106,2026-09-04T17:41:02Z,-133264.983135999995,106000,602,3539152.896145166364,1687787.322484248318,5782105.922576797195,6359.046392207802,725.124088308803,-4193.549698035895,37.436842017883,22.201566357087,1349878.959170876537,-5612.233180395509,8190.172737511080,134,7168134,8178.710937500000,-11.461800011080,3539153,1687787,5782106,6359046,725124,-4193550,1349879,-5612233,8190173,0,0
2,49.680000000000,42.978143508276,107,2026-09-04T17:41:03Z,-133263.983135999995,107000,603,3545509.984375406522,1688511.004502590979,5777909.019184274599,6355.043131105504,722.238827647743,-4200.302897784240,37.615752855116,22.348830332487,1344274.350137055386,-5596.951582171176,8167.871645389723,134,7168134,8178.710937500000,10.839292110277,3545510,1688511,5777909,6355043,722239,-4200303,1344274,-5596952,8167872,0,0
2,49.680000000000,42.978143508276,108,2026-09-04T17:41:04Z,-133262.983135999995,108000,604,3551863.065543606412,1689231.801095946459,5773705.364903066307,6351.031919068646,719.353237920132,-4207.051448888706,37.796505988109,22.496837321601,1338685.122883958044,-5581.469250514896,8145.277614356353,133,7168133,8117.675781250000,-27.601833106353,3551863,1689232,5773705,6351032,719353,-4207051,1338685,-5581469,8145278,0,0
2,49.680000000000,42.978143508276,109,2026-09-04T17:41:05Z,-133261.983135999995,109000,605,3558212.131700640079,1689949.711937548826,5769494.964385649189,6347.012759933932,716.467324214818,-4213.795342953745,37.979127597331,22.645589252822,1333111.479536950821,-5565.783398839348,8122.386577824498,133,7168133,8117.675781250000,-4.710796574498,3558212,1689950,5769495,6347013,716467,-4213795,1333111,-5565783,8122387,0,0
2,49.680000000000,42.978143508276,110,2026-09-04T17:41:06Z,-133260.983135999995,110000,606,3564557.174902851228,1690664.736705328338,5765277.822291986085,6342.985658118323,713.581090406933,-4220.534571582903,38.163644280590,22.795087897338,1327553.625023800181,-5549.891206636921,8099.194419706359,133,7168133,8117.675781250000,18.481361543641,3564557,1690665,5765278,6342986,713581,-4220535,1327554,-5549891,8099194,0,0
2,49.680000000000,42.978143508276,111,2026-09-04T17:41:07Z,-133259.983135999995,111000,607,3570898.187208926771,1691376.875081306091,5761053.943291672505,6338.950617669525,710.694541181510,-4227.269126387000,38.350083058717,22.945334861445,1322011.767112118425,-5533.789818072740,8075.696972359538,132,7168132,8056.640625000000,-19.056347359538,3570898,1691377,5761054,6338951,710695,-4227269,1322012,-5533790,8075697,0,0
2,49.680000000000,42.978143508276,112,2026-09-04T17:41:08Z,-133258.983135999995,112000,608,3577235.160682908259,1692086.126752501586,5756823.332061775960,6334.907642793496,707.807680921633,-4233.998998980496,38.538471381455,23.096331578744,1316486.116441690596,-5517.476342687264,8051.890017612378,132,7168132,8056.640625000000,4.750607387622,3577235,1692086,5756823,6334908,707808,-4233999,1316486,-5517476,8051890,0,0
2,49.680000000000,42.978143508276,113,2026-09-04T17:41:09Z,-133257.983135999995,113000,609,3583568.087392000947,1692792.491409828188,5752585.993288561702,6330.856737457907,704.920514514924,-4240.724180979669,38.728837133109,23.248079301959,1310976.886561023770,-5500.947854837609,8027.769285948661,132,7168132,8056.640625000000,28.871339051339,3583568,1692792,5752586,6330857,704921,-4240724,1310977,-5500948,8027769,0,0
2,49.680000000000,42.978143508276,114,2026-09-04T17:41:10Z,-133256.983135999995,114000,610,3589896.959409048781,1693495.968749339925,5748341.931665527634,6326.797906229331,702.033045632788,-4247.444664011709,38.921208638388,23.400579094572,1305484.293960263254,-5484.201394888616,8003.330458245782,131,7168131,7995.605468750000,-7.724989495782,3589897,1693496,5748342,6326798,702033,-4247445,1305484,-5484201,8003330,0,0
2,49.680000000000,42.978143508276,115,2026-09-04T17:41:11Z,-133255.983135999995,115000,611,3596221.768809150904,1694196.558471177472,5744091.151895894669,6322.731152715278,699.145279981622,-4254.160439700172,39.115614667953,23.553831822054,1300008.558108795667,-5467.233967029160,7978.569162587998,131,7168131,7995.605468750000,17.036306162002,3596222,1694197,5744091,6322731,699145,-4254160,1300009,-5467234,7978569,0,0
2,49.680000000000,42.978143508276,116,2026-09-04T17:41:12Z,-133254.983135999995,116000,612,3602542.507673846092,1694894.260279644979,5739833.658689912409,6318.656481789731,696.257220616644,-4260.871499675886,39.312084444167,23.707838142984,1294549.901486270828,-5450.042542538167,7953.480979032663,130,7168130,7934.570312500000,-18.910666532663,3602543,1694894,5739834,6318656,696257,-4260871,1294550,-5450043,7953481,0,0
2,49.680000000000,42.978143508276,117,2026-09-04T17:41:13Z,-133253.983135999995,117000,613,3608859.168086337391,1695589.073884130223,5735569.456767637283,6314.573897085211,693.368873249938,-4267.577835578777,39.510647646591,23.862598499642,1289108.549621798797,-5432.624056269532,7928.061434480517,130,7168130,7934.570312500000,6.508878019483,3608859,1695589,5735569,6314574,693369,-4267578,1289109,-5432624,7928061,0,0
2,49.680000000000,42.978143508276,118,2026-09-04T17:41:14Z,-133252.983135999995,118000,614,3615171.742136425339,1696280.998998214956,5731298.550856051967,6310.483403257422,690.480241443311,-4274.279439050588,39.711334417577,24.018113108560,1283684.731123886304,-5414.975410047658,7902.306007630954,129,7168129,7873.535156250000,-28.770851380954,3615172,1696281,5731299,6310483,690480,-4274279,1283685,-5414975,7902306,0,0
2,49.680000000000,42.978143508276,119,2026-09-04T17:41:15Z,-133251.983135999995,119000,615,3621480.221916484646,1696970.035340149421,5727020.945691498928,6306.385004152162,687.591330504347,-4280.976301731243,39.914175367615,24.174381950518,1278278.677718566498,-5397.093470171613,7876.210125339714,129,7168129,7873.535156250000,-2.674969089714,3621480,1696970,5727021,6306385,687591,-4280976,1278279,-5397093,7876210,0,0
2,49.680000000000,42.978143508276,120,2026-09-04T17:41:16Z,-133250.983135999995,120000,616,3627784.599523822311,1697656.182632337091,5722736.646018311381,6302.278704493801,684.702143888444,-4287.668415272492,40.119201580703,24.331404760406,1272890.624281395460,-5378.975070081825,7849.769166510514,129,7168129,7873.535156250000,23.765989739486,3627785,1697656,5722737,6302279,684702,-4287668,1272891,-5378975,7849769,0,0
2,49.680000000000,42.978143508276,121,2026-09-04T17:41:17Z,-133249.983135999995,121000,617,3634084.867060213815,1698339.440602248302,5718445.656588857993,6298.164507863476,681.812687525735,-4294.355771332448,40.326444619605,24.489181016667,1267520.808872163296,-5360.617007618683,7822.978458094412,128,7168128,7812.500000000000,-10.478458094412,3634085,1698339,5718446,6298165,681813,-4294356,1267521,-5360617,7822978,0,0
2,49.680000000000,42.978143508276,122,2026-09-04T17:41:18Z,-133248.983135999995,122000,618,3640381.016630729195,1699019.808980919188,5714147.982164738700,6294.042419202469,678.922964456206,-4301.038361566498,40.535936530855,24.647709930417,1262169.472769277170,-5342.016048978847,7795.833280863409,128,7168128,7812.500000000000,16.666719136591,3640381,1699020,5714148,6294042,678923,-4301038,1262169,-5342016,7795833,0,0
2,49.680000000000,42.978143508276,123,2026-09-04T17:41:19Z,-133247.983135999995,123000,619,3646673.040345825255,1699697.287504931213,5709843.627514881082,6289.912442305194,676.032980201171,-4307.716177638213,40.747709849879,24.806990434281,1256836.860501989955,-5323.168925328568,7768.328864468125,127,7168127,7751.464843750000,-16.864020718125,3646673,1699697,5709844,6289912,676033,-4307716,1256837,-5323169,7768329,0,0
2,49.680000000000,42.978143508276,124,2026-09-04T17:41:20Z,-133246.983135999995,124000,620,3652960.930319696665,1700371.875914152712,5705532.597417219542,6285.774581844635,673.142738417255,-4314.389211216621,40.961797605656,24.967021170825,1251523.219884321559,-5304.072336156829,7740.460392331193,127,7168127,7751.464843750000,11.004451418807,3652961,1700372,5705533,6285775,673143,-4314389,1251523,-5304072,7740460,0,0
2,49.680000000000,42.978143508276,125,2026-09-04T17:41:21Z,-133245.983135999995,125000,621,3659244.678670785390,1701043.573954606196,5701214.896657555364,6281.628841734346,670.252244421363,-4321.057453972571,41.178233325529,25.127800480647,1246228.802048245445,-5284.722947230030,7712.222998662422,126,7168126,7690.429687500000,-21.793311162422,3659245,1701044,5701215,6281629,670252,-4321057,1246229,-5284723,7712223,0,0
2,49.680000000000,42.978143508276,126,2026-09-04T17:41:22Z,-133244.983135999995,126000,622,3665524.277521939483,1701712.381375029683,5696890.530030488037,6277.475226623210,667.361501973801,-4327.720897587824,41.397051039498,25.289326390158,1240953.861474927980,-5265.117393270436,7683.611772367589,126,7168126,7690.429687500000,6.817915132411,3665524,1701712,5696891,6277475,667362,-4327721,1240954,-5265117,7683612,0,0
2,49.680000000000,42.978143508276,127,2026-09-04T17:41:23Z,-133243.983135999995,127000,623,3671799.719000173733,1702378.297929741675,5692559.502338699065,6273.313740638059,664.470515978337,-4334.379533736865,41.618285284613,25.451596598936,1235698.656027646270,-5245.252276557910,7654.621755007877,125,7168125,7629.394531250000,-25.227223757877,3671800,1702378,5692560,6273314,664471,-4334380,1235699,-5245252,7654622,0,0
2,49.680000000000,42.978143508276,128,2026-09-04T17:41:24Z,-133242.983135999995,128000,624,3678070.995237499475,1703041.323376868386,5688221.818392938934,6269.144388209497,661.579290711416,-4341.033354111460,41.841971108945,25.614608466773,1230463.446981939021,-5225.124168716630,7625.247943407321,125,7168125,7629.394531250000,4.146587842679,3678071,1703041,5688222,6269144,661579,-4341033,1230463,-5225124,7625248,0,0
2,49.680000000000,42.978143508276,129,2026-09-04T17:41:25Z,-133241.983135999995,129000,625,3684338.098369047977,1703701.457480068551,5683877.483012761921,6264.967173533478,658.687830977442,-4347.682350401556,42.068144075397,25.778359000249,1225248.499058568850,-5204.729610492626,7595.485289328139,124,7168124,7568.359375000000,-27.125914328139,3684338,1703701,5683877,6264967,658688,-4347682,1225248,-5204730,7595485,0,0
2,49.680000000000,42.978143508276,130,2026-09-04T17:41:26Z,-133240.983135999995,130000,626,3690601.020535765681,1704358.700005916180,5679526.501025531441,6260.782101112909,655.796140946904,-4354.326514300737,42.296840265172,25.942844839087,1220054.080450605834,-5184.065113210028,7565.328701595913,124,7168124,7568.359375000000,3.030673404087,3690601,1704359,5679527,6260782,655796,-4354327,1220054,-5184065,7565329,0,0
2,49.680000000000,42.978143508276,131,2026-09-04T17:41:27Z,-133239.983135999995,131000,627,3696859.753881066572,1705013.050727209076,5675168.877267634496,6256.589175264253,652.904225216844,-4360.965837510776,42.528096281050,26.108062241899,1214880.462856825208,-5163.127158743060,7534.773046058713,123,7168123,7507.324218750000,-27.448827308713,3696860,1705013,5675169,6256589,652904,-4360966,1214880,-5163127,7534773,0,0
2,49.680000000000,42.978143508276,132,2026-09-04T17:41:28Z,-133238.983135999995,132000,628,3703114.290554637089,1705664.509419834940,5670804.616582919843,6252.388400363088,650.012088272433,-4367.600311737078,42.761949250257,26.274007071800,1209727.921506289858,-5141.912200642033,7503.813147230307,123,7168123,7507.324218750000,3.511071519693,3703114,1705665,5670805,6252388,650012,-4367600,1209728,-5141912,7503813,0,0
2,49.680000000000,42.978143508276,133,2026-09-04T17:41:29Z,-133237.983135999995,133000,629,3709364.622709870804,1706313.075865190011,5666433.723823660053,6248.179780895043,647.119734391936,-4374.229928689601,42.998436827052,26.440674781399,1204596.735189286061,-5120.416665029997,7472.443789598682,122,7168122,7446.289062500000,-26.154727098682,3709365,1706313,5666434,6248180,647120,-4374230,1204597,-5120417,7472444,0,0
2,49.680000000000,42.978143508276,134,2026-09-04T17:41:30Z,-133236.983135999995,134000,630,3715610.742503973655,1706958.749848170206,5662056.203851103783,6243.963320968760,644.227168696943,-4380.854680080120,43.237597194814,26.608060397502,1199487.186283756979,-5098.636950757759,7440.659717852274,122,7168122,7446.289062500000,5.629344647726,3715611,1706959,5662056,6243963,644227,-4380855,1199487,-5098637,7440660,0,0
2,49.680000000000,42.978143508276,135,2026-09-04T17:41:31Z,-133235.983135999995,135000,631,3721852.642099298071,1707601.531159176258,5657672.061533966102,6239.739025284962,641.334395043486,-4387.474557629503,43.479469067956,26.776158505409,1194399.560781001812,-5076.569431826827,7408.455640415867,121,7168121,7385.253906250000,-23.201734165867,3721853,1707602,5657672,6239739,641334,-4387475,1194400,-5076569,7408456,0,0
2,49.680000000000,42.978143508276,136,2026-09-04T17:41:32Z,-133234.983135999995,136000,632,3728090.313662149012,1708241.419592237100,5653281.301749827340,6235.506898118729,638.441418237107,-4394.089553062258,43.724091693129,26.944963232779,1189334.148311364464,-5054.210456869112,7375.826228691305,121,7168121,7385.253906250000,9.427677558695,3728090,1708241,5653281,6235507,638441,-4394090,1189334,-5054210,7375826,0,0
2,49.680000000000,42.978143508276,137,2026-09-04T17:41:33Z,-133233.983135999995,137000,633,3734323.749363582581,1708878.414946257137,5648883.929384186864,6231.266944048457,635.548242448976,-4400.699658105623,43.971504850182,27.114468233093,1184291.242168095661,-5031.556351343371,7342.766120262854,120,7168120,7324.218750000000,-18.547370262854,3734324,1708878,5648884,6231267,635548,-4400700,1184291,-5031556,7342766,0,0
2,49.680000000000,42.978143508276,138,2026-09-04T17:41:34Z,-133232.983135999995,138000,634,3740552.941378506832,1709512.517024767818,5644479.949331173673,6227.019167371509,632.654872486683,-4407.304864490470,44.221748852478,27.284666668693,1179271.139331103070,-5008.603417816526,7309.269919307742,120,7168120,7324.218750000000,14.948830692258,3740553,1709513,5644480,6227019,632655,-4407305,1179271,-5008603,7309270,0,0
2,49.680000000000,42.978143508276,139,2026-09-04T17:41:35Z,-133231.983135999995,139000,635,3746777.881887096446,1710143.725635572569,5640069.366492680274,6222.763572591703,629.761312733990,-4413.905163960408,44.474864546751,27.455551193461,1174274.140487467870,-4985.347937956160,7275.332199503897,119,7168119,7263.183593750000,-12.148605753897,3746778,1710144,5640069,6222764,629761,-4413905,1174274,-4985348,7275332,0,0
2,49.680000000000,42.978143508276,140,2026-09-04T17:41:36Z,-133230.983135999995,140000,636,3752998.563073888887,1710772.040591063211,5635652.185778900050,6218.500164222405,626.867567572390,-4420.500548252676,44.730893312327,27.627113935023,1169300.550052884268,-4961.786173546776,7240.947505513012,119,7168119,7263.183593750000,22.236088236988,3752999,1710772,5635652,6218500,626868,-4420501,1169301,-4961786,7240948,0,0
2,49.680000000000,42.978143508276,141,2026-09-04T17:41:37Z,-133229.983135999995,141000,637,3759214.977127127815,1711397.461708004586,5631228.412108831108,6214.228946594176,623.973641811972,-4427.091009117248,44.989877059713,27.799346476543,1164350.676191308303,-4937.914367611796,7206.110354617928,118,7168118,7202.148437500000,-3.961917117928,3759215,1711397,5631228,6214229,623974,-4427091,1164351,-4937914,7206110,0,0
2,49.680000000000,42.978143508276,142,2026-09-04T17:41:38Z,-133228.983135999995,142000,638,3765427.116240027826,1712019.988807616290,5626798.050409403630,6209.949924342254,621.079539624134,-4433.676538306827,45.251858228602,27.972239838165,1159424.830831673928,-4913.728746645987,7170.815239980518,117,7168117,7141.113281250000,-29.701958730518,3765427,1712020,5626798,6209950,621080,-4433677,1159425,-4913729,7170815,0,0
2,49.680000000000,42.978143508276,143,2026-09-04T17:41:39Z,-133227.983135999995,143000,639,3771634.972610241268,1712639.621715820627,5622361.105615741573,6205.663101915889,618.185265602733,-4440.257127575933,45.516879785110,28.145784457991,1154523.329684605822,-4889.225521444971,7135.056631852210,117,7168117,7141.113281250000,6.056649397790,3771635,1712640,5622361,6205663,618185,-4440257,1154523,-4889226,7135057,0,0
2,49.680000000000,42.978143508276,144,2026-09-04T17:41:40Z,-133226.983135999995,144000,640,3777838.538440371864,1713256.360263095703,5617917.582670900039,6201.368483869828,615.290824132671,-4446.832768690911,45.784985218285,28.319970172691,1149646.492256561061,-4864.400889228817,7098.828980673048,116,7168116,7080.078125000000,-18.750855673048,3777839,1713256,5617918,6201368,615291,-4446833,1149646,-4864401,7098829,0,0
2,49.680000000000,42.978143508276,145,2026-09-04T17:41:41Z,-133225.983135999995,145000,641,3784037.805936344899,1713870.204284010921,5613467.486527102068,6197.066074537815,612.396220133405,-4453.403453414467,46.056218535702,28.494786197645,1144794.641863846919,-4839.251034878830,7062.126718876591,116,7168116,7080.078125000000,17.951406123409,3784038,1713870,5613467,6197066,612396,-4453403,1144795,-4839251,7062127,0,0
2,49.680000000000,42.978143508276,146,2026-09-04T17:41:42Z,-133224.983135999995,146000,642,3790232.767310033552,1714481.153617944801,5609010.822143727913,6192.755878883872,609.501457126498,-4459.969173518402,46.330624258433,28.670221106813,1139968.105641770177,-4813.772134158194,7024.944265589928,115,7168115,7019.042968750000,-5.901296839928,3790233,1714481,5609011,6192756,609501,-4459969,1139968,-4813772,7024944,0,0
2,49.680000000000,42.978143508276,147,2026-09-04T17:41:43Z,-133223.983135999995,147000,643,3796423.414777026977,1715089.208108645631,5604547.594488971867,6188.437900770623,606.606541110068,-4466.529920780886,46.608247414857,28.846262812073,1135167.214555445593,-4787.960352933605,6987.276025497787,114,7168114,6958.007812500000,-29.268212997787,3796423,1715089,5604548,6188438,606607,-4466530,1135167,-4787960,6987276,0,0
2,49.680000000000,42.978143508276,148,2026-09-04T17:41:44Z,-133222.983135999995,148000,644,3802609.740557087120,1715694.367604411440,5600077.808539501391,6184.112145386280,603.711475173441,-4473.085686983723,46.889133533635,29.022898542270,1130392.303406623891,-4761.811853058321,6949.116397427902,114,7168114,6958.007812500000,8.891415072098,3802610,1715694,5600078,6184112,603711,-4473086,1130392,-4761812,6949116,0,0
2,49.680000000000,42.978143508276,149,2026-09-04T17:41:45Z,-133221.983135999995,149000,645,3808791.736876329407,1716296.631957830628,5595601.469278994016,6179.778616906333,600.816264670584,-4479.636463911447,47.173328635714,29.200114821931,1125643.710836839164,-4735.322790845928,6910.459772123732,113,7168113,6896.972656250000,-13.487115873732,3808792,1716297,5595601,6179779,600816,-4479636,1125644,-4735323,6910460,0,0
2,49.680000000000,42.978143508276,150,2026-09-04T17:41:46Z,-133220.983135999995,150000,646,3814969.395962757990,1716896.001026286278,5591118.581701126881,6175.437320345281,597.920913118287,-4486.182243356780,47.460879225008,29.377897449432,1120921.779334014282,-4708.489322289572,6871.300539861104,113,7168113,6896.972656250000,25.672116388896,3814969,1716896,5591119,6175437,597921,-4486182,1120922,-4708489,6871301,0,0
2,49.680000000000,42.978143508276,151,2026-09-04T17:41:47Z,-133219.983135999995,151000,647,3821142.710051550530,1717492.474671566859,5586629.150806008838,6171.088259655789,595.025426414622,-4492.723017113349,47.751832278282,29.556231475113,1116226.855228536762,-4681.307602402592,6831.633089485974,112,7168112,6835.937500000000,4.304410514026,3821143,1717492,5586629,6171088,595025,-4492723,1116227,-4681308,6831633,0,0
2,49.680000000000,42.978143508276,152,2026-09-04T17:41:48Z,-133218.983135999995,152000,648,3827311.671380521264,1718086.052759661805,5582133.181603360921,6166.731440069725,592.129807640276,-4499.258776983879,48.046235233423,29.735101178765,1111559.288694816874,-4653.773791458898,6791.451817521266,111,7168111,6774.902343750000,-16.549473771266,3827312,1718086,5582133,6166731,592130,-4499259,1111559,-4653774,6791452,0,0
2,49.680000000000,42.978143508276,153,2026-09-04T17:41:49Z,-133217.983135999995,153000,649,3833476.272193225101,1718676.735161683988,5577630.679110147990,6162.366865612057,589.234062590094,-4505.789514772914,48.344135976805,29.914490047030,1106919.433744685724,-4625.884053622083,6750.751126166294,111,7168111,6774.902343750000,24.151217583706,3833476,1718677,5577631,6162367,589234,-4505790,1106919,-4625884,6750751,0,0
2,49.680000000000,42.978143508276,154,2026-09-04T17:41:50Z,-133216.983135999995,154000,650,3839636.504737038631,1719264.521752192639,5573121.648352388293,6157.994541440530,586.338194558493,-4512.315222293182,48.645582828934,30.094380750380,1102307.648221076466,-4597.634563427920,6709.525432756933,110,7168110,6713.867187500000,4.341754743067,3839637,1719265,5573122,6157995,586338,-4512315,1102308,-4597635,6709525,0,0
2,49.680000000000,42.978143508276,155,2026-09-04T17:41:51Z,-133215.983135999995,155000,651,3845792.361264870036,1719849.412411761237,5568606.094363166951,6153.614471745641,583.442209016766,-4518.835891356503,48.950624529063,30.274755119878,1097724.293787653325,-4569.021505253505,6667.769168990931,109,7168109,6652.832031250000,-14.937137740931,3845792,1719849,5568606,6153614,583442,-4518836,1097724,-4569022,6667769,0,0
2,49.680000000000,42.978143508276,156,2026-09-04T17:41:52Z,-133214.983135999995,156000,652,3851943.834033575375,1720431.407023496693,5564084.022184858099,6149.226661561897,580.546109580609,-4525.351513789246,49.259310217805,30.455594123680,1093169.735915899277,-4540.041079215753,6625.476789535819,109,7168109,6652.832031250000,27.355241714181,3851944,1720431,5564084,6149227,580546,-4525352,1093170,-4540041,6625477,0,0
2,49.680000000000,42.978143508276,157,2026-09-04T17:41:53Z,-133213.983135999995,157000,653,3858090.915304893162,1721010.505477119936,5559555.436867166311,6144.831115149827,577.649901618088,-4531.862081414147,49.571689418700,30.636877843272,1088644.343869962031,-4510.689501639162,6582.642772711558,108,7168108,6591.796875000000,9.154102288442,3858091,1721011,5559555,6144831,577650,-4531862,1088644,-4510690,6582643,0,0
2,49.680000000000,42.978143508276,158,2026-09-04T17:41:54Z,-133212.983135999995,158000,654,3864233.597345118877,1721586.707665202208,5555020.343468557112,6140.427837567131,574.753588741487,-4538.367586060303,49.887812017606,30.818585449605,1084148.490686441306,-4480.963010826344,6539.261628911710,107,7168107,6530.761718750000,-8.499910161710,3864234,1721587,5555020,6140428,574754,-4538368,1084148,-4480963,6539262,0,0
2,49.680000000000,42.978143508276,159,2026-09-04T17:41:55Z,-133211.983135999995,159000,655,3870371.872425337788,1722160.013485636795,5550478.747055310756,6136.016833095255,571.857176320918,-4544.868019566820,50.207728240715,31.000695178973,1079682.553152766312,-4450.857867867786,6495.327901785162,106,7168106,6469.726562500000,-25.601339285162,3870372,1722160,5550479,6136017,571857,-4544868,1079683,-4450858,6495328,0,0
2,49.680000000000,42.978143508276,160,2026-09-04T17:41:56Z,-133210.983135999995,160000,656,3876505.732821203303,1722730.422840323532,5545930.652702103369,6131.598106816455,568.960667967986,-4551.363373773711,50.531488630487,31.183184308821,1075246.911781097995,-4420.370362661927,6450.836177021481,106,7168106,6469.726562500000,18.890385478519,3876506,1722730,5545931,6131598,568961,-4551363,1075247,-4420370,6450836,0,0
2,49.680000000000,42.978143508276,161,2026-09-04T17:41:57Z,-133209.983135999995,161000,657,3882635.170813219156,1723297.935636027018,5541376.065491530113,6127.171663082208,566.064068942524,-4557.853640523717,50.859144019802,31.366029133436,1070841.950779109960,-4389.496815060636,6405.781084022562,105,7168105,6408.691406250000,2.910322227438,3882635,1723298,5541376,6127172,566064,-4557854,1070842,-4389497,6405781,0,0
2,49.680000000000,42.978143508276,162,2026-09-04T17:41:58Z,-133208.983135999995,162000,658,3888760.178686849773,1723862.551783804549,5536814.990514219739,6122.737506895646,563.167383074187,-4564.338811670495,51.190745503992,31.549204939606,1066468.058016694617,-4358.233580853206,6360.157304635321,104,7168104,6347.656250000000,-12.501054635321,3888760,1723863,5536815,6122738,563167,-4564339,1066468,-4358234,6360157,0,0
2,49.680000000000,42.978143508276,163,2026-09-04T17:41:59Z,-133207.983135999995,163000,659,3894880.748731069267,1724424.271199264331,5532247.432869770564,6118.295642633711,560.270615626905,-4570.818879070430,51.526344410730,31.732685982205,1062125.624990307726,-4326.577053573478,6313.959575788916,103,7168103,6286.621093750000,-27.338482038916,3894881,1724424,5532247,6118296,560271,-4570819,1062126,-4326577,6313960,0,0
2,49.680000000000,42.978143508276,164,2026-09-04T17:42:00Z,-133206.983135999995,164000,660,3900996.873240979388,1724983.093802708667,5527673.397664870135,6113.846075369565,557.373770318236,-4577.293834582633,51.865992267889,31.916445459956,1057815.046780325007,-4294.523670663719,6267.182698489957,103,7168103,6286.621093750000,19.438395260043,3900997,1724983,5527673,6113846,557374,-4577294,1057815,-4294524,6267183,0,0
2,49.680000000000,42.978143508276,165,2026-09-04T17:42:01Z,-133205.983135999995,165000,661,3907108.544515584130,1725539.019518577727,5523092.890015039593,6109.388809600659,554.476852191328,-4583.763670076223,52.209740768814,32.100455491133,1053536.722007609205,-4262.069915564669,6219.821540872595,102,7168102,6225.585937500000,5.764396627405,3907109,1725539,5523093,6109389,554477,-4583764,1053537,-4262070,6219822,0,0
2,49.680000000000,42.978143508276,166,2026-09-04T17:42:02Z,-133204.983135999995,166000,662,3913215.754858893342,1726092.048275949201,5518505.915043684654,6104.923850225987,551.579865405074,-4590.228377417588,52.557641735406,32.284687089500,1049291.052783804480,-4229.212323594200,6171.871046777509,101,7168101,6164.550781250000,-7.320265527509,3913216,1726092,5518506,6104924,551580,-4590228,1049291,-4229212,6171871,0,0
2,49.680000000000,42.978143508276,167,2026-09-04T17:42:03Z,-133203.983135999995,167000,663,3919318.496579930652,1726642.180008200696,5513912.477882245556,6100.451201960368,548.682814560152,-4596.687948486760,52.909747078589,32.469110140429,1045078.444657798158,-4195.947485425475,6123.326240827731,100,7168100,6103.515625000000,-19.810615827731,3919318,1726642,5513912,6100451,548683,-4596688,1045078,-4195947,6123326,0,0
2,49.680000000000,42.978143508276,168,2026-09-04T17:42:04Z,-133202.983135999995,168000,664,3925416.761992179789,1727189.414653854445,5509312.583670245484,6095.970869578196,545.785704147875,-4603.142375163770,53.266108756195,32.653693377243,1040899.306558474083,-4162.272052043593,6074.182235662086,100,7168100,6103.515625000000,29.333389337914,3925417,1727189,5509313,6095971,545786,-4603142,1040899,-4162272,6074182,0,0
2,49.680000000000,42.978143508276,169,2026-09-04T17:42:05Z,-133201.983135999995,169000,665,3931510.543413745239,1727733.752155204536,5504706.237555716187,6091.482857814754,542.888538768921,-4609.591649334106,53.626778728045,32.838404357955,1036754.050731532159,-4128.182739296431,6024.434238576437,99,7168099,6042.480468750000,18.046230173563,3931511,1727734,5504706,6091483,542889,-4609592,1036754,-4128183,6024434,0,0
2,49.680000000000,42.978143508276,170,2026-09-04T17:42:06Z,-133200.983135999995,170000,666,3937599.833167821635,1728275.192459418671,5500093.444694421254,6086.987171615419,539.991322580363,-4616.035762893262,53.991808908360,33.023209442363,1032643.092672200059,-4093.676333134887,5974.077559170996,98,7168098,5981.445312500000,7.367753329004,3937600,1728275,5500093,6086987,539991,-4616036,1032643,-4093676,5974078,0,0
2,49.680000000000,42.978143508276,171,2026-09-04T17:42:07Z,-133199.983135999995,171000,667,3943684.623582288157,1728813.735517671099,5495474.210250473581,6082.483815691376,537.094060294294,-4622.474707735819,54.361251115093,33.208073769634,1028566.851052949321,-4058.749693852867,5923.107615537911,97,7168097,5920.410156250000,-2.697459287911,3943685,1728814,5495474,6082484,537094,-4622475,1028567,-4058750,5923108,0,0
2,49.680000000000,42.978143508276,172,2026-09-04T17:42:08Z,-133198.983135999995,172000,668,3949764.906989666633,1729349.381286435295,5490848.539395958185,6077.972794758352,534.196756625306,-4628.908475762728,54.735157016372,33.392961236413,1024525.747646783362,-4023.399761597148,5871.519942302059,96,7168096,5859.375000000000,-12.144942302059,3949765,1729349,5490849,6077973,534197,-4628908,1024526,-4023400,5871520,0,0
2,49.680000000000,42.978143508276,173,2026-09-04T17:42:09Z,-133197.983135999995,173000,669,3955840.675727993716,1729882.129725813633,5486216.437310824171,6073.454113796288,531.299415727290,-4635.337058884033,55.113578073690,33.577834475648,1020520.207243458019,-3987.623562023180,5819.310198874787,95,7168095,5798.339843750000,-20.970355124787,3955841,1729882,5486216,6073454,531299,-4635337,1020520,-3987624,5819310,0,0
2,49.680000000000,42.978143508276,174,2026-09-04T17:42:10Z,-133196.983135999995,174000,670,3961911.922139478382,1730411.980801143451,5481577.909183349460,6068.927777645058,528.402042089965,-4641.760449007961,55.496565481934,33.762654836009,1016550.657563342480,-3951.418210997811,5766.474176316811,94,7168094,5737.304687500000,-29.169488816811,3961912,1730412,5481578,6068928,528402,-4641760,1016551,-3951418,5766474,0,0
2,49.680000000000,42.978143508276,175,2026-09-04T17:42:11Z,-133195.983135999995,175000,671,3967978.638570634183,1730938.934481577482,5476932.960210503079,6064.393791010389,525.504640540930,-4648.178638056379,55.884170105989,33.947382362228,1012617.529163509025,-3914.780920105859,5713.007805374188,94,7168094,5737.304687500000,24.296882125812,3967979,1730939,5476933,6064394,525505,-4648179,1012618,-3914781,5713008,0,0
2,49.680000000000,42.978143508276,176,2026-09-04T17:42:12Z,-133194.983135999995,176000,672,3974040.817374472041,1731462.990741586313,5472281.595595863648,6059.852158947706,522.607215119251,-4654.591617952065,56.276442414205,34.131975776360,1008721.255338150659,-3877.709003062381,5658.907165836012,93,7168093,5676.269531250000,17.362365413988,3974041,1731463,5472282,6059852,522607,-4654592,1008721,-3877709,5658907,0,0
2,49.680000000000,42.978143508276,177,2026-09-04T17:42:13Z,-133193.983135999995,177000,673,3980098.450907323975,1731984.149559075944,5467623.820552553050,6055.302886136815,519.709770765985,-4660.999380620524,56.673432407845,34.316392459956,1004862.272015508031,-3840.199880234808,5604.168493133768,92,7168092,5615.234375000000,11.065881866232,3980098,1731984,5467624,6055303,519710,-4660999,1004862,-3840200,5604168,0,0
2,49.680000000000,42.978143508276,178,2026-09-04T17:42:14Z,-133192.983135999995,178000,674,3986151.531531108543,1732502.410917499801,5462959.640300907195,6050.745977656788,516.812311518379,-4667.401917997267,57.075189547470,34.500588437454,1001041.017647047527,-3802.251085799819,5548.788188785659,91,7168091,5554.199218750000,5.411029964341,3986152,1732502,5462960,6050746,516812,-4667402,1001041,-3802251,5548788,0,0
2,49.680000000000,42.978143508276,179,2026-09-04T17:42:15Z,-133191.983135999995,179000,675,3992200.051612700801,1733017.774803846842,5458289.060069585219,6046.181438158783,513.914842431632,-4673.799222020534,57.481762675230,34.684518360785,997257.933090890408,-3763.860272292675,5492.762827035646,90,7168090,5493.164062500000,0.401235464354,3992200,1733018,5458289,6046181,513915,-4673799,997258,-3763860,5492763,0,0
2,49.680000000000,42.978143508276,180,2026-09-04T17:42:16Z,-133190.983135999995,180000,676,3998244.003523495514,1733530.241210504435,5453612.085095267743,6041.609272843743,511.017367314935,-4680.191284633111,57.893199933635,34.868135495264,993513.461490788264,-3725.025218333301,5436.089166128452,89,7168089,5432.128906250000,-3.960259878452,3998244,1733530,5453612,6041609,511017,-4680191,993513,-3725025,5436089,0,0
2,49.680000000000,42.978143508276,181,2026-09-04T17:42:17Z,-133189.983135999995,181000,677,4004283.379640067928,1734039.810133308405,5448928.720622837543,6037.029486383744,508.119891224396,-4686.578097786878,58.309548680324,35.051391707057,989808.048146601534,-3685.743832952011,5378.764154622279,88,7168088,5371.093750000000,-7.670404622279,4004283,1734040,5448929,6037029,508120,-4686578,989808,-3685744,5378764,0,0
2,49.680000000000,42.978143508276,182,2026-09-04T17:42:18Z,-133188.983135999995,182000,678,4010318.172343481798,1734546.481573961210,5444238.971905102953,6032.442083950627,505.222418080621,-4692.959653434627,58.730855399124,35.234237452109,986142.140381404082,-3646.014163586267,5320.784943058815,87,7168087,5310.058593750000,-10.726349308815,4010318,1734546,5444239,6032442,505222,-4692960,986142,-3646014,5320785,0,0
2,49.680000000000,42.978143508276,183,2026-09-04T17:42:19Z,-133187.983135999995,183000,679,4016348.374020955525,1735050.255537013058,5439542.844202520326,6027.847070190546,502.324953055449,-4699.335943537335,59.157165606987,35.416621766987,982516.187398294685,-3605.834400654490,5262.148890638001,86,7168086,5249.023437500000,-13.125453138001,4016348,1735050,5439543,6027847,502325,-4699336,982516,-3605834,5262149,0,0
2,49.680000000000,42.978143508276,184,2026-09-04T17:42:20Z,-133186.983135999995,184000,680,4022373.977062683553,1735551.132032932481,5434840.342784610577,6023.244450299899,499.427500067441,-4705.706960058706,59.588523756987,35.598492261284,978930.640136768576,-3565.202885821989,5202.853577280855,85,7168085,5187.988281250000,-14.865296030855,4022374,1735551,5434840,6023244,499428,-4705707,978931,-3565203,5202854,0,0
2,49.680000000000,42.978143508276,185,2026-09-04T17:42:21Z,-133185.983135999995,185000,681,4028394.973865792621,1736049.111075968249,5430131.472927645780,6018.634228989413,496.530064175658,-4712.072694971539,60.024973137461,35.779795112365,975385.951115636854,-3524.118116686849,5142.896810467782,84,7168084,5126.953125000000,-15.943685467782,4028395,1736049,5430131,6018634,496530,-4712073,975386,-3524118,5142897,0,0
2,49.680000000000,42.978143508276,186,2026-09-04T17:42:22Z,-133184.983135999995,186000,682,4034411.356831172016,1736544.192684940994,5425416.239916811697,6014.016411631474,493.632648953053,-4718.433140249545,60.466555766820,35.960475061951,971882.574275392340,-3482.578755271814,5082.276637631152,83,7168083,5065.917968750000,-16.358668881152,4034411,1736544,5425416,6014016,493633,-4718433,971883,-3482579,5082277,0,0
2,49.680000000000,42.978143508276,187,2026-09-04T17:42:23Z,-133183.983135999995,187000,683,4040423.118364875671,1737036.376883059740,5420694.649045204744,6009.391002613484,490.735260262454,-4724.788287875526,60.913312284563,36.140475415145,968420.964810623205,-3440.583631797288,5020.991351661400,82,7168082,5004.882812500000,-16.108539161400,4040423,1737036,5420695,6009391,490735,-4724788,968421,-3440584,5020991,0,0
2,49.680000000000,42.978143508276,188,2026-09-04T17:42:24Z,-133182.983135999995,188000,684,4046430.250877670944,1737525.663698355202,5415966.705614036880,6004.758007670262,487.837900871455,-4731.138129836836,61.365281838192,36.319738041806,965001.578997306060,-3398.131755288480,4959.039506386482,81,7168081,4943.847656250000,-15.191850136482,4046430,1737526,5415967,6004758,487838,-4731138,965002,-3398132,4959040,0,0
2,49.680000000000,42.978143508276,189,2026-09-04T17:42:25Z,-133181.983135999995,189000,685,4052432.746786700096,1738012.053163156146,5411232.414931531996,6000.117431065519,484.940576989402,-4737.482658125373,61.822501966224,36.498203380586,961624.874011726351,-3355.222315351798,4896.419919164250,80,7168080,4882.812500000000,-13.607419164250,4052433,1738012,5411232,6000117,484941,-4737483,961625,-3355222,4896420,0,0
2,49.680000000000,42.978143508276,190,2026-09-04T17:42:26Z,-133180.983135999995,190000,686,4058430.598512486555,1738495.545314189745,5406491.782315201126,5995.469278410383,482.043291723585,-4743.821864736674,62.285008476969,36.675810445530,958291.307745894650,-3311.854693705594,4833.131687709760,79,7168079,4821.777343750000,-11.354343959760,4058431,1738496,5406492,5995469,482043,-4743822,958291,-3311855,4833132,0,0
2,49.680000000000,42.978143508276,191,2026-09-04T17:42:27Z,-133179.983135999995,191000,687,4064423.798481026664,1738976.140192849562,5401744.813090133481,5990.813554332817,479.146050484360,-4750.155741675371,62.752835323812,36.852496835700,955001.338613256929,-3268.028466802208,4769.174193921736,78,7168078,4760.742187500000,-8.432006421736,4064424,1738976,5401745,5990814,479146,-4750156,955001,-3268028,4769174,0,0
2,49.680000000000,42.978143508276,192,2026-09-04T17:42:28Z,-133178.983135999995,192000,688,4070412.339123936836,1739453.837844727328,5396991.512589073740,5986.150264070147,476.248857294422,-4756.484280951554,63.226014476540,37.028198747794,951755.425348661258,-3223.743415204197,4704.547117565700,77,7168077,4699.707031250000,-4.840086315700,4070412,1739454,5396992,5986150,476249,-4756484,951755,-3223743,4704547,0,0
2,49.680000000000,42.978143508276,193,2026-09-04T17:42:29Z,-133177.983135999995,193000,689,4076396.212877785787,1739928.638320133090,5392231.886152726598,5981.479412620502,473.351716756270,-4762.807474575311,63.704575789008,37.202850991889,948554.026802604669,-3178.999528728744,4639.250443781429,76,7168076,4638.671875000000,-0.578568781429,4076396,1739929,5392232,5981479,473352,-4762807,948554,-3179000,4639250,0,0
2,49.680000000000,42.978143508276,194,2026-09-04T17:42:30Z,-133176.983135999995,194000,690,4082375.412183343899,1740400.541673874948,5387465.939130422659,5976.801005042944,470.454633357804,-4769.125314569465,64.188546863240,37.376387010533,945397.601728582755,-3133.797013543765,4573.284473438612,75,7168075,4577.636718750000,4.352245311388,4082375,1740401,5387466,5976801,470455,-4769125,945398,-3133797,4573284,0,0
2,49.680000000000,42.978143508276,195,2026-09-04T17:42:31Z,-133175.983135999995,195000,691,4088349.929486636072,1740869.547965267673,5382693.676879351027,5972.115046408817,467.557611584198,-4775.437792957746,64.677952910322,37.548738901386,942286.608562998474,-3088.136298572879,4506.649832483893,74,7168074,4516.601562500000,9.951730016107,4088350,1740870,5382694,5972115,467558,-4775438,942287,-3088136,4506650,0,0
2,49.680000000000,42.978143508276,196,2026-09-04T17:42:32Z,-133174.983135999995,196000,692,4094319.757240232080,1741335.657258067513,5377915.104763510637,5967.421541847671,464.660655804664,-4781.744901772072,65.172816608181,37.719837443494,939221.505198402680,-3042.018042002960,4439.347481437625,73,7168073,4455.566406250000,16.218924812375,4094320,1741336,5377915,5967422,464661,-4781745,939222,-3042018,4439347,0,0
2,49.680000000000,42.978143508276,197,2026-09-04T17:42:33Z,-133173.983135999995,197000,693,4100284.887899417430,1741798.869620320154,5373130.228156788275,5962.720496306247,461.763770854304,-4788.046633044360,65.673157956037,37.889612127191,936202.748753227759,-2995.443137215232,4371.378724049368,72,7168072,4394.531250000000,23.152525950632,4100285,1741799,5373130,5962720,461764,-4788047,936203,-2995443,4371379,0,0
2,49.680000000000,42.978143508276,198,2026-09-04T17:42:34Z,-133172.983135999995,198000,694,4106245.313926888164,1742259.185124864336,5368339.052439128049,5958.011915029601,458.866960868818,-4794.342978819259,66.178994126892,38.057991188177,933230.795330782537,-2948.412719846857,4302.745217603173,70,7168070,4272.460937500000,-30.284280103173,4106245,1742259,5368339,5958012,458867,-4794343,933231,-2948413,4302745,0,0
2,49.680000000000,42.978143508276,199,2026-09-04T17:42:35Z,-133171.983135999995,199000,695,4112201.027788531967,1742716.603848522063,5363541.583000060171,5953.295803090441,455.970230450248,-4800.633931143238,66.690339316896,38.224901645408,930306.099776327610,-2900.928173053484,4233.448980597434,69,7168069,4211.425781250000,-22.023199347434,4112201,1742717,5363542,5953296,455970,-4800634,930306,-2900928,4233449,0,0
2,49.680000000000,42.978143508276,200,2026-09-04T17:42:36Z,-133170.983135999995,200000,696,4118152.021956404671,1743171.125873604324,5358737.825235955417,5948.572165655605,453.073583964851,-4806.919482066405,67.207204593365,38.390269343344,927429.115425446653,-2852.991133954279,4163.492402150414,68,7168068,4150.390625000000,-13.101777150414,4118152,1743171,5358738,5948572,453074,-4806919,927429,-2852991,4163492,0,0
2,49.680000000000,42.978143508276,201,2026-09-04T17:42:37Z,-133169.983135999995,201000,697,4124098.288907735143,1743622.751285674749,5353927.784551465884,5943.841007718220,450.177026250003,-4813.199623648870,67.729597740610,38.554018998489,924600.293846674380,-2804.603498912730,4092.878249706734,67,7168067,4089.355468750000,-3.522780956734,4124098,1743623,5353928,5943841,450177,-4813200,924600,-2804603,4092878,0,0
2,49.680000000000,42.978143508276,202,2026-09-04T17:42:38Z,-133168.983135999995,202000,698,4130039.821124523878,1744071.480175974080,5349111.466359100305,5939.102334571544,447.280561437765,-4819.474347956202,68.257523104810,38.716074250245,921820.084580609342,-2755.767430006098,4021.609678478529,66,7168066,4028.320312500000,6.710634021471,4130040,1744071,5349111,5939102,447281,-4819474,921820,-2755767,4021610,0,0
2,49.680000000000,42.978143508276,203,2026-09-04T17:42:39Z,-133167.983135999995,203000,699,4135976.611093703657,1744517.312638828531,5344288.876079899259,5934.356151318752,444.384194128133,-4825.743647053969,68.790981437804,38.876357716466,919088.934870507685,-2706.485359551529,3949.690238050598,65,7168065,3967.285156250000,17.594918199402,4135977,1744517,5344289,5934356,444384,-4825744,919089,-2706485,3949690,0,0
2,49.680000000000,42.978143508276,204,2026-09-04T17:42:40Z,-133166.983135999995,204000,700,4141908.651308211032,1744960.248774525942,5339460.019141709432,5929.602463133961,441.487928805600,-4832.007513017743,69.329969740938,39.034791053494,916407.289390139980,-2656.759995697113,3877.123880539673,64,7168064,3906.250000000000,29.126119460327,4141909,1744960,5339460,5929602,441488,-4832008,916407,-2656760,3877124,0,0
2,49.680000000000,42.978143508276,205,2026-09-04T17:42:41Z,-133165.983135999995,205000,701,4147835.934265365824,1745400.288686617045,5334624.900981308892,5924.841275193103,438.591769952609,-4838.265937931283,69.874481108514,39.191295020995,913775.589964893879,-2606.594327285514,3803.914967692124,62,7168062,3784.179687500000,-19.735280192124,4147836,1745400,5334625,5924841,438592,-4838266,913776,-2606594,3803915,0,0
2,49.680000000000,42.978143508276,206,2026-09-04T17:42:42Z,-133164.983135999995,206000,702,4153758.452467800584,1745837.432484018151,5329783.527042998932,5920.072592690303,435.695722052287,-4844.518913878346,70.424504572459,39.345789551493,911194.275289417594,-2555.991628487408,3730.068277645733,61,7168061,3723.144531250000,-6.923746395733,4153758,1745837,5329784,5920073,435696,-4844519,911194,-2555992,3730068,0,0
2,49.680000000000,42.978143508276,207,2026-09-04T17:42:43Z,-133163.983135999995,207000,703,4159676.198424067348,1746271.680279481923,5324935.902778642252,5915.296420820596,432.799789587079,-4850.766432947239,70.980024948064,39.498193824818,908663.780638979631,-2504.955463176140,3655.589011313825,60,7168060,3662.109375000000,6.520363686175,4159676,1746272,5324936,5915296,432800,-4850766,908664,-2504955,3655589,0,0
2,49.680000000000,42.978143508276,208,2026-09-04T17:42:44Z,-133162.983135999995,208000,704,4165589.164646262303,1746703.032191141276,5320082.033648990095,5910.512764899977,429.903976802734,-4857.008487239909,71.541022681582,39.648426347233,906184.537579632830,-2453.489689186546,3580.482798600337,59,7168059,3601.074218750000,20.591420149663,4165589,1746703,5320082,5910513,429904,-4857008,906185,-2453490,3580483,0,0
2,49.680000000000,42.978143508276,209,2026-09-04T17:42:45Z,-133161.983135999995,209000,705,4171497.343653936870,1747131.488340159412,5315221.925121435896,5905.721629799700,427.008289008427,-4863.245068858305,72.107473700769,39.796405035734,903756.973669492640,-2401.598461042993,3504.755702380976,57,7168057,3479.003906250000,-25.751796130976,4171497,1747131,5315222,5905722,427008,-4863245,903757,-2401598,3504756,0,0
2,49.680000000000,42.978143508276,210,2026-09-04T17:42:46Z,-133160.983135999995,210000,706,4177400.727969706990,1747557.048853773624,5310355.582672423683,5900.923021255949,424.112729502212,-4869.476169910740,72.679349268301,39.942047306779,901381.512163171312,-2349.286235665106,3428.414226829828,56,7168056,3417.968750000000,-10.445476829828,4177401,1747557,5310356,5900923,424113,-4869476,901382,-2349286,3428414,0,0
2,49.680000000000,42.978143508276,211,2026-09-04T17:42:47Z,-133159.983135999995,211000,707,4183299.310122998431,1747979.713862404693,5305483.011785491370,5896.116944060850,421.217303831781,-4875.701782510077,73.256615839630,40.085270170299,899058.571706094895,-2296.557772181958,3351.465317148194,55,7168055,3356.933593750000,5.468276601806,4183299,1747980,5305483,5896117,421217,-4875702,899059,-2296558,3351465,0,0
2,49.680000000000,42.978143508276,212,2026-09-04T17:42:48Z,-133158.983135999995,212000,708,4189193.082647725474,1748399.483501855982,5300604.217952343635,5891.303403815073,418.322015646481,-4881.921898777364,73.839234925402,40.225990328128,896788.566031506751,-2243.418137657648,3273.916367920173,54,7168054,3295.898437500000,21.982069579827,4189193,1748399,5300604,5891303,418322,-4881922,896789,-2243418,3273916,0,0
2,49.680000000000,42.978143508276,213,2026-09-04T17:42:49Z,-133157.983135999995,213000,709,4195082.038083284162,1748816.357911937404,5295719.206672545522,5886.482405542665,415.426870021065,-4888.136510839104,74.427162959572,40.364124277365,894571.903651616187,-2189.872706821923,3195.775222719549,52,7168052,3173.828125000000,-21.947097719549,4195082,1748816,5295719,5886482,415427,-4888137,894572,-2189873,3195775,0,0
2,49.680000000000,42.978143508276,214,2026-09-04T17:42:50Z,-133156.983135999995,214000,710,4200966.168974081054,1749230.337237160187,5290827.983453662135,5881.653954812464,412.531870721068,-4894.345610827258,75.020351173942,40.499588418218,892408.987548531150,-2135.927165890266,3117.050179684612,51,7168051,3112.792968750000,-4.257210934612,4200966,1749230,5290828,5881654,412532,-4894346,892409,-2135927,3117050,0,0
2,49.680000000000,42.978143508276,215,2026-09-04T17:42:51Z,-133155.983135999995,215000,711,4206845.467870460823,1749641.421626093332,5285930.553810746409,5876.818056471166,409.637023298501,-4900.549190876518,75.618745480020,40.632299166421,890300.214862310444,-2081.587511586082,3037.749990091182,50,7168050,3051.757812500000,14.007822408818,4206845,1749641,5285931,5876818,409637,-4900549,890300,-2081588,3037750,0,0
2,49.680000000000,42.978143508276,216,2026-09-04T17:42:52Z,-133154.983135999995,216000,712,4212719.927326846868,1750049.611232383410,5281026.923267480917,5871.974716209479,406.742331276519,-4906.747243134305,76.222286358834,40.762173069831,888245.976579968585,-2026.860054867087,2957.883863790697,48,7168048,2929.687500000000,-28.196363790697,4212720,1750050,5281027,5871975,406742,-4906747,888246,-2026860,2957884,0,0
2,49.680000000000,42.978143508276,217,2026-09-04T17:42:53Z,-133153.983135999995,217000,713,4218589.539904377423,1750454.906213835115,5276117.097354364581,5867.123939041448,403.847799853793,-4912.939759742585,76.830908760075,40.889126929347,886246.657220963505,-1971.751418522657,2877.461465703925,47,7168047,2868.652343750000,-8.809121953925,4218590,1750455,5276117,5867124,403848,-4912940,886247,-1971751,2877461,0,0
2,49.680000000000,42.978143508276,218,2026-09-04T17:42:54Z,-133152.983135999995,218000,714,4224454.298168833368,1750857.306732770521,5271201.081610265188,5862.265730634135,400.953432668530,-4919.126732862424,77.444542010727,41.013077923600,884302.634525142843,-1916.268539498162,2796.492919212951,46,7168046,2807.617187500000,11.124268287049,4224454,1750857,5271201,5862266,400953,-4919127,884303,-1916269,2796493,0,0
2,49.680000000000,42.978143508276,219,2026-09-04T17:42:55Z,-133151.983135999995,219000,715,4230314.194690782577,1751256.812955792760,5266278.881582421251,5857.400095922458,398.059235157916,-4925.308154649429,78.063109734621,41.133943737394,882414.279139831429,-1860.418665760252,2714.988801586563,44,7168044,2685.546875000000,-29.441926586563,4230314,1751257,5266279,5857400,398059,-4925308,882414,-1860419,2714989,0,0
2,49.680000000000,42.978143508276,220,2026-09-04T17:42:56Z,-133150.983135999995,220000,716,4236169.222047490068,1751653.425054535037,5261350.502824573778,5852.527040642599,395.165210838286,-4931.484017273760,78.686529783861,41.251642693557,880581.954307727632,-1804.209357888417,2632.960146302888,43,7168043,2624.511718750000,-8.448427552888,4236169,1751653,5261351,5852527,395165,-4931484,880582,-1804209,2632960,0,0
2,49.680000000000,42.978143508276,221,2026-09-04T17:42:57Z,-133149.983135999995,221000,717,4242019.372820072807,1752047.143204414286,5256415.950899776071,5847.646569800418,392.271365027682,-4937.654312904669,79.314714182123,41.366093887881,878806.015556834638,-1747.648484646924,2550.418436587318,42,7168042,2563.476562500000,13.058125912682,4242019,1752047,5256416,5847647,392271,-4937654,878806,-1747648,2550418,0,0
2,49.680000000000,42.978143508276,222,2026-09-04T17:42:58Z,-133148.983135999995,222000,718,4247864.639596051537,1752437.967585959239,5251475.231377815828,5842.758689009315,389.377701601688,-4943.819033722320,79.947569081968,41.477217326836,877086.810391885927,-1690.744223114275,2467.375605601444,40,7168040,2441.406250000000,-25.969355601444,4247865,1752438,5251475,5842759,389378,-4943819,877087,-1690744,2467376,0,0
2,49.680000000000,42.978143508276,223,2026-09-04T17:42:59Z,-133147.983135999995,223000,719,4253705.014967263676,1752825.898383923341,5246528.349837262183,5837.863403391566,386.484225639833,-4949.978171905968,80.584994735678,41.584934067702,875424.677988655167,-1633.505053938011,2383.844029518180,39,7168039,2380.371093750000,-3.472935768180,4253705,1752826,5246528,5837863,386484,-4949978,875425,-1633505,2383844,0,0
2,49.680000000000,42.978143508276,224,2026-09-04T17:43:00Z,-133146.983135999995,224000,720,4259540.491532769985,1753210.935786991846,5241575.311863139272,5832.960718635150,383.590940891054,-4956.131719649420,81.226885481556,41.689166360788,873819.948889994761,-1575.939759805144,2299.836525289607,38,7168038,2319.335937500000,19.499412210393,4259540,1753211,5241575,5832961,383591,-4956132,873820,-1575940,2299837,0,0
2,49.680000000000,42.978143508276,225,2026-09-04T17:43:01Z,-133145.983135999995,225000,721,4265371.061894780025,1753593.079989073798,5236616.123049899936,5828.050639985122,380.697852194771,-4962.279669145573,81.873129745182,41.789837793043,872272.944708817638,-1518.057419734579,2215.366342317652,36,7168036,2197.265625000000,-18.100717317652,4265371,1753593,5236616,5828051,380698,-4962280,872273,-1518057,2215366,0,0
2,49.680000000000,42.978143508276,226,2026-09-04T17:43:02Z,-133144.983135999995,226000,722,4271196.718662589788,1753972.331188373966,5231650.788998434320,5823.133172794769,377.804964143934,-4968.422012596420,82.523610057725,41.886873433081,870783.977831353666,-1459.867405496207,2130.447157228321,35,7168035,2136.230468750000,5.783311521679,4271197,1753972,5231651,5823133,377805,-4968422,870784,-1459867,2130447,0,0
2,49.680000000000,42.978143508276,227,2026-09-04T17:43:03Z,-133143.983135999995,227000,723,4277017.454449910671,1754348.689587572590,5226679.315318255685,5818.208322535611,374.912281094339,-4974.558742210320,83.178203090522,41.980199976698,869353.351128039183,-1401.379376509345,2045.093066426769,34,7168034,2075.195312500000,30.102246073231,4277017,1754349,5226679,5818208,374912,-4974559,869353,-1401379,2045093,0,0
2,49.680000000000,42.978143508276,228,2026-09-04T17:43:04Z,-133142.983135999995,228000,724,4282833.261876607314,1754722.155393672874,5221701.707626136951,5813.276094582761,372.019807639163,-4980.689850200179,83.836779707583,42.069745892686,867981.357668253244,-1342.603273775563,1959.318577243223,32,7168032,1953.125000000000,-6.193577243223,4282833,1754722,5221702,5813276,372020,-4980690,867981,-1342603,1959319,0,0
2,49.680000000000,42.978143508276,229,2026-09-04T17:43:05Z,-133141.983135999995,229000,725,4288644.133567015640,1755092.728818143252,5216717.971547400579,5808.336494475952,369.127548010056,-4986.815328780722,84.499205035690,42.155441568233,866668.280442174990,-1283.549314044832,1873.138599419382,31,7168031,1892.089843750000,18.951244330618,4288644,1755093,5216718,5808336,369128,-4986815,866668,-1283549,1873139,0,0
2,49.680000000000,42.978143508276,230,2026-09-04T17:43:06Z,-133140.983135999995,230000,726,4294450.062152257189,1755460.410077101784,5211728.112713996321,5803.389527563013,366.235506922521,-4992.935170181227,85.165338553249,42.237219453521,865414.392088221270,-1224.227982312051,1786.568434158282,29,7168029,1770.019531250000,-16.548902908282,4294450,1755460,5211728,5803390,366236,-4992935,865414,-1224228,1786568,0,0
2,49.680000000000,42.978143508276,231,2026-09-04T17:43:07Z,-133139.983135999995,231000,727,4300251.040268007666,1755825.199390633497,5206732.136766526848,5798.435199511005,363.343688357872,-4999.049366631880,85.835034197239,42.315014204876,864219.954628248583,-1164.650025280499,1699.623764585227,28,7168028,1708.984375000000,9.360610414773,4300251,1755825,5206732,5798435,363344,-4999049,864220,-1164650,1699624,0,0
2,49.680000000000,42.978143508276,232,2026-09-04T17:43:08Z,-133138.983135999995,232000,728,4306047.060554906726,1756187.096984524513,5201730.049353404902,5793.473515431288,360.452097646657,-5005.157910371054,86.508140489358,42.388762825868,863085.219211345655,-1104.826441828676,1612.320641835645,26,7168026,1586.914062500000,-25.406579335645,4306047,1756187,5201730,5793474,360452,-5005158,863085,-1104826,1612321,0,0
2,49.680000000000,42.978143508276,233,2026-09-04T17:43:09Z,-133137.983135999995,233000,729,4311838.115660466254,1756546.103087530704,5196721.856130113825,5788.504481263772,357.560738155826,-5011.260793636211,87.184500681073,42.458404806081,862010.425862716511,-1044.768476827680,1524.675476032523,25,7168025,1525.878906250000,1.203430217477,4311838,1756546,5196722,5788504,357561,-5011261,862010,-1044768,1524675,0,0
2,49.680000000000,42.978143508276,234,2026-09-04T17:43:10Z,-133136.983135999995,234000,730,4317624.198236442171,1756902.217934013810,5191707.562760555185,5783.528101946104,354.669615705006,-5017.358008679366,87.863952917261,42.523882256430,860995.803245923133,-984.487608842542,1436.705018338426,24,7168024,1464.843750000000,28.138731661574,4317624,1756902,5191708,5783528,354670,-5017358,860996,-984488,1436705,0,0
2,49.680000000000,42.978143508276,235,2026-09-04T17:43:11Z,-133135.983135999995,235000,731,4323405.300940872170,1757255.441761997063,5186687.174915995449,5778.544383484586,351.778733537685,-5023.449547757082,88.546330418948,42.585140041045,860041.568430504878,-923.995544103582,1348.426352157655,22,7168022,1342.773437500000,-5.652914657655,4323405,1757255,5186687,5778544,351779,-5023450,860042,-923996,1348426,0,0
2,49.680000000000,42.978143508276,236,2026-09-04T17:43:12Z,-133134.983135999995,236000,732,4329181.416436753236,1757605.774814551231,5181660.698275685310,5773.553331091534,348.888096857308,-5029.535403129557,89.231461684295,42.642125904653,859147.926672381000,-863.304203051526,1259.856873500942,21,7168021,1281.738281250000,21.881407749058,4329181,1757606,5181661,5773553,348888,-5029535,859148,-863304,1259857,0,0
2,49.680000000000,42.978143508276,237,2026-09-04T17:43:13Z,-133133.983135999995,237000,733,4334952.537393641658,1757953.217338567134,5176628.138525979593,5768.554950544058,345.997709521043,-5035.615567058812,89.919170707939,42.694790595250,858315.071202449268,-802.425712037163,1171.014278872415,19,7168019,1159.667968750000,-11.346310122415,4334953,1757953,5176628,5768555,345998,-5035616,858315,-802426,1171014,0,0
2,49.680000000000,42.978143508276,238,2026-09-04T17:43:14Z,-133132.983135999995,238000,734,4340718.656484343112,1758297.769586424110,5171589.501362526789,5763.549247075389,343.107576734383,-5041.690031823236,90.609277217507,42.743087981133,857543.183028835338,-741.372390257428,1081.916546204857,18,7168018,1098.632812500000,16.716266295143,4340719,1758298,5171590,5763549,343108,-5041690,857543,-741372,1081917,0,0
2,49.680000000000,42.978143508276,239,2026-09-04T17:43:15Z,-133131.983135999995,239000,735,4346479.766390133649,1758639.431813896867,5166544.792486595921,5758.536226431715,340.217702471364,-5047.758789699401,91.301596927982,42.786975162232,856832.430746609229,-680.156739929379,992.581920520173,16,7168016,976.562500000000,-16.019420520173,4346480,1758639,5166545,5758536,340218,-5047759,856832,-680157,992582,0,0
2,49.680000000000,42.978143508276,240,2026-09-04T17:43:16Z,-133130.983135999995,240000,736,4352235.859795289114,1758978.204282083549,5161494.017609015107,5753.515894220982,337.328091076415,-5053.821832972972,91.995941811241,42.826412574600,856182.970363786793,-618.791433138145,903.028894736032,15,7168015,915.527343750000,12.498449013968,4352236,1758978,5161494,5753516,337328,-5053822,856183,-618791,903029,0,0
2,49.680000000000,42.978143508276,241,2026-09-04T17:43:17Z,-133129.983135999995,241000,737,4357986.929391698912,1759314.087255762890,5156437.182446871884,5748.488255714619,334.438747756167,-5059.879153932343,92.692120382033,42.861364088166,855594.945135629037,-557.289298966538,813.276190883562,13,7168013,793.457031250000,-19.819159633562,4357987,1759314,5156437,5748488,334439,-5059879,855595,-557289,813276,0,0
2,49.680000000000,42.978143508276,242,2026-09-04T17:43:18Z,-133128.983135999995,242000,738,4363732.967875206843,1759647.081005020533,5151374.292726041749,5743.453316781597,331.549676235682,-5065.930744880461,93.389937997547,42.891797096720,855068.485415010829,-495.663312362850,723.342743861645,12,7168012,732.421875000000,9.079131138355,4363733,1759647,5151374,5743453,331550,-5065931,855068,-495663,723343,0,0
2,49.680000000000,42.978143508276,243,2026-09-04T17:43:19Z,-133127.983135999995,243000,739,4369473.967948365025,1759977.185803242028,5146305.354179531336,5738.411082919811,328.660881227052,-5071.976598115725,94.089197170942,42.917682600185,854603.708512498648,-433.926579118783,633.247679514564,10,7168010,610.351562500000,-22.896117014564,4369474,1759977,5146305,5738411,328661,-5071977,854604,-433927,633248,0,0
2,49.680000000000,42.978143508276,244,2026-09-04T17:43:20Z,-133126.983135999995,244000,740,4375209.922318259254,1760304.401930104010,5141230.372548329644,5733.361559725381,325.772367195668,-5078.016705947448,94.789697896610,42.938995278218,854200.718573797378,-372.092323247730,543.010296212594,9,7168009,549.316406250000,6.306110037406,4375210,1760304,5141230,5733362,325772,-5078017,854201,-372092,543010,0,0
2,49.680000000000,42.978143508276,245,2026-09-04T17:43:21Z,-133125.983135999995,245000,741,4380940.823698511347,1760628.729667775799,5136149.353580982424,5728.304752758049,322.884138728341,-5084.051060694037,95.491237986599,42.955713555419,853859.606465838151,-310.173872873276,452.650044258479,7,7168007,427.246093750000,-25.403950508479,4380941,1760629,5136149,5728305,322884,-5084051,853860,-310174,452650,0,0
2,49.680000000000,42.978143508276,246,2026-09-04T17:43:22Z,-133124.983135999995,246000,742,4386666.664808214642,1760950.169304044917,5131062.303033441305,5723.240667843129,319.996199791149,-5090.079654673900,96.193613416378,42.967819657079,853580.449681826052,-248.184646659682,362.186506084856,6,7168006,366.210937500000,4.024431415144,4386667,1760950,5131062,5723241,319996,-5090080,853580,-248185,362187,0,0
2,49.680000000000,42.978143508276,247,2026-09-04T17:43:23Z,-133123.983135999995,247000,743,4392387.438371636905,1761268.721130715217,5125969.226669868454,5718.169310307530,317.108555595041,-5096.102480218178,96.896618678598,42.975299655785,853363.312257212237,-186.138138194921,271.639373463751,4,7168004,244.140625000000,-27.498748463751,4392387,1761269,5125969,5718169,317109,-5096102,853363,-186138,271639,0,0
2,49.680000000000,42.978143508276,248,2026-09-04T17:43:24Z,-133122.983135999995,248000,744,4398103.137118844315,1761584.385444465326,5120870.130261826329,5713.090685999305,314.221210103142,-5102.119529658012,97.600047143575,42.978143508276,853208.244701671880,-124.047903218904,181.028428868182,3,7168003,183.105468750000,2.077039881818,4398103,1761584,5120870,5713091,314221,-5102120,853208,-124048,181028,0,0
2,49.680000000000,42.978143508276,249,2026-09-04T17:43:25Z,-133121.983135999995,249000,745,4403813.753785961308,1761897.162546089385,5115765.019588282332,5708.004800515482,311.334167900213,-5108.130795333636,98.303691424667,42.976345082545,853115.283944614930,-61.927543650492,90.373522162089,1,7168001,61.035156250000,-29.338365912089,4403814,1761897,5115765,5708005,311334,-5108131,853115,-61928,90374,0,0
2,49.680000000000,42.978143508276,250,2026-09-04T17:43:26Z,-133120.983135999995,250000,746,4409519.281114506535,1762207.052740816027,5110653.900436117314,5702.911659525853,308.447433449828,-5114.136269592564,99.007343746912,42.969902174916,853084.453296230524,0.209306673044,-0.305450210681,0,7168000,0.000000000000,0.305450210681,4409519,1762207,5110654,5702912,308447,-5114136,853084,209,-305,0,0
2,49.680000000000,42.978143508276,251,2026-09-04T17:43:27Z,-133119.983135999995,251000,747,4415219.711850902997,1762514.056338634575,5105536.778600406833,5697.811268699297,305.561011208283,-5120.135944786853,99.710796317439,42.958816517055,853115.762423283537,62.348996926149,-90.988567014552,-1,7167999,-61.035156250000,29.953410764552,4415220,1762514,5105537,5697811,305561,-5120136,853116,62349,-90989,0,0
2,49.680000000000,42.978143508276,252,2026-09-04T17:43:28Z,-133118.983135999995,252000,748,4420915.038748574443,1762818.173653751845,5100413.659882796928,5692.703633826568,302.674905386539,-5126.129813275838,100.413841696232,42.943093772933,853209.207339162007,124.477874067626,-181.655903780563,-3,7167997,-183.105468750000,-1.449564969437,4420915,1762818,5100414,5692704,302675,-5126130,853209,124478,-181656,0,0
2,49.680000000000,42.978143508276,253,2026-09-04T17:43:29Z,-133117.983135999995,253000,749,4426605.254565578885,1763119.405004851986,5095284.550093513913,5687.588760297331,299.789121196909,-5132.117867426132,101.116273164809,42.922743525651,853364.770409535617,186.582298576781,-272.287555770805,-4,7167996,-244.140625000000,28.146930770805,4426605,1763119,5095285,5687589,299789,-5132118,853365,186582,-272288,0,0
2,49.680000000000,42.978143508276,254,2026-09-04T17:43:30Z,-133116.983135999995,254000,750,4432290.352066983469,1763417.750715214293,5090149.455049173906,5682.466654126074,296.903662342402,-5138.100099604344,101.817885092270,42.897779254249,853582.420372659224,248.648657633908,-362.863657213267,-6,7167994,-366.210937500000,-3.347280286733,4432290,1763418,5090149,5682467,296904,-5138100,853582,248649,-362864,0,0
2,49.680000000000,42.978143508276,255,2026-09-04T17:43:31Z,-133115.983135999995,255000,751,4437970.324021481909,1763713.211112348828,5085008.380575973541,5677.337320974402,294.018533406415,-5144.076502190728,102.518473295803,42.868218300667,853862.112374293851,310.663381524083,-453.364405240596,-7,7167993,-427.246093750000,26.118311490596,4437970,1763713,5085008,5677337,294019,-5144077,853862,310663,-453364,0,0
2,49.680000000000,42.978143508276,256,2026-09-04T17:43:32Z,-133114.983135999995,256000,752,4443645.163205630146,1764005.786528329365,5079861.332505770028,5672.200766321112,291.133739475754,-5150.047067568266,103.217835395753,42.834081826914,854203.788017809275,372.612958129717,-543.770081039702,-9,7167991,-549.316406250000,-5.546325210298,4443645,1764006,5079861,5672201,291134,-5150047,854204,372613,-543770,0,0
2,49.680000000000,42.978143508276,257,2026-09-04T17:43:33Z,-133113.983135999995,257000,753,4449314.862399736419,1764295.477299986640,5074708.316679698415,5667.056996406245,288.249283745245,-5156.011788129035,103.915771161761,42.795394762780,854607.375428800820,434.483945792199,-634.061068621302,-10,7167990,-610.351562500000,23.709506121302,4449315,1764295,5074708,5667057,288249,-5156012,854607,434484,-634061,0,0
2,49.680000000000,42.978143508276,258,2026-09-04T17:43:34Z,-133112.983135999995,258000,754,4454979.414392062463,1764582.283768068533,5069549.338944719173,5661.906016426656,285.365172059301,-5161.970656266931,104.612082850530,42.752185744335,855072.789333585999,496.262990832926,-724.217880389123,-12,7167988,-732.421875000000,-8.203994610877,4454979,1764582,5069549,5661906,285365,-5161971,855073,496263,-724218,0,0
2,49.680000000000,42.978143508276,259,2026-09-04T17:43:35Z,-133111.983135999995,259000,755,4460638.811974646524,1764866.206278082682,5064384.405157037079,5656.747832646033,282.481407605928,-5167.923664384944,105.306575531863,42.704487043477,855599.931152886944,557.936838040348,-814.221172444078,-13,7167987,-793.457031250000,20.764141194078,4460639,1764866,5064384,5656748,282481,-5167924,855600,557937,-814221,0,0
2,49.680000000000,42.978143508276,260,2026-09-04T17:43:36Z,-133110.983135999995,260000,756,4466293.047946373001,1765147.245179976802,5059213.521179490723,5651.582450280330,279.597996234315,-5173.870804892431,105.999057403531,42.652334488949,856188.689109000261,619.492348213496,-904.051770186308,-15,7167985,-915.527343750000,-11.475573563692,4466293,1765147,5059214,5651582,279598,-5173871,856189,619492,-904052,0,0
2,49.680000000000,42.978143508276,261,2026-09-04T17:43:37Z,-133109.983135999995,261000,757,4471942.115111623891,1765425.400828124955,5054036.692882777192,5646.409875660538,276.714941001046,-5179.812070204207,106.689340092366,42.595767379219,856838.938346766634,680.916508073111,-993.690682778904,-16,7167984,-976.562500000000,17.128182778904,4471942,1765425,5054037,5646410,276715,-5179812,856839,680917,-993691,0,0
2,49.680000000000,42.978143508276,262,2026-09-04T17:43:38Z,-133108.983135999995,262000,758,4477586.006280644797,1765700.673581097042,5048853.926145169884,5641.230114132668,273.832247502014,-5185.747452744181,107.377238941250,42.534828387642,857550.541067898623,742.196447158391,-1083.119127806064,-18,7167982,-1098.632812500000,-15.513684693936,4477586,1765701,5048854,5641230,273832,-5185747,857551,742196,-1083119,0,0
2,49.680000000000,42.978143508276,263,2026-09-04T17:43:39Z,-133107.983135999995,263000,759,4483224.714269086719,1765973.063802527031,5043665.226852674037,5636.043171896745,270.949919172836,-5191.676944938990,108.062573280684,42.469563460340,858323.346679175622,803.319447608087,-1172.318545547060,-19,7167981,-1159.667968750000,12.650576797060,4483225,1765973,5043665,5636043,270950,-5191677,858323,803319,-1172319,0,0
2,49.680000000000,42.978143508276,264,2026-09-04T17:43:40Z,-133106.983135999995,264000,760,4488858.231898916885,1766242.571860300610,5038470.600898450240,5630.849054363352,268.067961478891,-5197.600539222549,108.745166684328,42.400021707402,859157.191952313995,864.272959544222,-1261.270621426363,-21,7167979,-1281.738281250000,-20.467659823637,4488858,1766243,5038471,5630849,268068,-5197601,859157,864273,-1261271,0,0
2,49.680000000000,42.978143508276,265,2026-09-04T17:43:41Z,-133105.983135999995,265000,761,4494486.551997927949,1766509.198126084171,5033270.054183463566,5625.647767855298,265.186377598411,-5203.518228033317,109.424847207431,42.326255287856,860051.901196348364,925.044610357516,-1349.957299564265,-22,7167978,-1342.773437500000,7.183862064265,4494487,1766509,5033270,5625648,265186,-5203518,860052,925045,-1349957,0,0
2,49.680000000000,42.978143508276,266,2026-09-04T17:43:42Z,-133104.983135999995,266000,762,4500109.667398409918,1766772.942976916442,5028063.592617109418,5620.439317463934,262.305173896038,-5209.430003822490,110.101447607615,42.248319288869,861007.286443255609,985.622220053419,-1438.360805171993,-24,7167976,-1464.843750000000,-26.482944828007,4500110,1766773,5028064,5620439,262305,-5209430,861007,985622,-1438361,0,0
2,49.680000000000,42.978143508276,267,2026-09-04T17:43:43Z,-133103.983135999995,267000,763,4505727.570941071026,1767033.806793630589,5022851.222114233300,5615.223709876773,259.424352645283,-5215.335859042170,110.774805548174,42.166271599925,862023.147643566714,1045.993807762541,-1526.463654052671,-25,7167975,-1525.878906250000,0.584747802671,4505728,1767034,5022851,5615224,259424,-5215336,862023,1045994,-1526464,0,0
2,49.680000000000,42.978143508276,268,2026-09-04T17:43:44Z,-133102.983135999995,268000,764,4511340.255469853058,1767291.789961890085,5017632.948599435389,5610.000950249741,256.543920087552,-5221.235786151738,111.444763781839,42.080172782418,863099.272873619688,1106.147607797749,-1614.248676034122,-26,7167974,-1586.914062500000,27.334613534122,4511340,1767292,5017633,5610001,256544,-5221236,863099,1106148,-1614249,0,0
2,49.680000000000,42.978143508276,269,2026-09-04T17:43:45Z,-133101.983135999995,269000,765,4516947.713836467825,1767546.892871211981,5012408.778003346175,5604.771045101188,253.663879000442,-5227.129777618757,112.111170316951,41.990085935268,864235.438553322456,1166.072075128708,-1701.699022958109,-28,7167972,-1708.984375000000,-7.285352041891,4516948,1767547,5012409,5604771,253664,-5227130,864235,1166072,-1701699,0,0
2,49.680000000000,42.978143508276,270,2026-09-04T17:43:46Z,-133100.983135999995,270000,766,4522549.938896974549,1767799.115916731069,5007178.716265087016,5599.533999656160,250.784235500760,-5233.017825914430,112.773878563830,41.896076557090,865431.409674713388,1225.755899575444,-1788.798189393600,-29,7167971,-1770.019531250000,18.778658143600,4522550,1767799,5007179,5599534,250784,-5233018,865431,1225756,-1788798,0,0
2,49.680000000000,42.978143508276,271,2026-09-04T17:43:47Z,-133099.983135999995,271000,767,4528146.923514878377,1768048.459496723022,5001942.769330332056,5594.289820253834,247.904992878148,-5238.899923519966,113.432747462985,41.798212405692,866686.940038080793,1285.188011085772,-1875.530020338354,-31,7167969,-1892.089843750000,-16.559823411646,4528147,1768048,5001943,5594290,247905,-5238900,866687,1285188,-1875530,0,0
2,49.680000000000,42.978143508276,272,2026-09-04T17:43:48Z,-133098.983135999995,272000,768,4533738.660557978787,1768294.924014950171,4996700.943153388798,5589.038512536717,245.026156217591,-5244.776062920209,114.087641593763,41.696563355171,868001.772499431623,1344.357591408861,-1961.878728254654,-32,7167968,-1953.125000000000,8.753728254654,4533739,1768295,4996701,5589039,245026,-5244776,868002,1344358,-1961879,0,0
2,49.680000000000,42.978143508276,273,2026-09-04T17:43:49Z,-133097.983135999995,273000,769,4539325.142901554704,1768538.509878569981,4991453.243694959208,5583.780082562953,242.147729577709,-5250.646236608191,114.738431265104,41.591201251476,869375.639224363607,1403.254080466746,-2047.828902367522,-34,7167966,-2075.195312500000,-27.366410132478,4539325,1768539,4991453,5583780,242148,-5250646,869376,1403254,-2047829,0,0
2,49.680000000000,42.978143508276,274,2026-09-04T17:43:50Z,-133096.983135999995,274000,770,4544906.363424760289,1768779.217500583967,4986199.676924649626,5578.514536207877,239.269717531442,-5256.510437080578,115.384992587131,41.482199766740,870808.261951758526,1461.867184896503,-2133.365521130688,-35,7167965,-2136.230468750000,-2.864947619312,4544906,1768779,4986200,5578515,239270,-5256510,870808,1461867,-2133366,0,0
2,49.680000000000,42.978143508276,275,2026-09-04T17:43:51Z,-133095.983135999995,275000,771,4550482.315015374683,1769017.047296567354,4980940.248817732558,5573.241879393208,236.392124517351,-5262.368656845865,116.027207525742,41.369634253186,872299.352262408240,1520.186884685043,-2218.473961909029,-36,7167964,-2197.265625000000,21.208336909029,4550482,1769017,4980940,5573242,236392,-5262369,872299,1520187,-2218474,0,0
2,49.680000000000,42.978143508276,276,2026-09-04T17:43:52Z,-133094.983135999995,276000,772,4556052.990564568900,1769251.999688691227,4975674.965358540416,5567.962118065225,233.514954980592,-5268.220888413452,116.664963938506,41.253581596804,873848.611857425305,1578.203439657304,-2303.140010447062,-38,7167962,-2319.335937500000,-16.195927052938,4556053,1769252,4975675,5567962,233515,-5268221,873849,1578203,-2303140,0,0
2,49.680000000000,42.978143508276,277,2026-09-04T17:43:53Z,-133093.983135999995,277000,773,4561618.382970969193,1769484.075101709692,4970403.832538163289,5562.675258115632,230.638213487055,-5274.067124303656,117.298155594685,41.134120071719,875455.732839101809,1635.907395420801,-2387.349869544084,-39,7167961,-2380.371093750000,6.978775794084,4561618,1769484,4970404,5562675,230638,-5274067,875456,1635907,-2387350,0,0
2,49.680000000000,42.978143508276,278,2026-09-04T17:43:54Z,-133092.983135999995,278000,774,4567178.485138352960,1769713.273966073990,4965126.856355463155,5557.381305714443,227.761903961664,-5279.907357039519,117.926682178124,41.011329195269,877120.398000995512,1693.289588156311,-2471.090166045425,-40,7167960,-2441.406250000000,29.683916045425,4567178,1769713,4965127,5557381,227762,-5279907,877120,1693290,-2471090,0,0
2,49.680000000000,42.978143508276,279,2026-09-04T17:43:55Z,-133091.983135999995,279000,775,4572733.289976815693,1769939.596715776483,4959844.042816768400,5552.080266524172,224.886031616506,-5285.741579154092,118.550449274869,40.885289584682,878842.281120014610,1750.341150490930,-2554.347959413248,-42,7167958,-2563.476562500000,-9.128603086752,4572733,1769940,4959844,5552080,224886,-5285742,878842,1750341,-2554348,0,0
2,49.680000000000,42.978143508276,280,2026-09-04T17:43:56Z,-133090.983135999995,280000,776,4578282.790402924642,1770163.043789825868,4954555.397935182787,5546.772146732110,222.010600373778,-5291.569783184059,119.169368345678,40.756082815416,880621.047255300451,1807.053514019578,-2637.110745406295,-43,7167957,-2624.511718750000,12.599026656295,4578283,1770163,4954555,5546772,222011,-5291570,880621,1807054,-2637111,0,0
2,49.680000000000,42.978143508276,281,2026-09-04T17:43:57Z,-133089.983135999995,281000,777,4583826.979338211007,1770383.615631303284,4949260.927732382901,5541.456952281806,219.135614798233,-5297.391961676112,119.783356684159,40.623791281910,882456.353048679419,1863.418414000921,-2719.366462932843,-45,7167955,-2746.582031250000,-27.215568317157,4583827,1770384,4949261,5541457,219136,-5297392,882456,1863418,-2719366,0,0
2,49.680000000000,42.978143508276,282,2026-09-04T17:43:58Z,-133088.983135999995,282000,778,4589365.849711311981,1770601.312688236590,4943960.638236229308,5536.134689218670,216.261079194965,-5303.208107178762,120.392337361910,40.488498060766,884347.847030713456,1919.427891778810,-2801.103497584417,-46,7167954,-2807.617187500000,-6.513689915583,4589366,1770601,4943961,5536135,216261,-5303208,884348,1919428,-2801103,0,0
2,49.680000000000,42.978143508276,283,2026-09-04T17:43:59Z,-133087.983135999995,283000,779,4594899.394455329515,1770816.135412531206,4938654.535483724438,5530.805363412583,213.386998392252,-5309.018212251431,120.996239160577,40.350286777110,886295.169926606119,1975.074297630455,-2882.310685792250,-47,7167953,-2868.652343750000,13.658342042250,4594899,1770816,4938655,5530805,213387,-5309018,886295,1975074,-2882311,0,0
2,49.680000000000,42.978143508276,284,2026-09-04T17:44:00Z,-133086.983135999995,284000,780,4600427.606511029415,1771028.084260830423,4933342.625517619774,5525.468981084487,210.513376299787,-5314.822269461729,121.594996492846,40.209241473988,888297.954967407160,2030.350291751598,-2962.977316264988,-49,7167951,-2990.722656250000,-27.745339985012,4600428,1771028,4933343,5525469,210513,-5314822,888298,2030350,-2962977,0,0
2,49.680000000000,42.978143508276,285,2026-09-04T17:44:01Z,-133085.983135999995,285000,781,4605950.478824200109,1771237.159694102593,4928024.914389089681,5520.125548119722,207.640217743119,-5320.620271375446,122.188549311960,40.065446485542,890355.828200035845,2085.248846645498,-3043.093133475043,-50,7167950,-3051.757812500000,-8.664679024957,4605950,1771237,4928025,5520126,207640,-5320620,890356,2085249,-3043093,0,0
2,49.680000000000,42.978143508276,286,2026-09-04T17:44:02Z,-133084.983135999995,286000,782,4611468.004347397946,1771443.362177831819,4922701.408156022429,5514.775070511860,204.767527287004,-5326.412210574745,122.776843011756,39.918986313867,892468.408800180652,2139.763247183193,-3122.648337746532,-51,7167949,-3112.792968750000,9.855368996532,4611468,1771443,4922701,5514775,204768,-5326412,892468,2139763,-3122648,0,0
2,49.680000000000,42.978143508276,287,2026-09-04T17:44:03Z,-133083.983135999995,287000,783,4616980.176038076170,1771646.692181804683,4917372.112884832546,5509.417554617357,201.895308574649,-5332.198079640875,123.359828317230,39.769945510024,894635.309384165797,2193.887090448734,-3201.633585029418,-52,7167948,-3173.828125000000,27.805460029418,4616980,1771647,4917372,5509418,201895,-5332198,894635,2193887,-3201634,0,0
2,49.680000000000,42.978143508276,288,2026-09-04T17:44:04Z,-133082.983135999995,288000,784,4622486.986861256883,1771847.150180128636,4912037.034647993743,5504.053006149661,199.023566953883,-5337.977871166913,123.937461167375,39.618408559192,896856.136322621605,2247.614287069984,-3280.039988841607,-54,7167946,-3295.898437500000,-15.858448658393,4622487,1771847,4912037,5504053,199024,-5337978,896856,2247614,-3280040,0,0
2,49.680000000000,42.978143508276,289,2026-09-04T17:44:05Z,-133081.983135999995,289000,785,4627988.429786462337,1772044.736651999643,4906696.179526610300,5498.681431385194,196.152306331669,-5343.751577750481,124.509702590045,39.464459770327,899130.490052092238,2300.939058578955,-3357.859116416774,-55,7167945,-3356.933593750000,0.925522666774,4627988,1772045,4906696,5498681,196152,-5343752,899130,2300939,-3357859,0,0
2,49.680000000000,42.978143508276,290,2026-09-04T17:44:06Z,-133080.983135999995,290000,786,4633484.497790599242,1772239.452080351068,4901349.553608201444,5493.302836361181,193.281531265711,-5349.519191995569,125.076518570970,39.308183170347,901457.965386335738,2353.855937469743,-3435.082988788906,-56,7167944,-3417.968750000000,17.114238788906,4633484,1772239,4901350,5493303,193282,-5349519,901458,2353856,-3435083,0,0
2,49.680000000000,42.978143508276,291,2026-09-04T17:44:07Z,-133079.983135999995,291000,787,4638975.183855694719,1772431.296952720266,4895997.162988533266,5487.917227275830,190.411245919677,-5355.280706513440,125.637879916506,39.149662402998,903838.151825855020,2406.359764896629,-3511.704077433047,-58,7167942,-3540.039062500000,-28.334985066953,4638975,1772431,4895997,5487917,190411,-5355281,903838,2406360,-3511704,0,0
2,49.680000000000,42.978143508276,292,2026-09-04T17:44:08Z,-133078.983135999995,292000,788,4644460.480970862322,1772620.271761171054,4890639.013769780286,5482.524609836219,187.541455776682,-5361.036113925365,126.193762111957,38.988980632433,906270.633866510238,2458.445689588933,-3587.715302681692,-59,7167941,-3601.074218750000,-13.358916068308,4644460,1772620,4890639,5482525,187541,-5361036,906271,2458446,-3587715,0,0
2,49.680000000000,42.978143508276,293,2026-09-04T17:44:09Z,-133077.983135999995,293000,789,4649940.382129970938,1772806.377001920482,4885275.112062894739,5477.124990860830,184.672163413552,-5366.785406850795,126.744145175337,38.826220451733,908754.991303859628,2510.109162876553,-3663.110026465348,-60,7167940,-3662.109375000000,1.000651465348,4649940,1772806,4885275,5477125,184672,-5366785,908755,2510109,-3663110,0,0
2,49.680000000000,42.978143508276,294,2026-09-04T17:44:10Z,-133076.983135999995,294000,790,4655414.880334844813,1772989.613176206360,4879905.463984222151,5471.718375721139,181.803375235404,-5372.528577923731,127.289013508288,38.661463796082,911290.799538017833,2561.345939689576,-3737.882053771311,-61,7167939,-3723.144531250000,14.737522521311,4655415,1772990,4879905,5471718,181803,-5372529,911291,2561346,-3737882,0,0
2,49.680000000000,42.978143508276,295,2026-09-04T17:44:11Z,-133075.983135999995,295000,791,4660883.968591365032,1773169.980788931949,4874530.075659751892,5466.304771165596,178.935094080089,-5378.265619783633,127.828355743657,38.494791861126,913877.629870749894,2612.152071004374,-3812.025621619920,-62,7167938,-3784.179687500000,27.845934119920,4660884,1773170,4874530,5466305,178935,-5378266,913878,2612152,-3812026,0,0
2,49.680000000000,42.978143508276,296,2026-09-04T17:44:12Z,-133074.983135999995,296000,792,4666347.639913418330,1773347.480350294849,4869148.953220684081,5460.884182938571,176.067325428903,-5383.996525076327,128.362164591793,38.326285025853,916515.049804704264,2662.523903780554,-3885.535398972554,-64,7167936,-3906.250000000000,-20.714601027446,4666348,1773347,4869149,5460884,176067,-5383997,916515,2662524,-3885535,0,0
2,49.680000000000,42.978143508276,297,2026-09-04T17:44:13Z,-133073.983135999995,297000,793,4671805.887319765054,1773522.112373691518,4863762.102807304822,5455.456617450182,173.200073040334,-5389.721286449458,128.890436684839,38.156022780695,919202.623332991381,2712.458074484825,-3958.406477280730,-65,7167935,-3967.285156250000,-8.878678969270,4671806,1773522,4863762,5455457,173200,-5389721,919203,2712458,-3958406,0,0
2,49.680000000000,42.978143508276,298,2026-09-04T17:44:14Z,-133072.983135999995,298000,794,4677258.703835713677,1773693.877378623467,4858369.530566197820,5450.022080617600,170.333341999594,-5395.439896566131,129.413172420635,37.984083660076,921939.911230430938,2761.951506540866,-4030.634366764587,-66,7167934,-4028.320312500000,2.314054264587,4677259,1773694,4858370,5450022,170333,-5395440,921940,2761952,-4030634,0,0
2,49.680000000000,42.978143508276,299,2026-09-04T17:44:15Z,-133071.983135999995,299000,795,4682706.082493139431,1773862.775887128664,4852971.242651646025,5444.580578927344,167.467135927836,-5401.152348089454,129.930375806366,37.810545180071,924726.471334906877,2811.001404197690,-4102.214987464725,-67,7167933,-4089.355468750000,12.859518714725,4682706,1773863,4852971,5444581,167467,-5401152,924726,2811001,-4102215,0,0
2,49.680000000000,42.978143508276,300,2026-09-04T17:44:16Z,-133070.983135999995,300000,796,4688148.016329443082,1774028.808427111246,4847567.245225348510,5439.132118315683,164.601459908454,-5406.858633694355,130.442054302271,37.635483780454,927561.858828531927,2859.605249288005,-4173.144664511547,-68,7167932,-4150.390625000000,22.754039511547,4688148,1774029,4847567,5439132,164601,-5406859,927562,2859605,-4173145,0,0
2,49.680000000000,42.978143508276,301,2026-09-04T17:44:17Z,-133069.983135999995,301000,797,4693584.498388860375,1774191.975530265365,4842157.544455912896,5433.676705233665,161.736317693567,-5412.558746055765,130.948218666480,37.458974771524,930445.626511010225,2907.760794605071,-4243.420118459813,-70,7167930,-4272.460937500000,-29.040819040187,4693584,1774192,4842158,5433677,161736,-5412559,930446,2907761,-4243420,0,0
2,49.680000000000,42.978143508276,302,2026-09-04T17:44:18Z,-133068.983135999995,302000,798,4699015.521720952354,1774352.277732758550,4836742.146520137787,5428.214345595734,158.871714498218,-5418.252677863165,131.448882800747,37.281092285398,933377.325068422011,2955.466060089461,-4313.038459723824,-71,7167929,-4333.496093750000,-20.457634026176,4699016,1774352,4836742,5428214,158872,-5418253,933377,2955466,-4313038,0,0
2,49.680000000000,42.978143508276,303,2026-09-04T17:44:19Z,-133067.983135999995,303000,799,4704441.079382752068,1774509.715575289680,4831321.057600835338,5422.745045871125,156.007654072255,-5423.940421809675,131.944063598176,37.101909231606,936356.503337959643,3002.719325707557,-4381.997178184703,-72,7167928,-4394.531250000000,-12.534071815297,4704441,1774510,4831321,5422745,156008,-5423940,936357,3002719,-4381997,0,0
2,49.680000000000,42.978143508276,304,2026-09-04T17:44:20Z,-133066.983135999995,304000,800,4709861.164436412044,1774664.289602870354,4825894.283889253624,5417.268812141629,153.144141230314,-5429.621970591143,132.433780792534,36.921497257112,939382.708564513712,3049.519127078454,-4450.294136808550,-73,7167927,-4455.566406250000,-5.272269441450,4709861,1774664,4825894,5417269,153144,-5429622,939383,3049519,-4450294,0,0
2,49.680000000000,42.978143508276,305,2026-09-04T17:44:21Z,-133065.983135999995,305000,801,4715275.769950854592,1774816.000364976004,4820461.831583389081,5411.785650650927,150.281180383899,-5435.297316919787,132.918056810256,36.739926710346,942455.486653784872,3095.864248790044,-4517.927561892316,-74,7167926,-4516.601562500000,1.325999392316,4715276,1774816,4820462,5411786,150281,-5435297,942455,3095864,-4517928,0,0
2,49.680000000000,42.978143508276,306,2026-09-04T17:44:22Z,-133064.983135999995,306000,802,4720684.889001157135,1774964.848415346118,4815023.706888670102,5406.295567755478,147.418775679171,-5440.966453506007,133.396916624889,36.557266609326,945574.382417981047,3141.753718423978,-4584.896034344167,-75,7167925,-4577.636718750000,7.259315594167,4720685,1774965,4815024,5406296,147419,-5440966,945574,3141754,-4584896,0,0
2,49.680000000000,42.978143508276,307,2026-09-04T17:44:23Z,-133063.983135999995,307000,803,4726088.514668249525,1775110.834312509280,4809579.916018079035,5400.798569663493,144.556931661555,-5446.629373072028,133.870387614428,36.373584613630,948738.939816073864,3187.186800711024,-4651.198481154162,-76,7167924,-4638.671875000000,12.526606154162,4726089,1775111,4809580,5400799,144557,-5446629,948739,3187187,-4651198,0,0
2,49.680000000000,42.978143508276,308,2026-09-04T17:44:24Z,-133062.983135999995,308000,804,4731486.640040008351,1775253.958619053010,4804130.465191308409,5395.294662651395,141.695652739600,-5452.286068343710,134.338499421950,36.188947000086,951948.702187674469,3232.162990967542,-4716.834165815804,-77,7167923,-4699.707031250000,17.127134565804,4731487,1775254,4804130,5395295,141696,-5452286,951949,3232163,-4716834,0,0
2,49.680000000000,42.978143508276,309,2026-09-04T17:44:25Z,-133061.983135999995,309000,805,4736879.258210556582,1775394.221902111778,4798675.360635327175,5389.783853051995,138.834943187931,-5457.936532056010,134.801283819370,36.003418642073,955203.212480467628,3276.682008689064,-4781.802678976886,-78,7167922,-4760.742187500000,21.060491476886,4736879,1775394,4798675,5389784,138835,-5457937,955203,3276682,-4781803,0,0
2,49.680000000000,42.978143508276,310,2026-09-04T17:44:26Z,-133060.983135999995,310000,806,4742266.362279682420,1775531.624732886208,4793214.608585080132,5384.266146958907,135.974807951925,-5463.580756950250,135.258774574752,35.817062992270,958502.013470518985,3320.743791487583,-4846.103929591910,-79,7167921,-4821.777343750000,24.326585841910,4742266,1775532,4793215,5384266,135975,-5463581,958502,3320744,-4846104,0,0
2,49.680000000000,42.978143508276,311,2026-09-04T17:44:27Z,-133059.983135999995,311000,807,4747647.945353316143,1775666.167688228656,4787748.215282483026,5378.741550982340,133.115250633637,-5469.218735775939,135.711007323281,35.629942068585,961844.647978211986,3364.348487522522,-4909.738133876281,-80,7167920,-4882.812500000000,26.925633876281,4747648,1775666,4787748,5378742,133115,-5469219,961845,3364348,-4909738,0,0
2,49.680000000000,42.978143508276,312,2026-09-04T17:44:28Z,-133058.983135999995,312000,808,4753024.000545064919,1775797.851347292075,4782276.186976110563,5373.210071229551,130.256276173441,-5474.850461287133,136.158019442245,35.442116443358,965230.659074662486,3407.496450295966,-4972.705807710763,-81,7167919,-4943.847656250000,28.858151460763,4753024,1775798,4782276,5373210,130256,-5474850,965231,3407496,-4972706,0,0
2,49.680000000000,42.978143508276,313,2026-09-04T17:44:29Z,-133057.983135999995,313000,809,4758394.520973421633,1775926.676295453217,4776798.529922527261,5367.671714079734,127.397888842779,-5480.475926248801,136.599849929295,35.253645235396,968659.590284258709,3450.188230993245,-5035.007755463764,-82,7167918,-5004.882812500000,30.124942963764,4758395,1775927,4776799,5367672,127398,-5480476,968660,3450188,-5035008,0,0
2,49.680000000000,42.978143508276,314,2026-09-04T17:44:30Z,-133056.983135999995,314000,810,4763759.499764057808,1776052.643121455563,4771315.250385076739,5362.126485868430,124.540093044743,-5486.095123425912,137.036539285262,35.064586104933,972130.985778660164,3492.424572268393,-5096.645060922187,-84,7167916,-5126.953125000000,-30.308064077813,4763759,1776053,4771315,5362126,124540,-5486095,972131,3492425,-5096645,0,0
2,49.680000000000,42.978143508276,315,2026-09-04T17:44:31Z,-133055.983135999995,315000,811,4769118.930048410781,1776175.752419511089,4765826.354634487070,5356.574392993934,121.682893046682,-5491.708045600717,137.468129400514,34.874995251174,975644.390565540292,3534.206401459645,-5157.619077390515,-85,7167915,-5187.988281250000,-30.369203859485,4769119,1776176,4765826,5356574,121683,-5491708,975644,3534206,-5157619,0,0
2,49.680000000000,42.978143508276,316,2026-09-04T17:44:32Z,-133054.983135999995,316000,812,4774472.804964660667,1776296.004786865320,4760331.848948850296,5351.015441657182,118.826293653456,-5497.314685550009,137.894663445650,34.684927412460,979199.350668845116,3575.534824294714,-5217.931418504655,-85,7167915,-5187.988281250000,29.943137254655,4774473,1776296,4760332,5351015,118826,-5497315,979199,3575535,-5217931,0,0
2,49.680000000000,42.978143508276,317,2026-09-04T17:44:33Z,-133053.983135999995,317000,813,4779821.117657167837,1776413.400826418074,4754831.739613162354,5345.449638480204,115.970298591037,-5502.915036066952,138.316185765967,34.494435868657,982795.413305171882,3616.411117488792,-5277.583947429880,-86,7167914,-5249.023437500000,28.560509929880,4779821,1776413,4754832,5345450,115970,-5502915,982795,3616411,-5277584,0,0
2,49.680000000000,42.978143508276,318,2026-09-04T17:44:34Z,-133052.983135999995,318000,814,4785163.861276886426,1776527.941144357901,4749326.032919825055,5339.876989382901,113.114913476466,-5508.509089952895,138.732741780181,34.303572445924,986432.127050520969,3656.836723615512,-5336.578769375800,-87,7167913,-5310.058593750000,26.520175625800,4785164,1776528,4749326,5339877,113115,-5508509,986432,3656837,-5336579,0,0
2,49.680000000000,42.978143508276,319,2026-09-04T17:44:35Z,-133051.983135999995,319000,815,4790501.028980703093,1776639.626352214953,4743814.735168518499,5334.297501462061,110.260140807213,-5514.096840008278,139.144377882947,34.112387523426,990109.042003023555,3696.813242139980,-5394.918218510491,-88,7167912,-5371.093750000000,23.824468510491,4790501,1776640,4743815,5334298,110260,-5514097,990109,3696813,-5394918,0,0
2,49.680000000000,42.978143508276,320,2026-09-04T17:44:36Z,-133050.983135999995,320000,816,4795832.613932410255,1776748.457065260503,4738297.852665861137,5328.711180356549,107.405987017501,-5519.678279045365,139.551141351616,33.920930042080,993825.709937573294,3736.342426358130,-5452.604853493953,-89,7167911,-5432.128906250000,20.475947243953,4795833,1776748,4738298,5328711,107406,-5519678,993826,3736342,-5452605,0,0
2,49.680000000000,42.978143508276,321,2026-09-04T17:44:37Z,-133049.983135999995,321000,817,4801158.609301934950,1776854.433903845027,4732775.391725664027,5323.118033027640,104.552455006797,-5525.253399882786,139.953080256709,33.729247515044,997581.684454998351,3775.426173375042,-5509.641442853045,-90,7167910,-5493.164062500000,16.477380353045,4801159,1776854,4732775,5323118,104552,-5525253,997582,3775426,-5509641,0,0
2,49.680000000000,42.978143508276,322,2026-09-04T17:44:38Z,-133048.983135999995,322000,818,4806479.008265512064,1776957.557491852902,4727247.358669330366,5317.518065640797,101.699549849627,-5530.822195350083,140.350243376458,33.537386039962,1001376.521123372950,3814.066520510133,-5566.030959735429,-91,7167909,-5554.199218750000,11.831740985429,4806479,1776958,4727247,5317518,101700,-5530822,1001377,3814067,-5566031,0,0
2,49.680000000000,42.978143508276,323,2026-09-04T17:44:39Z,-133047.983135999995,323000,819,4811793.804005829617,1777057.828458277509,4721713.759825163521,5311.911284729831,98.847275664866,-5536.384658275892,140.742680115086,33.345390312633,1005209.777615293628,3852.265637540880,-5621.776570590495,-92,7167908,-5615.234375000000,6.542195590495,4811794,1777058,4721714,5311911,98847,-5536385,1005210,3852266,-5621777,0,0
2,49.680000000000,42.978143508276,324,2026-09-04T17:44:40Z,-133046.983135999995,324000,820,4817102.989712370560,1777155.247435819590,4716174.601528470404,5306.297696529327,95.995637392434,-5541.940781503399,141.130440424960,33.153303642211,1009081.013836914557,3890.025821367452,-5676.881627383235,-93,7167907,-5676.269531250000,0.612096133235,4817103,1777155,4716175,5306298,95996,-5541941,1009081,3890026,-5676882,0,0
2,49.680000000000,42.978143508276,325,2026-09-04T17:44:41Z,-133045.983135999995,325000,821,4822406.558580743149,1777249.815062114969,4710629.890121868812,5300.677307836850,93.144638464764,-5547.490557876699,141.513574732287,32.961167967645,1012989.792052055942,3927.349488845936,-5731.349657135462,-94,7167906,-5737.304687500000,-5.955030364538,4822407,1777250,4710630,5300677,93145,-5547491,1012990,3927349,-5731350,0,0
2,49.680000000000,42.978143508276,326,2026-09-04T17:44:42Z,-133044.983135999995,326000,822,4827704.503812759183,1777341.531979448162,4705079.631955266930,5295.050124710542,90.294284364973,-5553.033980254440,141.892133866522,32.769023875337,1016935.676999699092,3964.239172472866,-5785.184355628048,-95,7167905,-5798.339843750000,-13.155488121952,4827705,1777342,4705080,5295050,90294,-5553034,1016936,3964239,-5785184,0,0
2,49.680000000000,42.978143508276,327,2026-09-04T17:44:43Z,-133043.983135999995,327000,823,4832996.818617345765,1777430.398833843181,4699523.833385291509,5289.416154026185,87.444578385430,-5558.571041494361,142.266168993389,32.576910617871,1020918.236005731160,4000.697512563695,-5838.389575986654,-96,7167904,-5859.375000000000,-20.985424013346,4832997,1777430,4699524,5289416,87445,-5558571,1020918,4000698,-5838390,0,0
2,49.680000000000,42.978143508276,328,2026-09-04T17:44:44Z,-133042.983135999995,328000,824,4838283.496209131554,1777516.416275927098,4693962.500776431523,5283.775401906496,84.595525873283,-5564.101734468750,142.635731551097,32.384866133737,1024937.039088463876,4036.727253429588,-5890.969323102334,-97,7167903,-5920.410156250000,-29.440833147666,4838283,1777516,4693963,5283775,84596,-5564102,1024937,4036727,-5890969,0,0
2,49.680000000000,42.978143508276,329,2026-09-04T17:44:45Z,-133041.983135999995,329000,825,4843564.529810043052,1777599.584960782900,4688395.640499404632,5278.127875089012,81.747130526992,-5569.626052052627,143.000873190159,32.192927067859,1028991.659059942234,4072.331236067630,-5942.927742964062,-97,7167903,-5920.410156250000,22.517586714062,4843565,1777600,4688396,5278128,81747,-5569626,1028992,4072331,-5942928,0,0
2,49.680000000000,42.978143508276,330,2026-09-04T17:44:46Z,-133040.983135999995,330000,826,4848839.912647675723,1777679.905547806527,4682823.258932951838,5272.473579831967,78.899397419491,-5575.143987128286,143.361645716214,32.001128793008,1033081.671619274886,4107.512394012516,-5994.269116604914,-98,7167902,-5981.445312500000,12.823804104914,4848840,1777680,4682823,5272474,78899,-5575144,1033082,4107512,-5994269,0,0
2,49.680000000000,42.978143508276,331,2026-09-04T17:44:47Z,-133039.983135999995,331000,827,4854109.637957074679,1777757.378700854955,4677245.362461892888,5266.812522938380,76.052330105540,-5580.655532586206,143.718101036217,31.809505431783,1037206.655443292810,4142.273746636992,-6044.997850325120,-99,7167901,-6042.480468750000,2.517381575120,4854110,1777757,4677245,5266813,76052,-5580656,1037207,4142274,-6044998,0,0
2,49.680000000000,42.978143508276,332,2026-09-04T17:44:48Z,-133038.983135999995,332000,828,4859373.698978585191,1777832.005088075995,4671661.957479501143,5261.144710730150,73.205933518921,-5586.160681325055,144.070291107416,31.618089879338,1041366.192268649931,4176.618395188859,-6095.118469908692,-100,7167900,-6103.515625000000,-8.397155091308,4859374,1777832,4671662,5261145,73206,-5586161,1041366,4176618,-6095118,0,0
2,49.680000000000,42.978143508276,333,2026-09-04T17:44:49Z,-133037.983135999995,333000,829,4864632.088960570283,1777903.785382110393,4666073.050384473987,5255.470149792018,70.360211901743,-5591.659426252590,144.418267889573,31.426913826431,1045559.866972754244,4210.549516748154,-6144.635611804875,-101,7167899,-6164.550781250000,-19.915169445125,4864632,1777904,4666073,5255470,70360,-5591659,1045560,4210550,-6144636,0,0
2,49.680000000000,42.978143508276,334,2026-09-04T17:44:50Z,-133036.983135999995,334000,830,4869884.801156272180,1777972.720259845257,4660478.647584434599,5249.788846757838,67.515169357875,-5597.151760276574,144.762083299647,31.236007783158,1049787.267644743668,4244.070359444168,-6193.554016148144,-101,7167899,-6164.550781250000,29.003234898144,4869885,1777973,4660479,5249789,67515,-5597152,1049787,4244070,-6193554,0,0
2,49.680000000000,42.978143508276,335,2026-09-04T17:44:51Z,-133035.983135999995,335000,831,4875131.828826988116,1778038.810402676463,4654878.755492433906,5244.100807879477,64.670811092810,-5602.637676318409,145.101789169607,31.045401102800,1054047.985656851903,4277.184238161407,-6241.878520491719,-102,7167898,-6225.585937500000,16.292582991719,4875132,1778039,4654879,5244101,64671,-5602638,1054048,4277184,-6241879,0,0
2,49.680000000000,42.978143508276,336,2026-09-04T17:44:52Z,-133034.983135999995,336000,832,4880373.165239225142,1778102.056496258592,4649273.380530069582,5238.406040020891,61.827140655168,-5608.117167304044,145.437437206488,30.855122006197,1058341.615725845797,4309.894528590597,-6289.614051125951,-103,7167897,-6286.621093750000,2.992957375951,4880373,1778102,4649273,5238406,61827,-5608117,1058342,4309895,-6289614,0,0
2,49.680000000000,42.978143508276,337,2026-09-04T17:44:53Z,-133033.983135999995,337000,833,4885608.803667392582,1778162.459230734501,4643662.529124546796,5232.704549650407,58.984162694287,-5613.590226168526,145.769078955324,30.665197606160,1062667.755974568427,4342.204663840548,-6336.765618133863,-104,7167896,-6347.656250000000,-10.890631866137,4885609,1778162,4643663,5232705,58984,-5613590,1062668,4342205,-6336766,0,0
2,49.680000000000,42.978143508276,338,2026-09-04T17:44:54Z,-133032.983135999995,338000,834,4890838.737391427159,1778220.019300395623,4638046.207711331546,5226.996343351857,56.141881586655,-5619.056845854175,146.096765764187,30.475653932236,1067026.007984463591,4374.118129379032,-6383.338308008158,-105,7167895,-6408.691406250000,-25.353098241842,4890839,1778220,4638046,5226996,56142,-5619057,1067026,4374118,-6383338,0,0
2,49.680000000000,42.978143508276,339,2026-09-04T17:44:55Z,-133031.983135999995,339000,835,4896062.959698116407,1778274.737404352520,4632424.422732478008,5221.281427712711,53.300301703530,-5624.517019308769,146.420548751760,30.286515955436,1071415.976847427431,4405.638458826222,-6429.337277512404,-105,7167895,-6408.691406250000,20.645871262404,4896063,1778275,4632424,5221281,53300,-5624517,1071416,4405638,-6429337,0,0
2,49.680000000000,42.978143508276,340,2026-09-04T17:44:56Z,-133030.983135999995,340000,836,4901281.463881053962,1778326.614245536737,4626797.180637092330,5215.559809387742,50.459427277247,-5629.970739488272,146.740478777101,30.097807613133,1075837.271211108426,4436.769229727552,-6474.767747512194,-106,7167894,-6469.726562500000,5.041185012194,4901281,1778327,4626797,5215560,50459,-5629971,1075837,4436769,-6474768,0,0
2,49.680000000000,42.978143508276,341,2026-09-04T17:44:57Z,-133029.983135999995,341000,837,4906494.243240620010,1778375.650531832129,4621164.487880885601,5209.831494836180,47.619263094248,-5635.417999358651,147.056606411461,29.909551833894,1080289.503321645083,4467.514059782418,-6519.634997471510,-107,7167893,-6530.761718750000,-11.126721278490,4906494,1778376,4621164,5209831,47619,-5635418,1080290,4467514,-6519635,0,0
2,49.680000000000,42.978143508276,342,2026-09-04T17:44:58Z,-133028.983135999995,342000,838,4911701.291083079763,1778421.846974868327,4615526.350927642547,5204.096490831944,44.779813106288,-5640.858791885876,147.368981912171,29.721770562390,1084772.289059983566,4497.876602359630,-6563.944358908248,-108,7167892,-6591.796875000000,-27.852516091752,4911701,1778422,4615526,5204096,44780,-5640859,1084772,4497877,-6563944,0,0
2,49.680000000000,42.978143508276,343,2026-09-04T17:44:59Z,-133027.983135999995,343000,839,4916902.600722013973,1778465.204291405156,4609882.776247120462,5198.354803903385,41.941081961340,-5646.293110055012,147.677655198515,29.534484784075,1089285.247978193453,4527.860543356452,-6607.701210810472,-108,7167892,-6591.796875000000,15.904335810472,4916903,1778465,4609883,5198355,41941,-5646293,1089285,4527861,-6607701,0,0
2,49.680000000000,42.978143508276,344,2026-09-04T17:45:00Z,-133026.983135999995,344000,840,4922098.165477302857,1778505.723201546818,4604233.770316858776,5192.606440843520,39.103073602291,-5651.720946843852,147.982675829427,29.347714549923,1093828.003327724757,4557.469596979109,-6650.910973478726,-109,7167891,-6652.832031250000,-1.921057771274,4922098,1778506,4604234,5192606,39103,-5651721,1093828,4557470,-6650911,0,0
2,49.680000000000,42.978143508276,345,2026-09-04T17:45:01Z,-133025.983135999995,345000,841,4927287.978675482795,1778543.404430903960,4598579.339620956220,5186.851408157054,36.265792815811,-5657.142295250196,148.284092982886,29.161479000859,1098400.182088077301,4586.707502865168,-6693.579104326604,-110,7167890,-6713.867187500000,-20.288083173396,4927288,1778543,4598579,5186851,36266,-5657142,1098400,4586708,-6693579,0,0
2,49.680000000000,42.978143508276,346,2026-09-04T17:45:02Z,-133024.983135999995,346000,842,4932472.033649883233,1778578.248708318919,4592919.490650800988,5181.089712556968,33.429243824003,-5662.557148275482,148.581955437145,28.975796392136,1103001.414988676552,4615.578022129046,-6735.711092109787,-110,7167890,-6713.867187500000,21.843904609787,4932472,1778578,4592919,5181090,33429,-5662557,1103001,4615578,-6735711,0,0
2,49.680000000000,42.978143508276,347,2026-09-04T17:45:03Z,-133023.983135999995,347000,843,4937650.323740342632,1778610.256768126972,4587254.229904495180,5175.321360859016,30.593430567933,-5667.965498924787,148.876311553362,28.790684117387,1107631.336530299857,4644.084934224175,-6777.312452346870,-111,7167889,-6774.902343750000,2.410108596870,4937650,1778610,4587254,5175321,30593,-5667965,1107631,4644085,-6777312,0,0
2,49.680000000000,42.978143508276,348,2026-09-04T17:45:04Z,-133022.983135999995,348000,844,4942822.842293669470,1778639.429347906029,4581583.563887273893,5169.546359246851,27.758358810843,-5673.367340215009,149.167209259960,28.606158732540,1112289.585000751540,4672.232034659273,-6818.388723986619,-112,7167888,-6835.937500000000,-17.548776013381,4942823,1778639,4581584,5169546,27758,-5673367,1112290,4672232,-6818389,0,0
2,49.680000000000,42.978143508276,349,2026-09-04T17:45:05Z,-133021.983135999995,349000,845,4947989.582662792876,1778665.767190693878,4575907.499111514539,5163.764715070101,24.924031087721,-5678.762665168506,149.454696038186,28.422235979377,1116975.802489500493,4700.023130009985,-6858.945462128231,-112,7167888,-6835.937500000000,23.007962128231,4947990,1778666,4575907,5163765,24924,-5678763,1116976,4700023,-6858945,0,0
2,49.680000000000,42.978143508276,350,2026-09-04T17:45:06Z,-133020.983135999995,350000,846,4953150.538208076730,1778689.271042649867,4570226.042096254416,5157.976434522425,22.090453160217,-5684.151466814910,149.738818909326,28.238930808865,1121689.634898068849,4727.462037561210,-6898.988237499389,-113,7167887,-6896.972656250000,2.015581249389,4953151,1778689,4570226,5157976,22090,-5684151,1121690,4727462,-6898988,0,0
2,49.680000000000,42.978143508276,351,2026-09-04T17:45:07Z,-133019.983135999995,351000,847,4958305.702295773663,1778709.941655813949,4564539.199367797934,5152.181524772459,19.257628118794,-5689.533738194768,150.019624422872,28.056257404126,1126430.731948655099,4754.552580269490,-6938.522629104638,-114,7167886,-6958.007812500000,-19.485183395362,4958306,1778710,4564539,5152182,19258,-5689534,1126431,4754553,-6938523,0,0
2,49.680000000000,42.978143508276,352,2026-09-04T17:45:08Z,-133018.983135999995,352000,848,4963455.068299873732,1778727.779784779064,4558846.977458976209,5146.379991984759,16.425561865844,-5694.909472350446,150.297158646308,27.874229203135,1131198.747188824229,4781.298586227370,-6977.554223443721,-114,7167886,-6958.007812500000,19.546410943721,4963455,1778728,4558847,5146380,16426,-5694909,1131199,4781299,-6977554,0,0
2,49.680000000000,42.978143508276,353,2026-09-04T17:45:09Z,-133017.983135999995,353000,849,4968598.629600103945,1778742.786190588959,4553149.382909849286,5140.571843452562,13.594257206478,-5700.278662332494,150.571467155599,27.692858921006,1135993.337995213922,4807.703883895016,-7016.088607552860,-115,7167885,-7019.042968750000,-2.954361197140,4968599,1778743,4553149,5140572,13594,-5700279,1135993,4807704,-7016089,0,0
2,49.680000000000,42.978143508276,354,2026-09-04T17:45:10Z,-133016.983135999995,354000,850,4973736.379582890309,1778754.961636754451,4547446.422268210910,5134.757085458659,10.763719761371,-5705.641301206015,150.842595027206,27.512158572024,1140814.165571906371,4833.772301915992,-7054.131368735922,-116,7167884,-7080.078125000000,-25.946756264078,4973736,1778755,4547446,5134757,10764,-5705641,1140814,4833772,-7054131,0,0
2,49.680000000000,42.978143508276,355,2026-09-04T17:45:11Z,-133015.983135999995,355000,851,4978868.311642664485,1778764.306892248569,4541738.102086941712,5128.935725163501,7.933952750363,-5710.997382037931,151.110586830907,27.332139491115,1145660.894951748196,4859.507664884556,-7091.688088387446,-116,7167884,-7080.078125000000,11.609963387446,4978868,1778764,4541738,5128936,7934,-5710997,1145661,4859508,-7091688,0,0
2,49.680000000000,42.978143508276,356,2026-09-04T17:45:12Z,-133014.983135999995,356000,852,4983994.419179186225,1778770.822729414795,4536024.428927838802,5123.107768923546,5.104961655206,-5716.346897900621,151.375486623552,27.152812355193,1150533.194988077739,4884.913792859958,-7128.764341283835,-117,7167883,-7141.113281250000,-12.348939966165,4983994,1778771,4536024,5123108,5105,-5716347,1150533,4884914,-7128764,0,0
2,49.680000000000,42.978143508276,357,2026-09-04T17:45:13Z,-133013.983135999995,357000,853,4989114.695600103587,1778774.509926331928,4530305.409357804805,5117.273223962911,2.276749546809,-5721.689841879197,151.637337943863,26.974187203832,1155430.738352386747,4909.994497579052,-7165.365690056269,-117,7167883,-7141.113281250000,24.252408806269,4989115,1778775,4530305,5117273,2277,-5721690,1155431,4909994,-7165366,0,0
2,49.680000000000,42.978143508276,358,2026-09-04T17:45:14Z,-133012.983135999995,358000,854,4994229.134318480268,1778775.369264311623,4524581.049952622503,5111.432096464341,-0.550677526007,-5727.026207064227,151.896183807998,26.796273459821,1160353.201521750307,4934.753582431998,-7201.497685155237,-118,7167882,-7202.148437500000,-0.650752344763,4994229,1778775,4524581,5111432,-551,-5727026,1160353,4934754,-7201498,0,0
2,49.680000000000,42.978143508276,359,2026-09-04T17:45:15Z,-133011.983135999995,359000,855,4999337.728755925782,1778773.401529433904,4518851.357292861678,5105.584394025755,-3.377317488912,-5732.355986552648,152.152066706073,26.619079949023,1165300.264772514813,4959.194838068492,-7237.165858438524,-119,7167881,-7263.183593750000,-26.017735311476,4999338,1778773,4518851,5105584,-3377,-5732356,1165300,4959195,-7237166,0,0
2,49.680000000000,42.978143508276,360,2026-09-04T17:45:16Z,-133010.983135999995,360000,856,5004440.472338974476,1778768.607511978364,4513116.337968117557,5099.730122540677,-6.203163443161,-5737.679173449578,152.405028599175,26.442614920109,1170271.612164199585,4983.322043755639,-7272.375725152806,-119,7167881,-7263.183593750000,9.192131402806,5004440,1778769,4513116,5099730,-6203,-5737679,1170272,4983322,-7272376,0,0
2,49.680000000000,42.978143508276,361,2026-09-04T17:45:17Z,-133009.983135999995,361000,857,5009537.358502829447,1778760.988006708911,4507375.998572744429,5093.869289578834,-9.028213178681,-5742.995760871054,152.655110917430,26.266886063596,1175266.931529349415,5007.138962310863,-7307.132776539036,-120,7167880,-7324.218750000000,-17.085973460964,5009537,1778761,4507376,5093869,-9028,-5742996,1175267,5007139,-7307133,0,0
2,49.680000000000,42.978143508276,362,2026-09-04T17:45:18Z,-133008.983135999995,362000,858,5014628.380687916651,1778750.543812610907,4501630.345709803514,5088.001901458483,-11.852460932687,-5748.305741933109,152.902354558400,26.091900530724,1180285.914454391226,5030.649341402550,-7341.442481730530,-120,7167880,-7324.218750000000,17.223731730530,5014628,1778751,4501630,5088002,-11852,-5748306,1180286,5030649,-7341442,0,0
2,49.680000000000,42.978143508276,363,2026-09-04T17:45:19Z,-133007.983135999995,363000,859,5019713.532342641614,1778737.275732800364,4495879.385988034308,5082.127965414657,-14.675903506259,-5753.609109770878,153.146799886399,25.917664951704,1185328.256265093805,5053.856909898833,-7375.310282424582,-121,7167879,-7385.253906250000,-9.943623825418,5019714,1778737,4495879,5082128,-14676,-5753609,1185328,5053857,-7375310,0,0
2,49.680000000000,42.978143508276,364,2026-09-04T17:45:20Z,-133006.983135999995,364000,860,5024792.806921034120,1778721.184575523017,4490123.126024089754,5076.247487887485,-17.498535420600,-5758.905857514037,153.388486732120,25.744185453683,1190393.656006301753,5076.765378113260,-7408.741593240986,-121,7167879,-7385.253906250000,23.487686990986,5024793,1778721,4490123,5076247,-17499,-5758906,1190394,5076765,-7408742,0,0
2,49.680000000000,42.978143508276,365,2026-09-04T17:45:21Z,-133005.983135999995,365000,861,5029866.197885459289,1778702.271152883768,4484361.572439988144,5070.360476131100,-20.320353483612,-5764.195978310454,153.627454393115,25.571467678174,1195481.816423718119,5099.378434895915,-7441.741797476983,-122,7167878,-7446.289062500000,-4.547265023017,5029866,1778702,4484362,5070360,-20320,-5764196,1195482,5099378,-7441742,0,0
2,49.680000000000,42.978143508276,366,2026-09-04T17:45:22Z,-133004.983135999995,366000,862,5034933.698704109527,1778680.536280512577,4478594.731866081245,5064.466936659301,-23.141352359517,-5769.479465308905,153.863741634509,25.399516798211,1200592.443939844612,5121.699747880561,-7474.316247467925,-122,7167878,-7446.289062500000,28.027184967925,5034934,1778681,4478595,5064467,-23141,-5769479,1200592,5121700,-7474316,0,0
2,49.680000000000,42.978143508276,367,2026-09-04T17:45:23Z,-133003.983135999995,367000,863,5039995.302852077410,1778655.980779696954,4472822.610939002596,5058.566876487930,-25.961528145899,-5774.756311669080,154.097386690273,25.228337534918,1205725.248633964686,5143.732961063569,-7506.470261054103,-123,7167877,-7507.324218750000,-0.853957695897,5039995,1778656,4472823,5058567,-25962,-5774756,1205725,5143733,-7506470,0,0
2,49.680000000000,42.978143508276,368,2026-09-04T17:45:24Z,-133002.983135999995,368000,864,5045051.003811599687,1778628.605475342600,4467045.216302208602,5052.660302659206,-28.780876940573,-5780.026510557946,154.328427265037,25.057934173773,1210879.944217267679,5165.481694210319,-7538.209120714486,-124,7167876,-7568.359375000000,-30.150254285514,5045051,1778629,4467045,5052660,-28781,-5780027,1210880,5165482,-7538209,0,0
2,49.680000000000,42.978143508276,369,2026-09-04T17:45:25Z,-133001.983135999995,369000,865,5050100.795072071254,1778598.411196701461,4461262.554605665617,5046.747221705118,-31.599393411170,-5785.290055152473,154.556900536206,24.888310580409,1216056.248008589726,5186.949542257383,-7569.538072694294,-124,7167876,-7568.359375000000,1.178697694294,5050101,1778598,4461263,5046747,-31599,-5785290,1216056,5186950,-7569538,0,0
2,49.680000000000,42.978143508276,370,2026-09-04T17:45:26Z,-133000.983135999995,370000,866,5055144.670129089616,1778565.398777747527,4455474.632506795228,5040.827640937096,-34.417074377643,-5790.546938630541,154.782843156425,24.719470216037,1221253.880907898303,5208.140073169438,-7600.462323877506,-125,7167875,-7629.394531250000,-28.932207372494,5055145,1778565,4455475,5040828,-34417,-5790547,1221254,5208140,-7600462,0,0
2,49.680000000000,42.978143508276,371,2026-09-04T17:45:27Z,-132999.983135999995,371000,867,5060182.622485695407,1778529.569056380773,4449681.456669371575,5034.901566859844,-37.233914363014,-5795.797154184584,155.006291256525,24.551416152425,1226472.567370282486,5229.056828494241,-7630.987042596751,-125,7167875,-7629.394531250000,1.592511346751,5060183,1778530,4449681,5034902,-37234,-5795797,1226473,5229057,-7630987,0,0
2,49.680000000000,42.978143508276,372,2026-09-04T17:45:28Z,-132998.983135999995,372000,868,5065214.645651607774,1778490.922874808777,4443883.033764270134,5028.969006898478,-40.049910483049,-5801.040695013398,155.227280448672,24.384151086500,1231712.035377822118,5249.703320925348,-7661.117355076490,-126,7167874,-7690.429687500000,-29.312332423510,5065215,1778491,4443883,5028969,-40050,-5801041,1231712,5249703,-7661117,0,0
2,49.680000000000,42.978143508276,373,2026-09-04T17:45:29Z,-132997.983135999995,373000,869,5070240.733143623918,1778449.461080162553,4438079.370468728244,5023.029967282127,-42.865056397204,-5806.277554318513,155.445845829844,24.217677354522,1236972.016412018333,5270.083035486077,-7690.858347160817,-126,7167874,-7690.429687500000,0.428659660817,5070241,1778449,4438079,5023030,-42865,-5806278,1236972,5270083,-7690858,0,0
2,49.680000000000,42.978143508276,374,2026-09-04T17:45:30Z,-132996.983135999995,374000,870,5075260.878485206515,1778405.184522841126,4432270.473467523232,5017.084455658733,-45.679349801276,-5811.507725316005,155.662021985635,24.051996945933,1242252.245423052227,5290.199426395322,-7720.215059739606,-126,7167874,-7690.429687500000,29.785372239606,5075261,1778405,4432270,5017084,-45679,-5811508,1242252,5290199,-7720215,0,0
2,49.680000000000,42.978143508276,375,2026-09-04T17:45:31Z,-132995.983135999995,375000,871,5080275.075207051821,1778358.094058627496,4426456.349451453425,5011.132478472064,-48.492784933842,-5816.731201226503,155.875842994211,23.887111516704,1247552.460801986745,5310.055918802622,-7749.192491280574,-127,7167873,-7751.464843750000,-2.272352469426,5080275,1778358,4426456,5011132,-48493,-5816731,1247552,5310056,-7749192,0,0
2,49.680000000000,42.978143508276,376,2026-09-04T17:45:32Z,-132994.983135999995,376000,872,5085283.316846867092,1778308.190547025297,4420637.005118264817,5005.174043037186,-51.305358485934,-5821.947975276998,156.087342430593,23.723022402413,1252872.404348905431,5329.655906308606,-7777.795594210763,-127,7167873,-7751.464843750000,26.330750460763,5085283,1778308,4420637,5005174,-51305,-5821948,1252872,5329656,-7777796,0,0
2,49.680000000000,42.978143508276,377,2026-09-04T17:45:33Z,-132993.983135999995,377000,873,5090285.596948722377,1778255.474852121668,4414812.447173060849,4999.209156077086,-54.117065417131,-5827.158040706308,156.296553371051,23.559730630905,1258211.821241742233,5349.002751727508,-7806.029276029301,-128,7167872,-7812.500000000000,-6.470723970699,5090286,1778255,4414812,4999209,-54117,-5827158,1258212,5349003,-7806029,0,0
2,49.680000000000,42.978143508276,378,2026-09-04T17:45:34Z,-132992.983135999995,378000,874,5095281.909064812586,1778199.947841646150,4408982.682326649316,4993.237824871358,-56.927902284770,-5832.361390755977,156.503508397837,23.397236934540,1263570.460005926434,5368.099785540682,-7833.898397050563,-128,7167872,-7812.500000000000,21.398397050563,5095282,1778200,4408983,4993238,-56928,-5832361,1263570,5368100,-7833898,0,0
2,49.680000000000,42.978143508276,379,2026-09-04T17:45:35Z,-132991.983135999995,379000,875,5100272.246752729639,1778141.610389173962,4403147.717297813855,4987.260055958359,-59.737863466125,-5837.558018681193,156.708239603798,23.235541762162,1268948.072480880190,5386.950306608678,-7861.407771443325,-129,7167871,-7873.535156250000,-12.127384806675,5100272,1778142,4403148,4987260,-59738,-5837558,1268948,5386950,-7861408,0,0
2,49.680000000000,42.978143508276,380,2026-09-04T17:45:36Z,-132990.983135999995,380000,876,5105256.603578704409,1778080.463370477548,4397307.558811008930,4981.275856690445,-62.546945667918,-5842.747917739871,156.910778597600,23.074645290633,1274344.413788522594,5405.557580383106,-7888.562164621262,-129,7167871,-7873.535156250000,15.027008371262,5105257,1778080,4397308,4981276,-62547,-5842748,1274344,5405558,-7888562,0,0
2,49.680000000000,42.978143508276,381,2026-09-04T17:45:37Z,-132989.983135999995,381000,877,5110234.973114454187,1778016.507667761529,4391462.213598354720,4975.285233978866,-65.355144287196,-5847.931081201750,157.111156508536,22.914547436077,1279759.242299836129,5423.924839648412,-7915.366294325456,-130,7167870,-7934.570312500000,-19.204018174544,5110235,1778017,4391462,4975285,-65355,-5847931,1279759,5423925,-7915366,0,0
2,49.680000000000,42.978143508276,382,2026-09-04T17:45:38Z,-132988.983135999995,382000,878,5115207.348940010183,1777949.744165700395,4385611.688397925347,4969.288194845831,-68.162455015909,-5853.107502339299,157.309403992002,22.755247864738,1285192.319602012401,5442.055283718138,-7941.824829451464,-130,7167870,-7934.570312500000,7.254516951464,5115207,1777950,4385612,4969288,-68162,-5853108,1285192,5442055,-7941825,0,0
2,49.680000000000,42.978143508276,383,2026-09-04T17:45:39Z,-132987.983135999995,383000,879,5120173.724641563371,1777880.173755001742,4379755.989954822697,4963.284746319005,-70.968873547372,-5858.277174439536,157.505551234606,22.596746003525,1290643.410464981105,5459.952078229136,-7967.942389749001,-131,7167869,-7995.605468750000,-27.663079000999,5120174,1777880,4379756,4963285,-70969,-5858277,1290643,5459952,-7967942,0,0
2,49.680000000000,42.978143508276,384,2026-09-04T17:45:40Z,-132986.983135999995,384000,880,5125134.093812879175,1777807.797329077963,4373895.125020875596,4957.274895539740,-73.774395867304,-5863.440090793119,157.699627959760,22.439041050243,1296112.282806898002,5477.618354825801,-7993.723545361132,-131,7167869,-7995.605468750000,-1.881923388868,5125134,1777808,4373895,4957275,-73774,-5863440,1296112,5477618,-7993724,0,0
2,49.680000000000,42.978143508276,385,2026-09-04T17:45:41Z,-132985.983135999995,385000,881,5130088.450054319575,1777732.615786954295,4368029.100354604423,4951.258649254669,-76.579016796813,-5868.596244698892,157.891663433040,22.282131983464,1301598.707661008695,5495.057211367901,-8019.172817127563,-131,7167869,-7995.605468750000,23.567348377563,5130088,1777733,4368029,4951259,-76579,-5868596,1301599,5495057,-8019173,0,0
2,49.680000000000,42.978143508276,386,2026-09-04T17:45:42Z,-132984.983135999995,386000,882,5135036.786973406561,1777654.630030930974,4362157.922721542418,4945.236014777947,-79.382732763179,-5873.745629462064,158.081686467864,22.126017572133,1307102.459140459774,5512.271710957285,-8044.294675164283,-132,7167868,-8056.640625000000,-12.345949835717,5135037,1777655,4362158,4945236,-79383,-5873746,1307102,5512272,-8044295,0,0
2,49.680000000000,42.978143508276,387,2026-09-04T17:45:43Z,-132983.983135999995,387000,883,5139979.098185230978,1777573.840968378354,4356281.598892977461,4939.206999227281,-82.185539611828,-5878.888238400577,158.269725431073,21.970696384791,1312623.314405612648,5529.264882436842,-8069.093539591707,-132,7167868,-8056.640625000000,12.452914591707,5139979,1777574,4356282,4939207,-82186,-5878888,1312623,5529265,-8069094,0,0
2,49.680000000000,42.978143508276,388,2026-09-04T17:45:44Z,-132982.983135999995,388000,884,5144915.377311218530,1777490.249510029797,4350400.135648156516,4933.171609531200,-84.987432606795,-5884.024064836012,158.455808248621,21.816166798624,1318161.053626998561,5546.039720274695,-8093.573780365679,-133,7167867,-8117.675781250000,-24.102000884321,5144915,1777490,4350400,4933172,-84987,-5884024,1318161,5546040,-8093574,0,0
2,49.680000000000,42.978143508276,389,2026-09-04T17:45:45Z,-132981.983135999995,389000,885,5149845.617980596609,1777403.856572302058,4344513.539771549404,4927.129852829239,-87.788407596918,-5889.153102099954,158.639962411278,21.662427008049,1323715.459953954909,5562.599184157963,-8117.739716684630,-133,7167867,-8117.675781250000,0.063935434630,5149846,1777404,4344514,4927130,-87788,-5889153,1323715,5562599,-8117740,0,0
2,49.680000000000,42.978143508276,390,2026-09-04T17:45:46Z,-132980.983135999995,390000,886,5154769.813828362152,1777314.663074783748,4338621.818056360818,4921.081736217275,-90.588460285062,-5894.275343532172,158.822214980382,21.509475033229,1329286.319475959288,5578.946199145076,-8141.595617211861,-133,7167867,-8117.675781250000,23.919835961861,5154770,1777315,4338622,4921082,-90588,-5894275,1329286,5578946,-8141596,0,0
2,49.680000000000,42.978143508276,391,2026-09-04T17:45:47Z,-132979.983135999995,391000,887,5159687.958498562686,1777222.669941775734,4332724.977299929596,4915.027266858488,-93.387586526433,-5899.390782478804,159.002592593687,21.357308728054,1334873.421192729846,5595.083655578625,-8165.145699948357,-134,7167866,-8178.710937500000,-13.565237551643,5159688,1777223,4332725,4915027,-93388,-5899391,1334873,5595084,-8165146,0,0
2,49.680000000000,42.978143508276,392,2026-09-04T17:45:48Z,-132978.983135999995,392000,888,5164600.045640486293,1777127.878101606853,4326823.024308609776,4908.966451717788,-96.185781587792,-5904.499412295081,159.181121471031,21.205925788121,1340476.556974710431,5611.014409270121,-8188.394132502419,-134,7167866,-8178.710937500000,9.683195002419,5164600,1777128,4326823,4908966,-96186,-5904499,1340477,5611014,-8188394,0,0
2,49.680000000000,42.978143508276,393,2026-09-04T17:45:49Z,-132977.983135999995,393000,889,5169506.068912185729,1777030.288487446262,4320915.965893200599,4902.899298074772,-98.983041619704,-5909.601226343511,159.357827420231,21.055323758199,1346095.521532974439,5626.741281141677,-8211.345031566751,-135,7167865,-8239.746093750000,-28.401062183249,5169506,1777030,4320916,4902899,-98983,-5909601,1346096,5626741,-8211345,0,0
2,49.680000000000,42.978143508276,394,2026-09-04T17:45:50Z,-132976.983135999995,394000,890,5174406.021977762692,1776929.902036089217,4315003.808872677386,4896.825813066243,-101.779362333446,-5914.696217995697,159.532735842823,20.905500039652,1351730.112380663399,5642.267057631171,-8234.002463509731,-135,7167865,-8239.746093750000,-5.743630240269,5174406,1776930,4315004,4896826,-101779,-5914696,1351730,5642267,-8234002,0,0
2,49.680000000000,42.978143508276,395,2026-09-04T17:45:51Z,-132975.983135999995,395000,891,5179299.898508375511,1776826.719689211110,4309086.560072538443,4890.746003638924,-104.574738854353,-5919.784380632336,159.705871739843,20.756451897471,1357380.129800376482,5657.594490803869,-8256.370444538312,-135,7167865,-8239.746093750000,16.624350788312,5179300,1776827,4309087,4890746,-104575,-5919784,1357380,5657594,-8256370,0,0
2,49.680000000000,42.978143508276,396,2026-09-04T17:45:52Z,-132974.983135999995,396000,892,5184187.692182882689,1776720.742392358603,4303164.226324390620,4884.659877302511,-107.369167927573,-5924.865707633217,159.877259717665,20.608176467104,1363045.376809771406,5672.726297854926,-8278.452939971994,-136,7167864,-8300.781250000000,-22.328310028006,5184188,1776721,4303164,4884660,-107369,-5924866,1363045,5672726,-8278453,0,0
2,49.680000000000,42.978143508276,397,2026-09-04T17:45:53Z,-132973.983135999995,397000,893,5189069.396687500179,1776611.971095521236,4297236.814466134645,4878.567440819097,-110.162644089996,-5929.940192402682,160.046923993730,20.460670761049,1368725.659127161838,5687.665162249772,-8300.253865907045,-136,7167864,-8300.781250000000,-0.527384092955,5189069,1776612,4297237,4878567,-110163,-5929940,1368726,5687665,-8300254,0,0
2,49.680000000000,42.978143508276,398,2026-09-04T17:45:54Z,-132972.983135999995,398000,894,5193945.005714673549,1776500.406753071118,4291304.331343412399,4872.468701820253,-112.955164389405,-5935.007828337802,160.214888402244,20.313931675261,1374420.785135860322,5702.413732590679,-8321.777087562430,-136,7167864,-8300.781250000000,20.995837562430,5193945,1776500,4291304,4872469,-112955,-5935008,1374421,5702414,-8321777,0,0
2,49.680000000000,42.978143508276,399,2026-09-04T17:45:55Z,-132971.983135999995,399000,895,5198814.512965053320,1776386.050323263044,4285366.783807322383,4866.363666885263,-115.746722774929,-5940.068608852926,160.381176399980,20.167955995238,1380130.565852072323,5716.974624251951,-8343.026421666114,-137,7167863,-8361.816406250000,-18.789984583886,5198815,1776386,4285367,4866364,-115747,-5940069,1380131,5716975,-8343026,0,0
2,49.680000000000,42.978143508276,400,2026-09-04T17:45:56Z,-132970.983135999995,400000,896,5203677.912145719863,1776268.902769042412,4279424.178716340102,4860.252343969478,-118.537317181563,-5945.122527366038,160.545811071872,20.022740401994,1385854.814889333677,5731.350417692534,-8364.005633992580,-137,7167863,-8361.816406250000,2.189227742580,5203678,1776269,4279424,4860252,-118537,-5945123,1385855,5731350,-8364006,0,0
2,49.680000000000,42.978143508276,401,2026-09-04T17:45:57Z,-132969.983135999995,401000,897,5208535.196971405298,1776148.965057356050,4273476.522935079411,4854.134739518486,-121.326941118241,-5950.169577302404,160.708815136723,19.878281477739,1391593.348425708245,5745.543660806778,-8384.718442793399,-137,7167863,-8361.816406250000,22.902036543399,5208535,1776149,4273477,4854135,-121327,-5950170,1391593,5745544,-8384718,0,0
2,49.680000000000,42.978143508276,402,2026-09-04T17:45:58Z,-132968.983135999995,402000,898,5213386.361163656227,1776026.238159853732,4267523.823334995657,4848.010861355760,-124.115592085900,-5955.209752100927,160.870210952768,19.734575711411,1397345.985169650055,5759.556866963505,-8405.168515935558,-138,7167862,-8422.851562500000,-17.683046564442,5213386,1776026,4267524,4848011,-124116,-5955210,1397346,5759557,-8405169,0,0
2,49.680000000000,42.978143508276,403,2026-09-04T17:45:59Z,-132967.983135999995,403000,899,5218231.398451657034,1775900.723052034155,4261566.086793823168,4841.880716301603,-126.903264624843,-5960.243045203242,161.030020523291,19.591619503971,1403112.546326976037,5773.392516980522,-8425.359473782955,-138,7167862,-8422.851562500000,2.507911282955,5218231,1775901,4261566,4841881,-126903,-5960243,1403113,5773393,-8425359,0,0
2,49.680000000000,42.978143508276,404,2026-09-04T17:46:00Z,-132966.983135999995,404000,900,5223070.302571710199,1775772.420713506173,4255603.320195991546,4835.744311839335,-129.689955209187,-5965.269450061896,161.188265502128,19.449409173530,1408892.855567253195,5787.053058100827,-8445.294887702317,-138,7167862,-8422.851562500000,22.443325202317,5223070,1775772,4255603,4835744,-129690,-5965269,1408893,5787053,-8445295,0,0
2,49.680000000000,42.978143508276,405,2026-09-04T17:46:01Z,-132965.983135999995,405000,901,5227903.067266972736,1775641.332129337825,4249635.530432501808,4829.601654962971,-132.475658824887,-5970.288960136713,161.344967199087,19.307940960270,1414686.738991345512,5800.540905088012,-8464.978281661792,-139,7167861,-8483.886718750000,-18.908437088208,5227903,1775641,4249636,4829602,-132476,-5970289,1414687,5800541,-8464978,0,0
2,49.680000000000,42.978143508276,406,2026-09-04T17:46:02Z,-132964.983135999995,406000,902,5232729.686288427562,1775507.458286783192,4243662.724401012994,4823.452753281344,-135.260372245966,-5975.301568894793,161.500146585512,19.167211031212,1420494.025097720092,5813.858439653783,-8484.413131395488,-139,7167861,-8483.886718750000,0.526412645488,5232730,1775507,4243663,4823453,-135260,-5975302,1420494,5813858,-8484413,0,0
2,49.680000000000,42.978143508276,407,2026-09-04T17:46:03Z,-132963.983135999995,407000,903,5237550.153393722139,1775370.800179443555,4237684.909005598165,4817.297613651135,-138.044090017502,-5980.307269812329,161.653824299485,19.027215484760,1426314.544751254609,5827.008011685731,-8503.602866195210,-139,7167861,-8483.886718750000,19.716147445210,5237550,1775371,4237685,4817298,-138044,-5980307,1426315,5827008,-8503603,0,0
2,49.680000000000,42.978143508276,408,2026-09-04T17:46:04Z,-132962.983135999995,408000,904,5242364.462348445319,1775231.358804012416,4231702.091156477109,4811.136243701185,-140.826808917154,-5985.306056375521,161.806020651295,18.887950355111,1432148.131150426576,5839.991938432576,-8522.550867721468,-140,7167860,-8544.921875000000,-22.371007278532,5242364,1775231,4231702,4811136,-140827,-5985306,1432148,5839992,-8522551,0,0
2,49.680000000000,42.978143508276,409,2026-09-04T17:46:05Z,-132961.983135999995,409000,905,5247172.606924784370,1775089.135161866434,4225714.277771083638,4804.968650457340,-143.608523938383,-5990.297922074205,161.956755628605,18.749411616512,1437994.619794711005,5852.812505728960,-8541.260471790854,-140,7167860,-8544.921875000000,-3.661403209146,5247173,1775089,4225714,4804969,-143609,-5990298,1437995,5852813,-8541260,0,0
2,49.680000000000,42.978143508276,410,2026-09-04T17:46:06Z,-132960.983135999995,410000,906,5251974.580902794376,1774944.130258063087,4219721.475772844627,4798.794841517520,-146.389231718103,-5995.282860410043,162.106048901730,18.611595187309,1443853.848453796003,5865.471967465469,-8559.734967602630,-140,7167860,-8544.921875000000,14.813092602630,5251975,1774944,4219721,4798795,-146389,-5995283,1443854,5865472,-8559735,0,0
2,49.680000000000,42.978143508276,411,2026-09-04T17:46:07Z,-132959.983135999995,411000,907,5256770.378069244325,1774796.345102955122,4213723.692091998644,4792.614823729309,-149.168926653147,-6000.260864893789,162.253919828704,18.474496933878,1449725.657135765301,5877.972546780917,-8577.977599478672,-141,7167859,-8605.957031250000,-27.979431771328,5256770,1774796,4213724,4792615,-149169,-6000261,1449726,5877973,-8577978,0,0
2,49.680000000000,42.978143508276,412,2026-09-04T17:46:08Z,-132958.983135999995,412000,908,5261559.992219192907,1774645.780709984712,4207720.933664501645,4786.428604807043,-151.947605682153,-6005.231929040747,162.400387460479,18.338112674383,1455609.888056483818,5890.316435228246,-8595.991565646249,-141,7167859,-8605.957031250000,-9.965465603751,5261560,1774646,4207721,4786429,-151948,-6005232,1455610,5890316,-8595992,0,0
2,49.680000000000,42.978143508276,413,2026-09-04T17:46:09Z,-132957.983135999995,413000,909,5266343.417153322138,1774492.438097825274,4201713.207434518263,4780.236191819313,-154.725263805403,-6010.196046375313,162.545470545809,18.202438182445,1461506.385606810218,5902.505794114614,-8613.780020193648,-141,7167859,-8605.957031250000,7.822988943648,5266343,1774492,4201713,4780236,-154725,-6010196,1461506,5902506,-8613780,0,0
2,49.680000000000,42.978143508276,414,2026-09-04T17:46:10Z,-132956.983135999995,414000,910,5271120.646681368351,1774336.318288735580,4195700.520350795239,4774.037592244895,-157.501897217571,-6015.153210433709,162.689187536365,18.067469190552,1467414.996325246990,5914.542754082013,-8631.346072458169,-141,7167859,-8605.957031250000,25.389041208169,5271121,1774336,4195701,4774038,-157502,-6015153,1467415,5914543,-8631346,0,0
2,49.680000000000,42.978143508276,415,2026-09-04T17:46:11Z,-132955.983135999995,415000,911,5275891.674619211815,1774177.422309773276,4189682.879369794857,4767.832813428868,-160.277501668361,-6020.103414755795,162.831556591515,17.933201393472,1473335.568864851492,5926.429415787404,-8648.692788018667,-142,7167858,-8666.992187500000,-18.299399481333,5275892,1774177,4189683,4767833,-160278,-6020103,1473336,5926429,-8648693,0,0
2,49.680000000000,42.978143508276,416,2026-09-04T17:46:12Z,-132954.983135999995,416000,912,5280656.494791322388,1774015.751191544812,4183660.291453169659,4761.621862614447,-163.052072611663,-6025.046652892343,162.972595583274,17.799630451413,1479267.953965535387,5938.167850171462,-8665.823189087747,-142,7167858,-8666.992187500000,-1.168998412253,5280656,1774016,4183660,4761622,-163052,-6025047,1479268,5938168,-8665823,0,0
2,49.680000000000,42.978143508276,417,2026-09-04T17:46:13Z,-132953.983135999995,417000,913,5285415.101027808152,1773851.305970195681,4177632.763570636511,4755.404747164903,-165.825605796954,-6029.982918400492,163.112322100924,17.666751993170,1485212.004422010388,5949.760098641894,-8682.740254779286,-142,7167858,-8666.992187500000,15.748067279286,5285415,1773851,4177633,4755405,-165826,-6029983,1485212,5949760,-8682740,0,0
2,49.680000000000,42.978143508276,418,2026-09-04T17:46:14Z,-132952.983135999995,418000,914,5290167.487167486921,1773684.087684040191,4171600.302697522100,4749.181474546276,-168.598097283621,-6034.912204850116,163.250753455926,17.534561619050,1491167.575056156609,5961.208173388299,-8699.446921567922,-143,7167857,-8728.027343750000,-28.580422182078,5290167,1773684,4171600,4749181,-168598,-6034912,1491168,5961208,-8699447,0,0
2,49.680000000000,42.978143508276,419,2026-09-04T17:46:15Z,-132951.983135999995,419000,915,5294913.647056322545,1773514.097377766622,4165562.915814955719,4742.952052037253,-171.369542524872,-6039.834505813815,163.387906686378,17.403054903697,1497134.522688777419,5972.514057905170,-8715.946084052295,-143,7167857,-8728.027343750000,-12.081259697705,5294914,1773514,4165563,4742952,-171370,-6039835,1497135,5972514,-8715946,0,0
2,49.680000000000,42.978143508276,420,2026-09-04T17:46:16Z,-132950.983135999995,420000,916,5299653.574547199532,1773341.336099064909,4159520.609911618754,4736.716487174817,-174.139937733571,-6044.749814875104,163.523798561702,17.272227398879,1503112.706108432030,5983.679707007569,-8732.240594977915,-143,7167857,-8728.027343750000,4.213251227915,5299654,1773341,4159521,4736716,-174140,-6044750,1503113,5983680,-8732241,0,0
2,49.680000000000,42.978143508276,421,2026-09-04T17:46:17Z,-132949.983135999995,421000,917,5304387.263500537723,1773165.804900173098,4153473.391982289497,4730.474787206731,-176.909278218091,-6049.658125626593,163.658445587119,17.142074636069,1509101.986044864636,5994.707047527902,-8748.333266254005,-143,7167857,-8728.027343750000,20.305922504005,5304387,1773166,4153473,4730475,-176909,-6049658,1509102,5994707,-8748333,0,0
2,49.680000000000,42.978143508276,422,2026-09-04T17:46:18Z,-132948.983135999995,422000,918,5309114.707784779370,1772987.504837596789,4147421.269027337898,4724.226959639964,-179.677560043501,-6054.559431667258,163.791864008125,17.012592128939,1515102.225141422125,6005.597978273246,-8764.226868891228,-144,7167856,-8789.062500000000,-24.835631108772,5309115,1772988,4147421,4724227,-179678,-6054559,1515102,6005598,-8764227,0,0
2,49.680000000000,42.978143508276,423,2026-09-04T17:46:19Z,-132947.983135999995,423000,919,5313835.901275033131,1772806.436972041382,4141364.248054477852,4717.973011737740,-182.444778521585,-6059.453726607899,163.924069814833,16.883775375808,1521113.287925566779,6016.354370678460,-8779.924133954786,-144,7167856,-8789.062500000000,-9.138366045214,5313836,1772806,4141364,4717973,-182445,-6059454,1521113,6016354,-8779924,0,0
2,49.680000000000,42.978143508276,424,2026-09-04T17:46:20Z,-132946.983135999995,424000,920,5318550.837853942998,1772622.602368461434,4135302.336077694315,4711.712951127083,-185.210930023686,-6064.341004061134,164.055078746317,16.755619861926,1527135.040782618802,6026.978068747037,-8795.427752478114,-144,7167856,-8789.062500000000,6.365252478114,5318551,1772623,4135302,4711713,-185211,-6064341,1527135,6026978,-8795428,0,0
2,49.680000000000,42.978143508276,425,2026-09-04T17:46:21Z,-132945.983135999995,425000,921,5323259.511411832646,1772436.002096042037,4129235.540117006283,4705.446785042113,-187.976009712656,-6069.221257655954,164.184906294868,16.628121061670,1533167.351928906050,6037.470889868267,-8810.740376655396,-144,7167856,-8789.062500000000,21.677876655396,5323260,1772436,4129236,4705447,-187976,-6069221,1533167,6037471,-8810740,0,0
2,49.680000000000,42.978143508276,426,2026-09-04T17:46:22Z,-132944.983135999995,426000,922,5327961.915846264921,1772246.637228047010,4123163.867199143860,4699.174521125315,-190.740013966206,-6074.094481021348,164.313567710168,16.501274440682,1539210.091384358937,6047.834624621955,-8825.864619556593,-145,7167855,-8850.097656250000,-24.233036693407,5327962,1772247,4123164,4699175,-190740,-6074094,1539210,6047835,-8825865,0,0
2,49.680000000000,42.978143508276,427,2026-09-04T17:46:23Z,-132943.983135999995,427000,923,5332658.045062216930,1772054.508842417505,4117087.324357017875,4692.896166584433,-193.502937798939,-6078.960667804495,164.441078003407,16.375075457873,1545263.130946746329,6058.071037666365,-8840.803056423236,-145,7167855,-8850.097656250000,-9.294599826764,5332658,1772055,4117087,4692896,-193503,-6078961,1545263,6058071,-8840803,0,0
2,49.680000000000,42.978143508276,428,2026-09-04T17:46:24Z,-132942.983135999995,428000,924,5337347.892972410657,1771859.618020885158,4111005.918629744090,4686.611729282049,-196.264778198611,-6083.819811653484,164.567451951370,16.249519567364,1551326.344165449264,6068.181867356380,-8855.558224111217,-145,7167855,-8850.097656250000,5.460567861217,5337348,1771860,4111006,4686612,-196265,-6083820,1551326,6068182,-8855558,0,0
2,49.680000000000,42.978143508276,429,2026-09-04T17:46:25Z,-132941.983135999995,429000,925,5342031.453496961854,1771661.965849547647,4104919.657062791754,4680.321216133962,-199.025529273740,-6088.671906228228,164.692704100407,16.124602220341,1557399.606315663317,6078.168827079197,-8870.132623039999,-145,7167855,-8850.097656250000,20.034966789999,5342031,1771662,4104920,4680321,-199026,-6088672,1557400,6078169,-8870133,0,0
2,49.680000000000,42.978143508276,430,2026-09-04T17:46:26Z,-132940.983135999995,430000,926,5346708.720563177019,1771461.553418865195,4098828.546708290465,4674.024635129172,-201.785188319491,-6093.516945192277,164.816848770358,16.000318866832,1563482.794372704346,6088.033604345643,-8884.528715866558,-146,7167854,-8911.132812500000,-26.604096633442,5346709,1771462,4098829,4674025,-201785,-6093517,1563483,6088034,-8884529,0,0
2,49.680000000000,42.978143508276,431,2026-09-04T17:46:27Z,-132939.983135999995,431000,927,5351379.688105895184,1771258.381823068485,4092732.594624849036,4667.721993458144,-204.543750206540,-6098.354922223280,164.939900058446,15.876664957394,1569575.786986999912,6097.777862255959,-8898.748929624448,-146,7167854,-8911.132812500000,-12.383882875552,5351380,1771258,4092733,4667722,-204544,-6098355,1569576,6097778,-8898749,0,0
2,49.680000000000,42.978143508276,432,2026-09-04T17:46:28Z,-132938.983135999995,432000,928,5356044.350067829713,1771052.452160767512,4086631.807876792736,4661.413298870684,-207.301211477670,-6103.185831006613,165.061871843071,15.753635944712,1575678.464460206684,6107.403238997704,-8912.795654991078,-146,7167854,-8911.132812500000,1.662842491078,5356044,1771052,4086632,4661413,-207301,-6103186,1575678,6107403,-8912796,0,0
2,49.680000000000,42.978143508276,433,2026-09-04T17:46:29Z,-132937.983135999995,433000,929,5360702.700398656540,1770843.765535536921,4080526.193535179365,4655.098558523605,-210.057566852129,-6108.009665232657,165.182777787514,15.631227285164,1581790.708719915710,6116.911348866607,-8926.671247777489,-146,7167854,-8911.132812500000,15.538435277489,5360703,1770844,4080526,4655099,-210058,-6108010,1581791,6116911,-8926671,0,0
2,49.680000000000,42.978143508276,434,2026-09-04T17:46:30Z,-132936.983135999995,434000,930,5365354.733056448400,1770632.323054129491,4074415.758676626254,4648.777780389537,-212.812813488654,-6112.826418605891,165.302631343704,15.509434440272,1587912.403296354692,6126.303781759513,-8940.378028188377,-146,7167854,-8911.132812500000,29.245215688377,5365355,1770632,4074416,4648778,-212813,-6112826,1587912,6126304,-8940378,0,0
2,49.680000000000,42.978143508276,435,2026-09-04T17:46:31Z,-132935.983135999995,435000,931,5370000.442005223595,1770418.125828367658,4068300.510385797359,4642.450971446124,-215.566945496903,-6117.636084832156,165.421445755723,15.388252878152,1594043.433296505129,6135.582104558081,-8953.918282841394,-147,7167853,-8972.167968750000,-18.249685908606,5370000,1770418,4068301,4642451,-215567,-6117636,1594043,6135582,-8953918,0,0
2,49.680000000000,42.978143508276,436,2026-09-04T17:46:32Z,-132934.983135999995,436000,932,5374639.821218420751,1770201.174973279238,4062180.455751555040,4636.118139834252,-218.319960501049,-6122.438657631392,165.539234063506,15.267678074781,1600183.685384151060,6144.747860185789,-8967.294263390986,-147,7167853,-8972.167968750000,-4.873705359014,5374640,1770201,4062180,4636118,-218320,-6122439,1600184,6144748,-8967294,0,0
2,49.680000000000,42.978143508276,437,2026-09-04T17:46:33Z,-132933.983135999995,437000,933,5379272.864675434306,1769981.471609271597,4056055.601870623883,4629.779292445164,-221.071852308341,-6127.234130729903,165.656009106190,15.147705515339,1606333.047753460705,6153.802569328209,-8980.508189038870,-147,7167853,-8972.167968750000,8.340220288870,5379273,1769981,4056056,4629779,-221072,-6127234,1606333,6153803,-8980508,0,0
2,49.680000000000,42.978143508276,438,2026-09-04T17:46:34Z,-132932.983135999995,438000,934,5383899.566364435479,1769759.016859774943,4049925.955844912678,4623.434437591641,-223.822619004068,-6132.022497863090,165.771783525696,15.028330695381,1612491.410108461045,6162.747729218047,-8993.562244760991,-147,7167853,-8972.167968750000,21.394276010991,5383900,1769759,4049926,4623434,-223823,-6132022,1612491,6162748,-8993562,0,0
2,49.680000000000,42.978143508276,439,2026-09-04T17:46:35Z,-132931.983135999995,439000,935,5388519.920280193910,1769533.811853461899,4043791.524783398025,4617.083582089435,-226.572254094435,-6136.803752772721,165.886569769987,14.909549122016,1618658.663639019476,6171.584815617108,-9006.458584199889,-148,7167852,-9033.203125000000,-26.744540800111,5388520,1769534,4043792,4617084,-226572,-6136804,1618659,6171585,-9006459,0,0
2,49.680000000000,42.978143508276,440,2026-09-04T17:46:36Z,-132930.983135999995,440000,936,5393133.920425643213,1769305.857722620247,4037652.315800791606,4610.726734059426,-229.320755059916,-6141.577889213750,166.000380096487,14.791356314994,1624834.700999729568,6180.315281517322,-9019.199327769040,-148,7167852,-9033.203125000000,-14.003797230960,5393134,1769306,4037652,4610727,-229321,-6141578,1624835,6180315,-9019199,0,0
2,49.680000000000,42.978143508276,441,2026-09-04T17:46:37Z,-132929.983135999995,441000,937,5397741.560810921714,1769075.155604024883,4031508.336018397938,4604.363900841236,-232.068116935579,-6146.344900946133,166.113226575293,14.673747807761,1631019.416287302505,6188.940558666591,-9031.786564879605,-148,7167852,-9033.203125000000,-1.416560120395,5397742,1769075,4031508,4604364,-232068,-6146345,1631019,6188941,-9031787,0,0
2,49.680000000000,42.978143508276,442,2026-09-04T17:46:38Z,-132928.983135999995,442000,938,5402342.835454280488,1768841.706638207426,4025359.592563276645,4597.995090074619,-234.814335680767,-6151.104781737558,166.225121092432,14.556719148438,1637212.705019755056,6197.462057231064,-9044.222353447565,-148,7167852,-9033.203125000000,11.019228447565,5402343,1768842,4025360,4597995,-234814,-6151105,1637213,6197462,-9044222,0,0
2,49.680000000000,42.978143508276,443,2026-09-04T17:46:39Z,-132927.983135999995,443000,939,5406937.738380926661,1768605.511970334454,4019206.092569367494,4591.620309368409,-237.559407097251,-6155.857525367537,166.336075352964,14.440265900784,1643414.464114140021,6205.881166318902,-9056.508720658074,-148,7167852,-9033.203125000000,23.305595658074,5406938,1768606,4019206,4591620,-237559,-6155858,1643414,6205881,-9056509,0,0
2,49.680000000000,42.978143508276,444,2026-09-04T17:46:40Z,-132926.983135999995,444000,940,5411526.263623983599,1768366.572749626124,4013047.843176477123,4585.239566329619,-240.303326995900,-6160.603125621492,166.446100884121,14.324383645070,1649624.591866528848,6214.199254232369,-9068.647663333350,-149,7167851,-9094.238281250000,-25.590617916650,5411526,1768367,4013048,4585240,-240303,-6160603,1649625,6214199,-9068648,0,0
2,49.680000000000,42.978143508276,445,2026-09-04T17:46:41Z,-132925.983135999995,445000,941,5416108.405224617571,1768124.890129195526,4006884.851530177984,4578.852868580725,-243.046091184851,-6165.341576296669,166.555209038366,14.209067978925,1655842.987931437092,6222.417668789519,-9080.641148402121,-149,7167851,-9094.238281250000,-13.597132847879,5416108,1768125,4006885,4578853,-243046,-6165342,1655843,6222418,-9080641,0,0
2,49.680000000000,42.978143508276,446,2026-09-04T17:46:42Z,-132924.983135999995,446000,942,5420684.157230398618,1767880.465267233783,4000717.124783491716,4572.460223756025,-245.787695475656,-6170.072871194407,166.663410996309,14.094314518169,1662069.553299950203,6230.537737607114,-9092.491113312504,-149,7167851,-9094.238281250000,-1.747167937496,5420684,1767880,4000717,4572460,-245788,-6170073,1662070,6230538,-9092491,0,0
2,49.680000000000,42.978143508276,447,2026-09-04T17:46:43Z,-132923.983135999995,447000,943,5425253.513697760180,1767633.299325233325,3994544.670094396919,4566.061639544387,-248.528135836523,-6174.797004128322,166.770717769760,13.980118897526,1668304.190281927353,6238.560768374118,-9104.199466431130,-149,7167851,-9094.238281250000,9.961185181130,5425254,1767633,3994545,4566062,-248528,-6174797,1668304,6238561,-9104199,0,0
2,49.680000000000,42.978143508276,448,2026-09-04T17:46:44Z,-132922.983135999995,448000,944,5429816.468690437265,1767383.393469170202,3988367.494627344422,4559.657123446414,-251.267407621071,-6179.513968919309,166.877140204547,13.866476771369,1674546.802484852029,6246.488049276693,-9115.768087663344,-149,7167851,-9094.238281250000,21.529806413344,5429816,1767383,3988367,4559657,-251267,-6179514,1674547,6246488,-9115768,0,0
2,49.680000000000,42.978143508276,449,2026-09-04T17:46:45Z,-132921.983135999995,449000,945,5434373.016279587522,1767130.748869193485,3982185.605553301983,4553.246683265570,-254.005507109014,-6184.223759397355,166.982688983366,13.753383814397,1680797.294794293121,6254.320849011454,-9127.198828472567,-150,7167850,-9155.273437500000,-28.074609027433,5434373,1767131,3982186,4553247,-254006,-6184224,1680797,6254321,-9127199,0,0
2,49.680000000000,42.978143508276,450,2026-09-04T17:46:46Z,-132920.983135999995,450000,946,5438923.150543809868,1766875.366699629463,3975999.010049721692,4546.830326678901,-256.742430123040,-6188.926369400178,167.087374628573,13.640835722274,1687055.573354742955,6262.060417328467,-9138.493512672705,-150,7167850,-9155.273437500000,-16.779924827295,5438923,1766875,3975999,4546830,-256742,-6188926,1687056,6262060,-9138494,0,0
2,49.680000000000,42.978143508276,451,2026-09-04T17:46:47Z,-132919.983135999995,451000,947,5443466.865570521913,1766617.248138702707,3969807.715298727155,4540.408061206108,-259.478172020636,-6193.621792775502,167.191207504955,13.528828212196,1693321.545552495867,6269.707985293819,-9149.653936811332,-150,7167850,-9155.273437500000,-5.619500688668,5443467,1766617,3969808,4540408,-259478,-6193622,1693322,6269708,-9149654,0,0
2,49.680000000000,42.978143508276,452,2026-09-04T17:46:48Z,-132918.983135999995,452000,948,5448004.155453101732,1766356.394370013382,3963611.728490441572,4533.979894586082,-262.212728779559,-6198.310023379236,167.294197822321,13.417357023513,1699595.119993898319,6277.264765393908,-9160.681870321883,-150,7167850,-9155.273437500000,5.408432821883,5448004,1766356,3963612,4533980,-262213,-6198310,1699595,6277265,-9160682,0,0
2,49.680000000000,42.978143508276,453,2026-09-04T17:46:49Z,-132917.983135999995,453000,949,5452535.014294127934,1766092.806579354918,3957411.056819961872,4527.545834816010,-264.946097157690,-6202.991055074563,167.396355638303,13.306417918219,1705876.206489568809,6284.731951790714,-9171.579055896187,-150,7167850,-9155.273437500000,16.305618396187,5452535,1766093,3957411,4527546,-264946,-6202991,1705876,6284732,-9171579,0,0
2,49.680000000000,42.978143508276,454,2026-09-04T17:46:50Z,-132916.983135999995,454000,950,5457059.436203022487,1765826.485958536388,3951205.707488823216,4521.105889198225,-267.678271743762,-6207.664881736036,167.497690860791,13.196006681460,1712164.716035427758,6292.110721078945,-9182.347210589396,-150,7167850,-9155.273437500000,27.073773089396,5457059,1765826,3951206,4521106,-267678,-6207665,1712165,6292111,-9182347,0,0
2,49.680000000000,42.978143508276,455,2026-09-04T17:46:51Z,-132915.983135999995,455000,951,5461577.415297253057,1765557.433702143608,3944995.687704887707,4514.660065549833,-270.409248680153,-6212.331497245486,167.598213250597,13.086119122012,1718460.560794522054,6299.402231941013,-9192.988025316479,-151,7167849,-9216.308593750000,-23.320568433521,5461577,1765557,3944996,4514660,-270409,-6212331,1718461,6299402,-9192988,0,0
2,49.680000000000,42.978143508276,456,2026-09-04T17:46:52Z,-132914.983135999995,456000,952,5466088.945701952092,1765285.651010178030,3938781.004681606777,4508.208371688852,-273.139024107877,-6216.990895493382,167.697932423881,12.976751072694,1724763.654080640990,6306.607625665708,-9203.503165609147,-151,7167849,-9216.308593750000,-12.805428140853,5466089,1765286,3938781,4508208,-273139,-6216991,1724764,6306608,-9203503,0,0
2,49.680000000000,42.978143508276,457,2026-09-04T17:46:53Z,-132913.983135999995,457000,953,5470594.021550005302,1765011.139085244853,3932561.665639220271,4501.750815302330,-275.867593709791,-6221.643070378832,167.796857854684,12.867898390809,1731073.910339392256,6313.728026499303,-9213.894272128236,-151,7167849,-9216.308593750000,-2.414321621764,5470594,1765011,3932562,4501751,-275868,-6221643,1731074,6313728,-9213894,0,0
2,49.680000000000,42.978143508276,458,2026-09-04T17:46:54Z,-132912.983135999995,458000,954,5475092.636981644668,1764733.899136450374,3926337.677803565282,4495.287404180090,-278.594953477068,-6226.288015808677,167.894998877225,12.759556958485,1737391.245133042801,6320.764541765537,-9224.162960838801,-151,7167849,-9216.308593750000,7.854367088801,5475093,1764734,3926338,4495287,-278595,-6226288,1737391,6320765,-9224163,0,0
2,49.680000000000,42.978143508276,459,2026-09-04T17:46:55Z,-132911.983135999995,459000,955,5479584.786145281978,1764453.932374252938,3920109.048407233320,4488.818145874575,-281.321098628950,-6230.925725702036,167.992364688436,12.651722683067,1743715.575121758971,6327.718262309438,-9234.310823657808,-151,7167849,-9216.308593750000,18.002229907808,5479585,1764454,3920109,4488818,-281321,-6230926,1743716,6327718,-9234311,0,0
2,49.680000000000,42.978143508276,460,2026-09-04T17:46:56Z,-132910.983135999995,460000,956,5484070.463197306730,1764171.240015788935,3913875.784687396605,4482.343048544863,-284.046026251872,-6235.556193983939,168.088964350130,12.544391497389,1750046.818050169386,6334.590262321602,-9244.339428197694,-151,7167849,-9216.308593750000,28.030834447694,5484070,1764171,3913876,4482343,-284046,-6235556,1750047,6334590,-9244339,0,0
2,49.680000000000,42.978143508276,461,2026-09-04T17:46:57Z,-132909.983135999995,461000,957,5488549.662301215343,1763885.823280444834,3907637.893889140338,4475.862119405974,-286.769730477545,-6240.179414588965,168.184806791397,12.437559360144,1756384.892727060476,6341.381600351837,-9254.250319245619,-152,7167848,-9277.343750000000,-23.093430754381,5488550,1763886,3907638,4475862,-286770,-6240179,1756385,6341382,-9254250,0,0
2,49.680000000000,42.978143508276,462,2026-09-04T17:46:58Z,-132908.983135999995,462000,958,5493022.377628742717,1763597.683393189916,3901395.383262271062,4469.375366737950,-289.492208709817,-6244.795381459880,168.279900810778,12.331222256104,1762729.719013136113,6348.093318585121,-9264.045017706851,-152,7167848,-9277.343750000000,-13.298732293149,5493022,1763598,3901395,4469375,-289492,-6244795,1762730,6348093,-9264045,0,0
2,49.680000000000,42.978143508276,463,2026-09-04T17:46:59Z,-132907.983135999995,463000,959,5497488.603358948603,1763306.821582036326,3895148.260063818656,4462.882798028659,-292.213455863703,-6249.404088549454,168.374255078517,12.225376196414,1769081.217802340630,6354.726443981078,-9273.725022267643,-152,7167848,-9277.343750000000,-3.618727732357,5497489,1763307,3895148,4462883,-292213,-6249404,1769081,6354726,-9273725,0,0
2,49.680000000000,42.978143508276,464,2026-09-04T17:47:00Z,-132906.983135999995,464000,960,5501948.333679637872,1763013.239079799270,3888896.531555201858,4456.384421324401,-294.933468570889,-6254.005529819551,168.467878138706,12.120017218786,1775439.311009529512,6361.281987864893,-9283.291808798242,-152,7167848,-9277.343750000000,5.948058798242,5501948,1763013,3888897,4456384,-294933,-6254006,1775439,6361282,-9283292,0,0
2,49.680000000000,42.978143508276,465,2026-09-04T17:47:01Z,-132905.983135999995,465000,961,5506401.562785238959,1762716.937123095617,3882640.205005690455,4449.880244080305,-297.652241588366,-6258.599699238403,168.560778411394,12.015141387758,1781803.921551492997,6367.760946710210,-9292.746831495397,-152,7167848,-9277.343750000000,15.403081495397,5506402,1762717,3882640,4449880,-297652,-6258600,1781804,6367761,-9292747,0,0
2,49.680000000000,42.978143508276,466,2026-09-04T17:47:02Z,-132904.983135999995,466000,962,5510848.284878768027,1762417.916953180218,3876379.287689267192,4443.370274609151,-300.369772339081,-6263.186590784699,168.652964194691,11.910744794845,1788174.973335296614,6374.164301688696,-9302.091522225035,-152,7167848,-9277.343750000000,24.747772225035,5510848,1762418,3876379,4443370,-300370,-6263187,1788175,6374164,-9302092,0,0
2,49.680000000000,42.978143508276,467,2026-09-04T17:47:03Z,-132903.983135999995,467000,963,5515288.494170505553,1762116.179814965464,3870113.786886932794,4436.854520033194,-303.086054487494,-6267.766198446225,168.744443666813,11.806823558742,1794552.391240957426,6380.493019867376,-9311.327292269565,-153,7167847,-9338.378906250000,-27.051613980435,5515288,1762116,3870114,4436855,-303086,-6267766,1794552,6380493,-9311327,0,0
2,49.680000000000,42.978143508276,468,2026-09-04T17:47:04Z,-132902.983135999995,468000,964,5519722.184879209846,1761811.726957679261,3863843.709884684533,4430.332988888949,-305.801086086831,-6272.338516220316,168.835224888099,11.703373825449,1800936.101109063486,6386.748053225481,-9320.455530893136,-153,7167847,-9338.378906250000,-17.923375356864,5519722,1761812,3863844,4430333,-305801,-6272339,1800936,6386748,-9320456,0,0
2,49.680000000000,42.978143508276,469,2026-09-04T17:47:05Z,-132901.983135999995,469000,965,5524149.351230901666,1761504.559634676902,3857569.063975374214,4423.805688516950,-308.514861432968,-6276.903538110673,168.925315802970,11.600391768440,1807326.029724514112,6392.930340076650,-9329.477607417110,-153,7167847,-9338.378906250000,-8.901298832890,5524149,1761505,3857569,4423806,-308515,-6276904,1807326,6392930,-9329478,0,0
2,49.680000000000,42.978143508276,470,2026-09-04T17:47:06Z,-132900.983135999995,470000,966,5528569.987459824421,1761194.679103296017,3851289.856457337737,4417.272627163584,-311.227377644400,-6281.461258134186,169.014724241886,11.497873588756,1813722.104803761933,6399.040804328915,-9338.394870140131,-153,7167847,-9338.378906250000,0.015963890131,5528570,1761195,3851290,4417273,-311227,-6281461,1813722,6399041,-9338395,0,0
2,49.680000000000,42.978143508276,471,2026-09-04T17:47:07Z,-132899.983135999995,471000,967,5532984.087807754055,1760882.086625319673,3845006.094635221642,4410.733812291255,-313.938629333734,-6286.011670311382,169.103457923222,11.395815515125,1820124.254980159225,6405.080356480193,-9347.208647790882,-153,7167847,-9338.378906250000,8.829741540882,5532984,1760882,3845006,4410734,-313939,-6286012,1820124,6405080,-9347209,0,0
2,49.680000000000,42.978143508276,472,2026-09-04T17:47:08Z,-132898.983135999995,472000,968,5537391.646524672396,1760566.783466671361,3838717.785819158424,4404.189252219112,-316.648613784082,-6290.554768675065,169.191524455162,11.294213804034,1826532.409791089594,6411.049893087186,-9355.920248753037,-153,7167847,-9338.378906250000,17.541342503037,5537392,1760567,3838718,4404189,-316649,-6290555,1826532,6411050,-9355920,0,0
2,49.680000000000,42.978143508276,473,2026-09-04T17:47:09Z,-132897.983135999995,473000,969,5541792.657867981121,1760248.770897397771,3832424.937325904146,4397.638954271315,-319.357325135798,-6295.090547266682,169.278931337516,11.193064739827,1832946.499663325492,6416.950297802820,-9364.530962579232,-153,7167847,-9338.378906250000,26.152056329232,5541793,1760249,3832425,4397639,-319357,-6295091,1832946,6416950,-9364531,0,0
2,49.680000000000,42.978143508276,474,2026-09-04T17:47:10Z,-132896.983135999995,474000,970,5546187.116103474051,1759928.050190724665,3826127.556477848906,4391.082926837953,-322.064760839112,-6299.619000135863,169.365685963566,11.092364634744,1839366.455900654662,6422.782440680902,-9373.042058976331,-154,7167846,-9399.414062500000,-26.372003523669,5546187,1759928,3826128,4391083,-322065,-6299619,1839366,6422782,-9373042,0,0
2,49.680000000000,42.978143508276,475,2026-09-04T17:47:11Z,-132895.983135999995,475000,971,5550575.015504525043,1759604.622625431512,3819825.650603139773,4384.521177563329,-324.770915980707,-6304.140121341334,169.451795621752,10.992109828967,1845792.210671065142,6428.547179172975,-9381.454789260164,-154,7167846,-9399.414062500000,-17.959273239836,5550575,1759605,3819826,4384521,-324771,-6304140,1845792,6428547,-9381455,0,0
2,49.680000000000,42.978143508276,476,2026-09-04T17:47:12Z,-132894.983135999995,476000,972,5554956.350352543406,1759278.489483468700,3813519.227036092896,4377.953714397336,-327.475786598598,-6308.653904951825,169.537267497485,10.892296690663,1852223.696993130725,6434.245357867188,-9389.770385974469,-154,7167846,-9399.414062500000,-9.643676525531,5554956,1759278,3813519,4377954,-327476,-6308654,1852224,6434245,-9389770,0,0
2,49.680000000000,42.978143508276,477,2026-09-04T17:47:13Z,-132893.983135999995,477000,973,5559331.114936819300,1758949.652051537763,3807208.293116699904,4371.380545259854,-330.179368573909,-6313.160345042888,169.622108674805,10.792921615995,1858660.848724109586,6439.877808853677,-9397.990063424089,-154,7167846,-9399.414062500000,-1.423999075911,5559331,1758950,3807208,4371381,-330179,-6313160,1858661,6439878,-9397990,0,0
2,49.680000000000,42.978143508276,478,2026-09-04T17:47:14Z,-132892.983135999995,478000,974,5563699.303554144688,1758618.111619822914,3800892.856191794388,4364.801678218100,-332.881658262295,-6317.659435700534,169.706326138079,10.693981029149,1865103.600546137197,6445.445351820767,-9406.115017815377,-154,7167846,-9399.414062500000,6.700955315377,5563699,1758618,3800893,4364802,-332882,-6317659,1865104,6445445,-9406115,0,0
2,49.680000000000,42.978143508276,479,2026-09-04T17:47:15Z,-132891.983135999995,479000,975,5568060.910510079935,1758283.869483267190,3794572.923612532672,4358.217120758127,-335.582650129027,-6322.151171019868,169.789926773636,10.595471382293,1871551.887956720311,6450.948794582327,-9414.146428025777,-154,7167846,-9399.414062500000,14.732365525777,5568061,1758284,3794573,4358217,-335583,-6322151,1871552,6450949,-9414146,0,0
2,49.680000000000,42.978143508276,480,2026-09-04T17:47:16Z,-132890.983135999995,480000,976,5572415.930117365904,1757946.926940442529,3788248.502737380099,4351.626881263655,-338.282341483591,-6326.635545105546,169.872917371380,10.497389155610,1878005.647253521718,6456.388932618153,-9422.085454933100,-154,7167846,-9399.414062500000,22.671392433100,5572416,1757947,3788249,4351627,-338282,-6326636,1878006,6456389,-9422085,0,0
2,49.680000000000,42.978143508276,481,2026-09-04T17:47:17Z,-132889.983135999995,481000,977,5576764.356696997769,1757607.285294034518,3781919.600930176210,4345.030967539060,-340.980727742135,-6331.112552068589,169.955304626383,10.399730857242,1884464.815524490783,6461.766549914143,-9429.933242641606,-155,7167845,-9460.449218750000,-30.515976108394,5576764,1757607,3781920,4345031,-340981,-6331113,1884465,6461767,-9429933,0,0
2,49.680000000000,42.978143508276,482,2026-09-04T17:47:18Z,-132888.983135999995,482000,978,5581106.184577968903,1757264.945851156488,3775586.225560472347,4338.429387539691,-343.677804798290,-6335.582186033207,170.037095140425,10.302493023266,1890929.330635941122,6467.082418817823,-9437.690918271192,-155,7167845,-9460.449218750000,-22.758300478808,5581106,1757265,3775586,4338429,-343678,-6335582,1890929,6467082,-9437691,0,0
2,49.680000000000,42.978143508276,483,2026-09-04T17:47:19Z,-132887.983135999995,483000,979,5585441.408097267151,1756919.909922872204,3769248.384003683459,4331.822149231812,-346.373568547961,-6340.044441128157,170.118295423532,10.205672217649,1897399.131220800336,6472.337300288887,-9445.359592322993,-155,7167845,-9460.449218750000,-15.089626427007,5585441,1756920,3769248,4331822,-346374,-6340044,1897399,6472337,-9445360,0,0
2,49.680000000000,42.978143508276,484,2026-09-04T17:47:20Z,-132886.983135999995,484000,980,5589770.021599179134,1756572.178824653849,3762906.083641966339,4325.209260542579,-349.068014728573,-6344.499311495383,170.198911895458,10.109265032215,1903874.156666486058,6477.531944102702,-9452.940358976382,-155,7167845,-9460.449218750000,-7.508859773618,5589770,1756572,3762906,4325209,-349068,-6344499,1903874,6477532,-9452940,0,0
2,49.680000000000,42.978143508276,485,2026-09-04T17:47:21Z,-132885.983135999995,485000,981,5594092.019437236711,1756221.753875294700,3756559.331861793995,4318.590729654716,-351.761139875634,-6348.946791282287,170.278950887211,10.013268086543,1910354.347106120782,6482.667088902187,-9460.434296164671,-155,7167845,-9460.449218750000,-0.014922585329,5594092,1756222,3756559,4318591,-351761,-6348947,1910354,6482667,-9460434,0,0
3,69.295000000000,70.902403225433,0,2026-09-06T05:12:34Z,-5372.983136000000,0,982,5891866.184978252277,1760680.818687623832,3574959.865555753000,-3140.045294137053,-2602.139073835133,6330.043875202591,173.535235313577,10.005586836310,2239399.455591729842,-6610.388155273731,9646.823129660779,158,7168158,9643.554687500000,-3.268442160779,5891866,1760681,3574960,-3140045,-2602139,6330044,2239399,-6610388,9646823,0,0
3,69.295000000000,70.902403225433,1,2026-09-06T05:12:35Z,-5371.983136000000,1000,983,5888722.780527521856,1758077.994322522776,3581287.899708346929,-3146.915420315054,-2603.619291898667,6326.071569018950,173.559973873579,10.094764691851,2232790.140550089534,-6608.418604152173,9643.948879182863,158,7168158,9643.554687500000,-0.394191682863,5888723,1758078,3581288,-3146915,-2603619,6326072,2232790,-6608419,9643949,0,0
3,69.295000000000,70.902403225433,2,2026-09-06T05:12:36Z,-5370.983136000000,2000,984,5885572.507506888360,1755473.691579559585,3587611.958226199728,-3153.782430777937,-2605.095679466103,6322.092156819963,173.584858564058,10.184288125308,2226182.807622029446,-6606.423655925655,9641.037565619727,158,7168158,9643.554687500000,2.517121880273,5885573,1755474,3587612,-3153782,-2605096,6322092,2226183,-6606424,9641038,0,0
3,69.295000000000,70.902403225433,3,2026-09-06T05:12:37Z,-5369.983136000000,3000,985,5882415.369035578333,1752867.914288918255,3593932.034004992340,-3160.646317288411,-2606.568235802115,6318.105642616956,173.609890837395,10.274160082032,2219577.482341062743,-6604.403037009733,9638.088789717845,158,7168158,9643.554687500000,5.465897782155,5882415,1752868,3593932,-3160646,-2606568,6318106,2219577,-6604403,9638089,0,0
3,69.295000000000,70.902403225433,4,2026-09-06T05:12:38Z,-5368.983136000000,4000,986,5879251.368240732700,1750260.666282313876,3600248.119944525883,-3167.507071619184,-2608.036960176378,6314.112030429442,173.635072165442,10.364383539021,2212974.190516149160,-6602.356469977941,9635.102146616875,158,7168158,9643.554687500000,8.452540883125,5879251,1750261,3600248,-3167507,-2608037,6314112,2212974,-6602356,9635102,0,0
3,69.295000000000,70.902403225433,5,2026-09-06T05:12:39Z,-5367.983136000000,5000,987,5876080.508257606067,1747651.951392906019,3606560.208948514890,-3174.364686034096,-2609.501850191918,6310.111324281934,173.660404039858,10.454961505312,2206372.958235816564,-6600.283673353821,9632.077225546136,158,7168158,9643.554687500000,11.477461953864,5876081,1747652,3606560,-3174365,-2609502,6310111,2206373,-6600284,9632077,0,0
3,69.295000000000,70.902403225433,6,2026-09-06T05:12:40Z,-5366.983136000000,6000,988,5872902.792229780927,1745041.773454046343,3612868.293924753554,-3181.219152010272,-2610.962906130680,6306.103528209860,173.685887972475,10.545897022385,2199773.811871801503,-6598.184361904619,9629.013610253232,158,7168158,9643.554687500000,14.541077246768,5872903,1745042,3612868,-3181219,-2610963,6306104,2199774,-6598184,9629014,0,0
3,69.295000000000,70.902403225433,7,2026-09-06T05:12:41Z,-5365.983136000000,7000,989,5869718.223308556713,1742430.136301666265,3619172.367785019800,-3188.070461967072,-2612.420125106155,6302.088646252741,173.711525495570,10.637193164561,2193176.778083376586,-6596.058246106338,9625.910878223371,158,7168158,9643.554687500000,17.643809276629,5869718,1742430,3619172,-3188070,-2612420,6302089,2193177,-6596058,9625911,0,0
3,69.295000000000,70.902403225433,8,2026-09-06T05:12:42Z,-5364.983136000000,8000,990,5866526.804653718136,1739817.043771585217,3625472.423445112538,-3194.918607484396,-2613.873507073322,6298.066682460558,173.737318162286,10.728853039416,2186581.883821174502,-6593.905032555093,9622.768601279668,158,7168158,9643.554687500000,20.786086220332,5866527,1739817,3625472,-3194919,-2613874,6298067,2186582,-6593905,9622769,0,0
3,69.295000000000,70.902403225433,9,2026-09-06T05:12:43Z,-5363.983136000000,9000,991,5863328.539432694204,1737202.499702148372,3631768.453824930359,-3201.763580686929,-2615.323050161123,6294.037640890110,173.763267546912,10.820879788199,2179989.156331451144,-6591.724423532293,9619.586344948604,158,7168158,9643.554687500000,23.968342551396,5863329,1737202,3631768,-3201764,-2615323,6294038,2179989,-6591724,9619586,0,0
3,69.295000000000,70.902403225433,10,2026-09-06T05:12:44Z,-5362.983136000000,10000,992,5860123.430821334943,1734586.507931544678,3638060.451848518569,-3208.605373167302,-2616.768754332952,6290.001525604112,173.789375245319,10.913276586251,2173398.623160051648,-6589.516117226589,9616.363668783932,158,7168158,9643.554687500000,27.191018716068,5860123,1734587,3638060,-3208605,-2616769,6290002,2173399,-6589516,9616364,0,0
3,69.295000000000,70.902403225433,11,2026-09-06T05:12:45Z,-5361.983136000000,11000,993,5856911.482003293931,1731969.072300373809,3644348.410443856381,-3215.443977297582,-2618.210616892611,6285.958340675279,173.815642875257,11.006046643431,2166810.312157111708,-6587.279807304421,9613.100125739937,158,7168158,9643.554687500000,30.454561760063,5856911,1731969,3644348,-3215444,-2618211,6285958,2166810,-6587280,9613100,0,0
3,69.295000000000,70.902403225433,12,2026-09-06T05:12:46Z,-5360.983136000000,12000,994,5853692.696170427836,1729350.196649737190,3650632.322543070186,-3222.279384674039,-2619.648637815317,6281.908090180877,173.842072076779,11.099193204550,2160224.251481021754,-6585.015183265617,9609.795262690388,157,7168157,9582.519531250000,-27.275731440388,5853693,1729350,3650632,-3222279,-2619649,6281908,2160224,-6585015,9609795,0,0
3,69.295000000000,70.902403225433,13,2026-09-06T05:12:47Z,-5359.983136000000,13000,995,5850467.076522652060,1726729.884822110645,3656912.181082309689,-3229.111587677835,-2621.082814415786,6277.850778209995,173.868664512608,11.192719549808,2153640.469603068661,-6582.721929952309,9606.448619711891,157,7168157,9582.519531250000,-23.929088461891,5850467,1726730,3656912,-3229112,-2621083,6277851,2153640,-6582722,9606449,0,0
3,69.295000000000,70.902403225433,14,2026-09-06T05:12:48Z,-5358.983136000000,14000,996,5847234.626267906278,1724108.140661341138,3663187.979001775384,-3235.940577657857,-2622.513147509835,6273.786408853994,173.895421868519,11.286628995238,2147058.995311890729,-6580.399727944638,9603.059730661333,157,7168157,9582.519531250000,-20.540199411333,5847235,1724108,3663188,-3235941,-2622513,6273786,2147059,-6580400,9603060,0,0
3,69.295000000000,70.902403225433,15,2026-09-06T05:12:49Z,-5357.983136000000,15000,997,5843995.348622293212,1721484.968011923367,3669459.709245845675,-3242.766346959797,-2623.939634589306,6269.714986218332,173.922345853766,11.380924893159,2140479.857717864681,-6578.048252982023,9599.628122331333,157,7168157,9582.519531250000,-17.108591081333,5843995,1721485,3669460,-3242766,-2623940,6269715,2140480,-6578048,9599628,0,0
3,69.295000000000,70.902403225433,16,2026-09-06T05:12:50Z,-5356.983136000000,16000,998,5840749.246809951961,1718860.370719516650,3675727.364763046149,-3249.588887326354,-2625.362275148291,6265.636514408925,173.949438201470,11.475610632629,2133903.086257828865,-6575.667176263854,9596.153314889050,157,7168157,9582.519531250000,-13.633783639050,5840749,1718860,3675727,-3249589,-2625362,6265637,2133903,-6575667,9596153,0,0
3,69.295000000000,70.902403225433,17,2026-09-06T05:12:51Z,-5355.983136000000,17000,999,5837496.324062672444,1716234.352632468333,3681990.938505918719,-3256.408191052287,-2626.781066858484,6261.550997544418,173.976700668991,11.570689639905,2127328.710700033233,-6573.256164112286,9592.634821384083,157,7168157,9582.519531250000,-10.115290134083,5837496,1716234,3681991,-3256408,-2626781,6261551,2127329,-6573256,9592635,0,0
3,69.295000000000,70.902403225433,18,2026-09-06T05:12:52Z,-5354.983136000000,18000,1000,5834236.583620904945,1713606.917598116677,3688250.423431196716,-3263.224249555606,-2628.196010383363,6257.458439748007,174.004135038462,11.666165378915,2120756.761148508638,-6570.814878238929,9589.072148137668,157,7168157,9582.519531250000,-6.552616887668,5834237,1713607,3688250,-3263224,-2628196,6257458,2120757,-6570815,9589072,0,0
3,69.295000000000,70.902403225433,19,2026-09-06T05:12:53Z,-5353.983136000000,19000,1001,5830970.028732699342,1710978.069466648391,3694505.812499640509,-3270.037055322064,-2629.607102744103,6253.358845152889,174.031743117112,11.762041351730,2114187.268048379105,-6568.342975167529,9585.464793900166,157,7168157,9582.519531250000,-2.945262650166,5830970,1710978,3694506,-3270037,-2629607,6253359,2114187,-6568343,9585465,0,0
3,69.295000000000,70.902403225433,20,2026-09-06T05:12:54Z,-5352.983136000000,20000,1002,5827696.662654513493,1708347.812088249950,3700757.098676124122,-3276.846600023418,-2631.014343782908,6249.252217897720,174.059526737784,11.858321099042,2107620.262190538924,-6565.840106646315,9581.812250452820,157,7168157,9582.519531250000,0.707280797180,5827697,1708348,3700757,-3276847,-2631014,6249252,2107620,-6565840,9581812,0,0
3,69.295000000000,70.902403225433,21,2026-09-06T05:12:55Z,-5351.983136000000,21000,1003,5824416.488650536165,1705716.149314854760,3707004.274929859210,-3283.652875567896,-2632.417732519116,6245.138562128432,174.087487759343,11.955008200655,2101055.774716584943,-6563.305919277265,9578.114002066735,157,7168157,9582.519531250000,4.405529183265,5824416,1705716,3707004,-3283653,-2632418,6245139,2101056,-6563306,9578114,0,0
3,69.295000000000,70.902403225433,22,2026-09-06T05:12:56Z,-5350.983136000000,22000,1004,5821129.509993189946,1703083.084999267478,3713247.334234042093,-3290.455874061990,-2633.817267316317,6241.017882002780,174.115628067160,12.052106275975,2094493.837124246173,-6560.740054456674,9574.369525416128,157,7168157,9582.519531250000,8.150005833872,5821130,1703083,3713247,-3290456,-2633817,6241018,2094494,-6560740,9574370,0,0
3,69.295000000000,70.902403225433,23,2026-09-06T05:12:57Z,-5349.983136000000,23000,1005,5817835.729962761514,1700448.622995911632,3719486.269566067960,-3297.255587424843,-2635.212947202490,6236.890181678973,174.143949573563,12.149618984507,2087934.481272428064,-6558.142148381791,9570.578289588038,157,7168157,9582.519531250000,11.941241661962,5817836,1700449,3719486,-3297256,-2635213,6236890,2087934,-6558142,9570578,0,0
3,69.295000000000,70.902403225433,24,2026-09-06T05:12:58Z,-5348.983136000000,24000,1006,5814535.151847696863,1697812.767160030548,3725721.073907446582,-3304.052007529208,-2636.604771378870,6232.755465328864,174.172454218339,12.247550026365,2081377.739386537345,-6555.511831929686,9566.739755905526,157,7168157,9582.519531250000,15.779775344474,5814535,1697813,3725721,-3304052,-2636605,6232755,2081378,-6555512,9566740,0,0
3,69.295000000000,70.902403225433,25,2026-09-06T05:12:59Z,-5347.983136000000,25000,1007,5811227.778944475576,1695175.521347408649,3731951.740244124085,-3310.845126681670,-2637.992737562172,6228.613737127944,174.201143969236,12.345903142786,2074823.644063528161,-6552.848730439588,9562.853377610052,157,7168157,9582.519531250000,19.666153639948,5811228,1695176,3731952,-3310845,-2637993,6228614,2074824,-6552849,9562853,0,0
3,69.295000000000,70.902403225433,26,2026-09-06T05:13:00Z,-5346.983136000000,26000,1008,5807913.614557573572,1692536.889416314429,3738178.261565655470,-3317.634936371178,-2639.376846283767,6224.465001262161,174.230020822410,12.444682116633,2068272.228278353345,-6550.152463941179,9558.918600194625,157,7168157,9582.519531250000,23.600931055375,5807914,1692537,3738178,-3317635,-2639377,6224465,2068272,-6550152,9558919,0,0
3,69.295000000000,70.902403225433,27,2026-09-06T05:13:01Z,-5345.983136000000,27000,1009,5804592.661999577656,1689896.875224613119,3744400.630866353866,-3324.421429009817,-2640.757094941819,6220.309261923376,174.259086803016,12.543890772945,2061723.525388170965,-6547.422646631259,9554.934860640076,157,7168157,9582.519531250000,27.584670609924,5804593,1689897,3744401,-3324421,-2640757,6220309,2061724,-6547423,9554935,0,0
3,69.295000000000,70.902403225433,28,2026-09-06T05:13:02Z,-5344.983136000000,28000,1010,5801264.924590943381,1687255.482632362982,3750618.841144460253,-3331.204596194766,-2642.133483745511,6216.146523310726,174.288343965663,12.643532979449,2055177.569139019819,-6544.658887206579,9550.901587900780,156,7168156,9521.484375000000,-29.417212900780,5801265,1687255,3750619,-3331205,-2642133,6216147,2055178,-6544659,9550902,0,0
3,69.295000000000,70.902403225433,29,2026-09-06T05:13:03Z,-5343.983136000000,29000,1011,5797930.405660199001,1684612.715500570834,3756832.885402418673,-3337.984430285360,-2643.506010271267,6211.976789631535,174.317794394981,12.743612647106,2048634.393671222730,-6541.860788369861,9546.818202183773,156,7168156,9521.484375000000,-25.333827183773,5797930,1684613,3756833,-3337984,-2643506,6211977,2048634,-6541861,9546818,0,0
3,69.295000000000,70.902403225433,30,2026-09-06T05:13:04Z,-5342.983136000000,30000,1012,5794589.108543922193,1681968.577690969221,3763042.756647004746,-3344.760922885143,-2644.874674736911,6207.800065100855,174.347440206178,12.844133730661,2042094.033525092993,-6539.027947121162,9542.684115373939,156,7168156,9521.484375000000,-21.199740373939,5794589,1681969,3763043,-3344761,-2644875,6207800,2042094,-6539028,9542684,0,0
3,69.295000000000,70.902403225433,31,2026-09-06T05:13:05Z,-5341.983136000000,31000,1013,5791241.036586655304,1679323.073066754267,3769248.447889128234,-3351.534066313434,-2646.239474893264,6203.616353939196,174.377283545574,12.945100229188,2035556.523647140712,-6536.159954283979,9538.498730342444,156,7168156,9521.484375000000,-17.014355342444,5791241,1679323,3769248,-3351534,-2646239,6203616,2035557,-6536160,9538499,0,0
3,69.295000000000,70.902403225433,32,2026-09-06T05:13:06Z,-5340.983136000000,32000,1014,5787886.193141113967,1676676.205491730478,3775449.952143885661,-3358.303852369318,-2647.600410308314,6199.425660377983,174.407326591203,13.046516186653,2029021.899396011373,-6533.256394715836,9534.261441254062,156,7168156,9521.484375000000,-12.777066254062,5787886,1676676,3775450,-3358304,-2647600,6199426,2029022,-6533256,9534261,0,0
3,69.295000000000,70.902403225433,33,2026-09-06T05:13:07Z,-5339.983136000000,33000,1015,5784524.581567885354,1674027.978831291432,3781647.262430597097,-3365.070273094716,-2648.957479732644,6195.227988653642,174.437571553360,13.148385692482,2022490.196548677748,-6530.316847015025,9529.971633139194,156,7168156,9521.484375000000,-8.487258139194,5784525,1674028,3781647,-3365070,-2648957,6195228,2022490,-6530317,9529972,0,0
3,69.295000000000,70.902403225433,34,2026-09-06T05:13:08Z,-5338.983136000000,34000,1016,5781156.205235621892,1671378.396951554809,3787840.371772902552,-3371.833320484257,-2650.310682087820,6191.023343011238,174.468020675229,13.250712882131,2015961.451306548668,-6527.340883483404,9525.628681839586,156,7168156,9521.484375000000,-4.144306839586,5781156,1671378,3787840,-3371833,-2650311,6191023,2015961,-6527341,9525629,0,0
3,69.295000000000,70.902403225433,35,2026-09-06T05:13:09Z,-5337.983136000000,35000,1017,5777781.067520917393,1668727.463720066706,3794029.273198622279,-3378.592986532567,-2651.660016297001,6186.811727701297,174.498676233472,13.353501937672,2009435.700302017853,-6524.328070004695,9521.231953830720,156,7168156,9521.484375000000,0.252421169280,5777781,1668727,3794029,-3378593,-2651660,6186812,2009436,-6524328,9521232,0,0
3,69.295000000000,70.902403225433,36,2026-09-06T05:13:10Z,-5336.983136000000,36000,1018,5774399.171808266081,1666075.183005583705,3800213.959739923943,-3385.349263193348,-2653.005481453874,6182.593146983891,174.529540538854,13.456757088377,2002912.980604759650,-6521.277965954841,9516.780806091003,156,7168156,9521.484375000000,4.703568908997,5774399,1666075,3800214,-3385349,-2653005,6182593,2002913,-6521278,9516781,0,0
3,69.295000000000,70.902403225433,37,2026-09-06T05:13:11Z,-5335.983136000000,37000,1019,5771010.521490472369,1663421.558676953893,3806394.424433188047,-3392.102142615840,-2654.347076002068,6178.367605127733,174.560615936919,13.560482611316,1996393.329728374025,-6518.190124033519,9512.274585855874,156,7168156,9521.484375000000,9.209789144126,5771011,1663422,3806394,-3392102,-2654347,6178368,1996393,-6518190,9512275,0,0
3,69.295000000000,70.902403225433,38,2026-09-06T05:13:12Z,-5334.983136000000,38000,1020,5767615.119968011975,1660766.594605440041,3812570.660318993032,-3398.851616609136,-2655.684799538449,6174.135106404265,174.591904808572,13.664682831956,1989876.785637276480,-6515.064090259515,9507.712630611066,156,7168156,9521.484375000000,13.771744388934,5767615,1660767,3812571,-3398852,-2655685,6174135,1989877,-6515064,9507713,0,0
3,69.295000000000,70.902403225433,39,2026-09-06T05:13:13Z,-5333.983136000000,39000,1021,5764212.970649704337,1658110.294662028085,3818742.660442218184,-3405.597677421611,-2657.018650187638,6169.895655099026,174.623409570821,13.769362124774,1983363.386753194500,-6511.899403699258,9503.094267696439,156,7168156,9521.484375000000,18.390107303561,5764213,1658110,3818743,-3405598,-2657019,6169896,1983363,-6511899,9503094,0,0
3,69.295000000000,70.902403225433,40,2026-09-06T05:13:14Z,-5332.983136000000,40000,1022,5760804.076952048577,1655452.662719731918,3824910.417852082290,-3412.340316737755,-2658.348628047634,6165.649255499829,174.655132677394,13.874524913876,1976853.171962233493,-6508.695596568744,9498.418814454717,156,7168156,9521.484375000000,23.065560545283,5760804,1655453,3824910,-3412340,-2658349,6165649,1976853,-6508696,9498419,0,0
3,69.295000000000,70.902403225433,41,2026-09-06T05:13:15Z,-5331.983136000000,41000,1023,5757388.442299619317,1652793.702652466716,3831073.925602032337,-3419.079526988753,-2659.674730600045,6161.395911903128,174.687076619468,13.980175673618,1970346.180621961597,-6505.452193799817,9493.685577598553,156,7168156,9521.484375000000,27.798797401447,5757388,1652794,3831074,-3419080,-2659675,6161396,1970346,-6505452,9493686,0,0
3,69.295000000000,70.902403225433,42,2026-09-06T05:13:16Z,-5330.983136000000,42000,1024,5753966.070124858990,1650133.418335313909,3837233.176749926992,-3425.815299725400,-2660.996958442183,6157.135628613560,174.719243926373,14.086318929243,1963842.452568399487,-6502.168713318072,9488.893853616079,155,7168155,9460.449218750000,-28.444634866079,5753966,1650133,3837233,-3425815,-2660997,6157136,1963842,-6502169,9488894,0,0
3,69.295000000000,70.902403225433,43,2026-09-06T05:13:17Z,-5329.983136000000,43000,1025,5750536.963868691586,1647471.813642962370,3843388.164357821923,-3432.547627297026,-2662.315309392170,6152.868409943039,174.751637166368,14.192959257517,1957342.028123450000,-6498.844665513077,9484.042927997780,155,7168155,9460.449218750000,-23.593709247780,5750537,1647472,3843388,-3432548,-2662315,6152868,1957342,-6498845,9484043,0,0
3,69.295000000000,70.902403225433,44,2026-09-06T05:13:18Z,-5328.983136000000,44000,1026,5747101.126979383640,1644808.892453057459,3849538.881492185872,-3439.276501580025,-2663.629782914768,6148.594260210757,174.784258947285,14.300101287381,1950844.948102287250,-6495.479553406915,9479.132075482450,155,7168155,9460.449218750000,-18.682856732450,5747101,1644809,3849539,-3439277,-2663630,6148594,1950845,-6495480,9479132,0,0
3,69.295000000000,70.902403225433,45,2026-09-06T05:13:19Z,-5327.983136000000,45000,1027,5743658.562913603149,1642144.658643377945,3855685.321223583538,-3446.001914750013,-2664.940377492940,6144.313183744543,174.817111917381,14.407749700598,1944351.253821068211,-6492.072872366328,9474.160559637123,155,7168155,9460.449218750000,-13.711340887123,5743659,1642145,3855685,-3446002,-2664940,6144313,1944351,-6492073,9474161,0,0
3,69.295000000000,70.902403225433,46,2026-09-06T05:13:20Z,-5326.983136000000,46000,1028,5740209.275135803968,1639479.116092798300,3861827.476627142169,-3452.723858729769,-2666.247092435015,6140.025184876777,174.850198766081,14.515909232429,1937860.987104173983,-6488.624110059254,9469.127632793630,155,7168155,9460.449218750000,-8.678414043630,5740209,1639479,3861827,-3452724,-2666247,6140025,1937861,-6488624,9469128,0,0
3,69.295000000000,70.902403225433,47,2026-09-06T05:13:21Z,-5325.983136000000,47000,1029,5736753.267118578777,1636812.268680933164,3867965.340782204177,-3459.442325417513,-2667.549927216896,6135.730267950748,174.883522224795,14.624584672293,1931374.190292364452,-6485.132746313401,9464.032535842221,155,7168155,9460.449218750000,-3.583317092221,5736753,1636812,3867965,-3459442,-2667550,6135730,1931374,-6485133,9464033,0,0
3,69.295000000000,70.902403225433,48,2026-09-06T05:13:22Z,-5324.983136000000,48000,1030,5733290.542342088185,1634144.120289500570,3874098.906772580929,-3466.157307169851,-2668.848879688085,6131.428437315208,174.917085067687,14.733780864451,1924890.906250538304,-6481.598252840112,9458.874497828592,155,7168155,9460.449218750000,1.574720921408,5733291,1634144,3874099,-3466157,-2668849,6131428,1924891,-6481598,9458874,0,0
3,69.295000000000,70.902403225433,49,2026-09-06T05:13:23Z,-5323.983136000000,49000,1031,5729821.104294996709,1631474.674799648114,3880228.167686305474,-3472.868795605791,-2670.143950309011,6127.119697326179,174.950890112596,14.843502708692,1918411.178375900723,-6478.020093376525,9453.652736161326,155,7168155,9460.449218750000,6.796482588674,5729821,1631475,3880228,-3472869,-2670144,6127120,1918411,-6478020,9453653,0,0
3,69.295000000000,70.902403225433,50,2026-09-06T05:13:24Z,-5322.983136000000,50000,1032,5726344.956473472528,1628803.936094955541,3886353.116615855601,-3479.576783231096,-2671.435136454875,6122.804052347874,174.984940221798,14.953755161025,1911935.050606150646,-6474.397723184484,9448.366455880659,155,7168155,9460.449218750000,12.082762869341,5726345,1628804,3886353,-3479577,-2671435,6122804,1911935,-6474398,9448366,0,0
3,69.295000000000,70.902403225433,51,2026-09-06T05:13:25Z,-5321.983136000000,51000,1033,5722862.102382051758,1626131.908058729256,3892473.746658002026,-3486.281261761178,-2672.722438270966,6118.481506752232,175.019238302966,15.064543234383,1905462.567427820060,-6470.730589268402,9443.014849976398,155,7168155,9460.449218750000,17.434368773602,5722862,1626132,3892474,-3486281,-2672722,6118482,1905463,-6470731,9443015,0,0
3,69.295000000000,70.902403225433,52,2026-09-06T05:13:26Z,-5320.983136000000,52000,1034,5719372.545532871969,1623458.594576579751,3898590.050913864747,-3492.982223332547,-2674.005854442385,6114.152064917562,175.053787309986,15.175871999331,1898993.773884888738,-6467.018129968092,9437.597098793727,155,7168155,9460.449218750000,22.852119956273,5719373,1623459,3898590,-3492982,-2674006,6114152,1898994,-6467018,9437597,0,0
3,69.295000000000,70.902403225433,53,2026-09-06T05:13:27Z,-5319.983136000000,53000,1035,5715876.289446353912,1620783.999533772469,3904702.022489000577,-3499.679660041693,-2675.285383824303,6109.815731230356,175.088590243954,15.287746584786,1892528.715587176150,-6463.259774914563,9432.112369968698,155,7168155,9460.449218750000,28.336848781302,5715876,1620784,3904702,-3499680,-2675285,6109816,1892529,-6463260,9432112,0,0
3,69.295000000000,70.902403225433,54,2026-09-06T05:13:28Z,-5318.983136000000,54000,1036,5712373.337650522590,1618108.126817675307,3910809.654493435752,-3506.373563799571,-2676.561025924229,6105.472510083473,175.123650154039,15.400172178745,1886067.438719295897,-6459.454944900202,9426.559818238786,154,7168154,9399.414062500000,-27.145755738786,5712373,1618108,3910810,-3506374,-2676561,6105473,1886067,-6459455,9426560,0,0
3,69.295000000000,70.902403225433,55,2026-09-06T05:13:29Z,-5317.983136000000,55000,1037,5708863.693681585602,1615430.980316022411,3916912.940041464753,-3513.063926802715,-2677.832779282653,6101.122405880233,175.158970138502,15.513154029012,1879609.990049670450,-6455.603051635645,9420.938585088070,154,7168154,9399.414062500000,-21.524522588070,5708864,1615431,3916913,-3513064,-2677833,6101122,1879610,-6455603,9420939,0,0
3,69.295000000000,70.902403225433,56,2026-09-06T05:13:30Z,-5316.983136000000,56000,1038,5705347.361083616503,1612752.563917650143,3923011.872251878027,-3519.750741010284,-2679.100643255424,6096.765423027591,175.194553345655,15.626697443946,1873156.416939499555,-6451.703497683647,9415.247798650744,154,7168154,9399.414062500000,-15.833736150744,5705347,1612753,3923012,-3519751,-2679101,6096765,1873156,-6451703,9415248,0,0
3,69.295000000000,70.902403225433,57,2026-09-06T05:13:31Z,-5315.983136000000,57000,1039,5701824.343408674933,1610072.881512403022,3929106.444247774780,-3526.433998575158,-2680.364616554698,6092.401565940690,175.230402974872,15.740807793205,1866706.767352188472,-6447.755676227166,9409.486573372655,154,7168154,9399.414062500000,-10.072510872655,5701824,1610073,3929106,-3526434,-2680365,6092402,1866707,-6447756,9409487,0,0
3,69.295000000000,70.902403225433,58,2026-09-06T05:13:32Z,-5314.983136000000,58000,1040,5698294.644216760062,1607391.936991073191,3935196.649156688247,-3533.113691608378,-2681.624698061569,6088.030839046041,175.266522277622,15.855490508508,1860261.089862672379,-6443.758970952129,9403.654009840222,154,7168154,9399.414062500000,-4.239947340222,5698295,1607392,3935197,-3533114,-2681625,6088031,1860261,-6443759,9403654,0,0
3,69.295000000000,70.902403225433,59,2026-09-06T05:13:33Z,-5313.983136000000,59000,1041,5694758.267075887881,1604709.734245085390,3941282.480110596865,-3539.789811898117,-2682.880887792862,6083.653246771519,175.302914558541,15.970751084397,1853819.433666983154,-6439.712755925336,9397.749194602269,154,7168154,9399.414062500000,1.664867897731,5694758,1604710,3941282,-3539790,-2682881,6083653,1853819,-6439713,9397749,0,0
3,69.295000000000,70.902403225433,60,2026-09-06T05:13:34Z,-5312.983136000000,60000,1042,5691215.215561619028,1602026.277167902794,3947363.930246029515,-3546.462351875562,-2684.133183507811,6079.268793556821,175.339583176459,16.086595079012,1847381.848591991235,-6435.616395237721,9391.771199649402,154,7168154,9399.414062500000,7.642862850598,5691215,1602026,3947364,-3546462,-2684133,6079269,1847382,-6435616,9391771,0,0
3,69.295000000000,70.902403225433,61,2026-09-06T05:13:35Z,-5311.983136000000,61000,1043,5687665.493257992901,1599341.569652374601,3953440.992703794502,-3553.131303255213,-2685.381585557252,6074.877483846194,175.376531545610,16.203028114873,1840948.385105465539,-6431.469243118759,9385.719082580979,154,7168154,9399.414062500000,13.694979919021,5687665,1599342,3953441,-3553131,-2685382,6074877,1840948,-6431469,9385719,0,0
3,69.295000000000,70.902403225433,62,2026-09-06T05:13:36Z,-5310.983136000000,62000,1044,5684109.103756569326,1596655.615593747236,3959513.660629170015,-3559.796658379128,-2686.626092033066,6070.479322095252,175.413763136658,16.320055879661,1834519.094326187391,-6427.270643462516,9379.591885913456,154,7168154,9399.414062500000,19.822176586544,5684109,1596656,3959514,-3559797,-2686626,6070479,1834519,-6427271,9379592,0,0
3,69.295000000000,70.902403225433,63,2026-09-06T05:13:37Z,-5309.983136000000,63000,1045,5680546.050656983629,1593968.418886969332,3965581.927172128577,-3566.458409325605,-2687.866702001884,6066.074312762339,175.451281477953,16.437684127029,1828094.028033816023,-6423.019929848646,9373.388637111020,154,7168154,9399.414062500000,26.025425388980,5680546,1593968,3965582,-3566458,-2687867,6066074,1828094,-6423020,9373389,0,0
3,69.295000000000,70.902403225433,64,2026-09-06T05:13:38Z,-5308.983136000000,64000,1046,5676976.337566901930,1591279.983428933192,3971645.785486572422,-3573.116547946483,-2689.103415345244,6061.662460315802,175.489090156656,16.555918677384,1821673.238680314273,-6418.716425346716,9367.108348300037,153,7168153,9338.378906250000,-28.729442050037,5676976,1591280,3971646,-3573117,-2689103,6061662,1821673,-6418716,9367108,0,0
3,69.295000000000,70.902403225433,65,2026-09-06T05:13:39Z,-5307.983136000000,65000,1047,5673399.968101834878,1588590.313116461970,3977705.228731395211,-3579.771066507419,-2690.336230493358,6057.243769230354,175.527192820021,16.674765418723,1815256.779399398714,-6414.359442201620,9360.750015809966,153,7168153,9338.378906250000,-22.371109559966,5673400,1588590,3977705,-3579771,-2690336,6057244,1815257,-6414359,9360750,0,0
3,69.295000000000,70.902403225433,66,2026-09-06T05:13:40Z,-5306.983136000000,66000,1048,5669816.945885090157,1585899.411848181160,3983760.250069739763,-3586.421957050334,-2691.565146692255,6052.818243989805,175.565593176588,16.794230307436,1808844.704018208664,-6409.948281776115,9354.312620089497,153,7168153,9338.378906250000,-15.933713839497,5669817,1585899,3983760,-3586422,-2691565,6052818,1808845,-6409948,9354313,0,0
3,69.295000000000,70.902403225433,67,2026-09-06T05:13:41Z,-5305.983136000000,67000,1049,5666227.274547939189,1583207.283523469465,3989810.842669257894,-3593.069211665352,-2692.790163028803,6048.385889082510,175.604294997503,16.914319369137,1802437.067068063188,-6405.482234298398,9347.795125338174,153,7168153,9338.378906250000,-9.416219088174,5666227,1583207,3989811,-3593069,-2692790,6048386,1802437,-6405482,9347795,0,0
3,69.295000000000,70.902403225433,68,2026-09-06T05:13:42Z,-5304.983136000000,68000,1050,5662630.957729673013,1580513.932042297209,3995856.999702069443,-3599.712822397123,-2694.011278756307,6043.946709008196,175.643302117839,17.035038699497,1796033.923795707058,-6400.960578684909,9341.196479247812,153,7168153,9338.378906250000,-2.817572997812,5662631,1580514,3995857,-3599713,-2694011,6043947,1796034,-6400961,9341196,0,0
3,69.295000000000,70.902403225433,69,2026-09-06T05:13:43Z,-5303.983136000000,69000,1051,5659027.999077257700,1577819.361305972794,4001898.714344933629,-3606.352781476744,-2695.228492491651,6039.500708269770,175.682618437921,17.156394465090,1789635.330174587900,-6396.382582300782,9334.515612652911,153,7168153,9338.378906250000,3.863293597089,5659028,1577819,4001899,-3606353,-2695228,6039501,1789635,-6396383,9334516,0,0
3,69.295000000000,70.902403225433,70,2026-09-06T05:13:44Z,-5302.983136000000,70000,1052,5655418.402245990001,1575123.575215646531,4007935.979778937995,-3612.989080913394,-2696.441803658672,6035.047891380145,175.722247924761,17.278392904235,1783241.342916737776,-6391.747500832966,9327.751439345489,153,7168153,9338.378906250000,10.627466904511,5655418,1575124,4007936,-3612989,-2696442,6035048,1783241,-6391748,9327751,0,0
3,69.295000000000,70.902403225433,71,2026-09-06T05:13:45Z,-5301.983136000000,71000,1053,5651802.170898622833,1572426.577674969099,4013968.789189700503,-3619.621712673506,-2697.651211846733,6030.588262858601,175.762194613385,17.401040327852,1776852.019484549295,-6387.054578047284,9320.902855720562,153,7168153,9338.378906250000,17.476050529438,5651802,1572427,4013969,-3619622,-2697651,6030588,1776852,-6387055,9320903,0,0
3,69.295000000000,70.902403225433,72,2026-09-06T05:13:46Z,-5300.983136000000,72000,1054,5648179.308706174605,1569728.372586831916,4019997.135767465457,-3626.250669173714,-2698.856715046304,6026.121827232146,175.802462608398,17.524343120330,1770467.418102515396,-6382.303045484896,9313.968740333161,153,7168153,9338.378906250000,24.410165916839,5648179,1569728,4019997,-3626251,-2698857,6026122,1770467,-6382303,9313969,0,0
3,69.295000000000,70.902403225433,73,2026-09-06T05:13:47Z,-5299.983136000000,73000,1055,5644549.819347182289,1567028.963856654242,4026021.012706900015,-3632.875942164901,-2700.058313659383,6021.648589034612,175.843056085367,17.648307740389,1764087.597769887652,-6377.492122462745,9306.947953898996,152,7168152,9277.343750000000,-29.604203898996,5644550,1567029,4026021,-3632876,-2700058,6021649,1764088,-6377492,9306948,0,0
3,69.295000000000,70.902403225433,74,2026-09-06T05:13:48Z,-5298.983136000000,74000,1056,5640913.706508303992,1564328.355389565695,4032040.413207345642,-3639.497524118269,-2701.256005526602,6017.168552807561,175.883979292443,17.772940721963,1757712.618272735737,-6372.621015594104,9299.839338594771,152,7168152,9277.343750000000,-22.495588594771,5640914,1564328,4032040,-3639498,-2701256,6017169,1757713,-6372621,9299839,0,0
3,69.295000000000,70.902403225433,75,2026-09-06T05:13:49Z,-5297.983136000000,75000,1057,5637270.973884005100,1561626.551092081238,4038055.330472601112,-3646.115406785611,-2702.449791058825,6012.681723101196,175.925236551878,17.898248675076,1751342.540196944959,-6367.688918824083,9292.641718109988,152,7168152,9277.343750000000,-15.297968109988,5637271,1561627,4038055,-3646115,-2702450,6012682,1751343,-6367689,9292642,0,0
3,69.295000000000,70.902403225433,76,2026-09-06T05:13:50Z,-5296.983136000000,76000,1058,5633621.625176806003,1558923.554871124215,4044065.757710979320,-3652.729582594475,-2703.639668268579,6008.188104471174,175.966832261666,18.024238286732,1744977.424941035919,-6362.695012958384,9285.353896959252,152,7168152,9277.343750000000,-8.010146959252,5633622,1558924,4044066,-3652730,-2703640,6008188,1744977,-6362695,9285354,0,0
3,69.295000000000,70.902403225433,77,2026-09-06T05:13:51Z,-5295.983136000000,77000,1059,5629965.664096960798,1556219.370634955587,4050071.688135338016,-3659.340043492193,-2704.825636934629,6003.687701479976,176.008770897165,18.150916321807,1738617.334729285678,-6357.638465647616,9277.974660459377,152,7168152,9277.343750000000,-0.630910459377,5629966,1556219,4050072,-3659340,-2704826,6003688,1738617,-6357638,9277975,0,0
3,69.295000000000,70.902403225433,78,2026-09-06T05:13:52Z,-5294.983136000000,78000,1060,5626303.094362697564,1553514.002292193007,4056073.114963193890,-3665.946781639832,-2706.007696041297,5999.180518700541,176.051057012823,18.278289623956,1732262.332624978386,-6352.518431008796,9270.502774177023,152,7168152,9277.343750000000,6.840975822977,5626303,1553514,4056073,-3665947,-2706008,5999181,1732262,-6352518,9270503,0,0
3,69.295000000000,70.902403225433,79,2026-09-06T05:13:53Z,-5293.983136000000,79000,1061,5622633.919699910097,1550807.453753299778,4062070.031416554470,-3672.549789078403,-2707.185845056983,5994.666560710812,176.093695243869,18.406365116512,1725912.482544247294,-6347.334049468188,9262.936983699345,152,7168152,9277.343750000000,14.406766300655,5622634,1550807,4062070,-3672550,-2707186,5994667,1725912,-6347334,9262937,0,0
3,69.295000000000,70.902403225433,80,2026-09-06T05:13:54Z,-5292.983136000000,80000,1062,5618958.143842579797,1548099.728928415570,4068062.430722124875,-3679.149058247276,-2708.360082018089,5990.145832095095,176.136690308172,18.535149803401,1719567.849269579863,-6342.084447414610,9255.276014128052,152,7168152,9277.343750000000,22.067735871948,5618958,1548100,4068062,-3679149,-2708360,5990146,1719568,-6342084,9255276,0,0
3,69.295000000000,70.902403225433,81,2026-09-06T05:13:55Z,-5291.983136000000,81000,1063,5615275.770532372408,1545390.831729518482,4074050.306111120153,-3685.744580793653,-2709.530407841839,5985.618337448614,176.180047007997,18.664650770056,1713228.498464263510,-6336.768737164862,9247.518570028960,152,7168152,9277.343750000000,29.825179971040,5615276,1545391,4074050,-3685745,-2709530,5985618,1713228,-6336769,9247519,0,0
3,69.295000000000,70.902403225433,82,2026-09-06T05:13:56Z,-5290.983136000000,82000,1064,5611586.803519140929,1542680.766068330500,4080033.650819301605,-3692.336349377911,-2710.696819774512,5981.084081369772,176.223770231965,18.794875184337,1706894.496686547762,-6331.386016390498,9239.663334595438,151,7168151,9216.308593750000,-23.354740845438,5611587,1542681,4080034,-3692336,-2710697,5981084,1706894,-6331386,9239663,0,0
3,69.295000000000,70.902403225433,83,2026-09-06T05:13:57Z,-5289.983136000000,83000,1065,5607891.246560293250,1539969.535858512623,4086012.458087042440,-3698.924355656345,-2711.859318742881,5976.543068467890,176.267864956900,18.925830297455,1700565.911404297687,-6325.935368226149,9231.708969806507,151,7168151,9216.308593750000,-15.400376056507,5607891,1539970,4086012,-3698924,-2711859,5976543,1700566,-6325935,9231709,0,0
3,69.295000000000,70.902403225433,84,2026-09-06T05:13:58Z,-5288.983136000000,84000,1066,5604189.103421271779,1537257.145013737027,4091986.721159395762,-3705.508592121078,-2713.017902644651,5971.995303356834,176.312336249884,19.057523444908,1694242.811009686207,-6320.415860680501,9223.654115567240,151,7168151,9216.308593750000,-7.345521817240,5604189,1537257,4091987,-3705509,-2713018,5971995,1694243,-6320416,9223654,0,0
3,69.295000000000,70.902403225433,85,2026-09-06T05:13:59Z,-5287.983136000000,85000,1067,5600480.377875252627,1534543.597449158086,4097956.433285976294,-3712.089050786744,-2714.172571136942,5967.440790660021,176.357189270237,19.189962047406,1687925.264834517846,-6314.826546604360,9215.497389662176,151,7168151,9216.308593750000,0.811204087824,5600480,1534544,4097956,-3712089,-2714173,5967441,1687925,-6314827,9215497,0,0
3,69.295000000000,70.902403225433,86,2026-09-06T05:14:00Z,-5286.983136000000,86000,1068,5596765.073703278787,1531828.897080393974,4103921.587721099146,-3718.665723710728,-2715.323323725897,5962.879535005413,176.402429271648,19.323153611814,1681613.343165384140,-6309.166463323077,9207.237387218880,151,7168151,9216.308593750000,9.071206531120,5596765,1531829,4103922,-3718666,-2715323,5962880,1681613,-6309166,9207237,0,0
3,69.295000000000,70.902403225433,87,2026-09-06T05:14:01Z,-5285.983136000000,87000,1069,5593043.194694414735,1529113.047823602101,4109882.177723632660,-3725.238603137768,-2716.470159281243,5958.311541033254,176.448061604320,19.457105732085,1675307.117259534076,-6303.434632355368,9198.872680297625,151,7168151,9216.308593750000,17.435913452375,5593043,1529113,4109882,-3725239,-2716470,5958312,1675307,-6303435,9198873,0,0
3,69.295000000000,70.902403225433,88,2026-09-06T05:14:02Z,-5284.983136000000,88000,1070,5589314.744645419531,1526396.053596030688,4115838.196557141375,-3731.807681302598,-2717.613076681118,5953.736813385149,176.494091717150,19.591826090207,1669006.659360623453,-6297.630059143200,9190.401817497190,151,7168151,9216.308593750000,25.906776252810,5589315,1526396,4115838,-3731808,-2717613,5953737,1669007,-6297630,9190402,0,0
3,69.295000000000,70.902403225433,89,2026-09-06T05:14:03Z,-5283.983136000000,89000,1071,5585579.727360835299,1523677.918316245545,4121789.637489764486,-3738.372950195298,-2718.752075759539,5949.155356713163,176.540525159994,19.727322457141,1662712.042715113843,-6291.751732834136,9181.823323637231,150,7168150,9155.273437500000,-26.549886137231,5585580,1523678,4121790,-3738373,-2718752,5949155,1662712,-6291752,9181823,0,0
3,69.295000000000,70.902403225433,90,2026-09-06T05:14:04Z,-5282.983136000000,90000,1072,5581838.146653345786,1520958.645902496530,4127736.493794282898,-3744.934402185208,-2719.887154930120,5944.567175675729,176.587367586052,19.863602693772,1656423.341588599375,-6285.798625864073,9173.135699149350,150,7168150,9155.273437500000,-17.862261649350,5581838,1520959,4127736,-3744934,-2719887,5944567,1656423,-6285799,9173136,0,0
3,69.295000000000,70.902403225433,91,2026-09-06T05:14:05Z,-5281.983136000000,91000,1073,5578090.006343139336,1518238.240274920594,4133678.758748195134,-3751.492029228757,-2721.018314196044,5939.972274940374,176.634624754177,20.000674751850,1650140.631282631075,-6279.769693823521,9164.337419881958,150,7168150,9155.273437500000,-9.063982381958,5578090,1518238,4133679,-3751492,-2721018,5939972,1650141,-6279770,9164337,0,0
3,69.295000000000,70.902403225433,92,2026-09-06T05:14:06Z,-5280.983136000000,92000,1074,5574335.310258414596,1515516.705353622558,4139616.425633742474,-3758.045823483371,-2722.145552772872,5935.370659181899,176.682302531407,20.138546674945,1643863.988151696511,-6273.663875023344,9155.426936466538,150,7168150,9155.273437500000,-0.153498966538,5574335,1515517,4139616,-3758046,-2722146,5935371,1643864,-6273664,9155427,0,0
3,69.295000000000,70.902403225433,93,2026-09-06T05:14:07Z,-5279.983136000000,93000,1075,5570574.062235062011,1512794.045060326811,4145549.487737713382,-3764.595777302020,-2723.268869246340,5930.762333079656,176.730406895427,20.277226599383,1637593.489620860899,-6267.480090235545,9146.402673939350,150,7168150,9155.273437500000,8.870763560650,5570574,1512794,4145549,-3764596,-2723269,5930762,1637593,-6267480,9146403,0,0
3,69.295000000000,70.902403225433,94,2026-09-06T05:14:08Z,-5278.983136000000,94000,1076,5566806.266117053106,1510070.263316399651,4151477.938351663295,-3771.141882806660,-2724.388263002311,5926.147301321180,176.778943937246,20.416722755199,1631329.214203166077,-6261.217242410603,9137.263031328956,150,7168150,9155.273437500000,18.010406171044,5566806,1510070,4151478,-3771142,-2724388,5926147,1631329,-6261217,9137263,0,0
3,69.295000000000,70.902403225433,95,2026-09-06T05:14:09Z,-5277.983136000000,95000,1077,5563031.925755926408,1507345.364045110531,4157401.770771759562,-3777.684132092872,-2725.503733586947,5921.525568601282,176.827919863777,20.557043467078,1625071.241517869057,-6254.874216365242,9128.006381200536,150,7168150,9155.273437500000,27.267056299464,5563032,1507345,4157402,-3777684,-2725504,5921526,1625071,-6254874,9128006,0,0
3,69.295000000000,70.902403225433,96,2026-09-06T05:14:10Z,-5276.983136000000,96000,1078,5559251.045011212118,1504619.351170048350,4163320.978298827074,-3784.222517424496,-2726.615279922498,5916.897139625689,176.877341000642,20.698197155296,1618819.652308672201,-6248.449878417159,9118.631069122850,149,7168149,9094.238281250000,-24.392787872850,5559251,1504619,4163321,-3784223,-2726615,5916897,1618820,-6248450,9118631,0,0
3,69.295000000000,70.902403225433,97,2026-09-06T05:14:11Z,-5275.983136000000,97000,1079,5555463.627750212327,1501892.228615165455,4169235.554238590412,-3790.757030898931,-2727.722901563538,5912.262019100126,176.927213794994,20.840192336667,1612574.528462093091,-6241.943076112770,9109.135413270926,149,7168149,9094.238281250000,-14.897132020926,5555464,1501892,4169236,-3790757,-2727723,5912262,1612575,-6241943,9109135,0,0
3,69.295000000000,70.902403225433,98,2026-09-06T05:14:12Z,-5274.983136000000,98000,1080,5551669.677848013118,1499164.000305704307,4175145.491901335772,-3797.287664749092,-2728.826597600346,5907.620211748508,176.977544818383,20.983037625470,1606335.953026821138,-6235.352637867457,9099.517703901050,149,7168149,9094.238281250000,-5.279422651050,5551670,1499164,4175145,-3797288,-2728827,5907620,1606336,-6235353,9099518,0,0
3,69.295000000000,70.902403225433,99,2026-09-06T05:14:13Z,-5273.983136000000,99000,1081,5547869.199187547900,1496434.670167494100,4181050.784602104686,-3803.814411118765,-2729.926367439930,5902.971722289294,177.028340769771,21.126741734383,1600104.010232799686,-6228.677372640947,9089.776202877039,149,7168149,9094.238281250000,4.462078372961,5547869,1496435,4181051,-3803814,-2729926,5902972,1600104,-6228677,9089776,0,0
3,69.295000000000,70.902403225433,100,2026-09-06T05:14:14Z,-5272.983136000000,100000,1082,5544062.195659520105,1493704.242127090460,4186951.425660692621,-3810.337262202665,-2731.022210341735,5898.316555455494,177.079608478594,21.271313475410,1593878.785510831280,-6221.916069600426,9079.909143178600,149,7168149,9094.238281250000,14.329138071400,5544062,1493704,4186951,-3810337,-2731022,5898317,1593879,-6221916,9079909,0,0
3,69.295000000000,70.902403225433,101,2026-09-06T05:14:15Z,-5271.983136000000,101000,1083,5540248.671162498184,1490972.720111824572,4192847.408401564229,-3816.856210449259,-2732.114124619557,5893.654715988305,177.131354907922,21.416761760798,1587660.365512677236,-6215.067497735338,9069.914728339198,149,7168149,9094.238281250000,24.323552910802,5540249,1490973,4192847,-3816856,-2732114,5893655,1587660,-6215067,9069915,0,0
3,69.295000000000,70.902403225433,102,2026-09-06T05:14:16Z,-5270.983136000000,102000,1084,5536428.629602918401,1488240.108049620409,4198738.726153880358,-3823.371247637624,-2733.202111116270,5888.986208633469,177.183587157713,21.563095603951,1581448.838131322060,-6208.130405642082,9059.791132131853,148,7168148,9033.203125000000,-26.588007131853,5536429,1488240,4198739,-3823371,-2733202,5888986,1581449,-6208130,9059791,0,0
3,69.295000000000,70.902403225433,103,2026-09-06T05:14:17Z,-5269.983136000000,103000,1085,5532602.074894770049,1485506.409869529773,4204625.372251749039,-3829.882366349921,-2734.286167687060,5884.311038144915,177.236312468140,21.710324120337,1575244.292521425523,-6201.103520960522,9049.536497746813,148,7168148,9033.203125000000,-16.333372746813,5532602,1485506,4204625,-3829882,-2734286,5884311,1575244,-6201104,9049536,0,0
3,69.295000000000,70.902403225433,104,2026-09-06T05:14:18Z,-5268.983136000000,104000,1086,5528769.010960101150,1482771.629500766518,4210507.340033875778,-3836.389558454357,-2735.366294867617,5879.629209282029,177.289538223068,21.858456528375,1569046.819120661123,-6193.985550220003,9039.148937566839,148,7168148,9033.203125000000,-5.945812566839,5528769,1482772,4210507,-3836390,-2735366,5879629,1569047,-6193986,9039149,0,0
3,69.295000000000,70.902403225433,105,2026-09-06T05:14:19Z,-5267.983136000000,105000,1087,5524929.441728554666,1480035.770874048350,4216384.622843719088,-3842.892816455787,-2736.442490840091,5874.940726814202,177.343271953547,22.007502150324,1562856.509671010310,-6186.775178298428,9028.626532377817,148,7168148,9033.203125000000,4.576592622183,5524929,1480036,4216385,-3842893,-2736442,5874941,1562857,-6186775,9028627,0,0
3,69.295000000000,70.902403225433,106,2026-09-06T05:14:20Z,-5266.983136000000,106000,1088,5521083.371137766168,1477298.837919659680,4222257.214029656723,-3849.392132357934,-2737.514755675875,5870.245595517190,177.397521341531,22.157470413159,1556673.457240296761,-6179.471068193442,9017.967331034828,148,7168148,9033.203125000000,15.235793965172,5521083,1477299,4222257,-3849392,-2737515,5870246,1556673,-6179471,9017967,0,0
3,69.295000000000,70.902403225433,107,2026-09-06T05:14:21Z,-5265.983136000000,107000,1089,5517230.803132873960,1474560.834569707513,4228125.106944798492,-3855.887498544689,-2738.583088041423,5865.543820173116,177.452294223548,22.308370849423,1550497.756244566059,-6172.071860535057,9007.169349750911,148,7168148,9033.203125000000,26.033775249089,5517231,1474561,4228125,-3855887,-2738583,5865544,1550498,-6172072,9007169,0,0
3,69.295000000000,70.902403225433,108,2026-09-06T05:14:22Z,-5264.983136000000,108000,1090,5513371.741667168215,1471821.764756662073,4233988.294946716167,-3862.378907152561,-2739.647487548154,5860.835405571379,177.507598594622,22.460213098066,1544329.502470876556,-6164.576173281554,8996.230571653272,147,7168147,8972.167968750000,-24.062602903272,5513372,1471822,4233988,-3862379,-2739647,5860835,1544330,-6164576,8996231,0,0
3,69.295000000000,70.902403225433,109,2026-09-06T05:14:23Z,-5263.983136000000,109000,1091,5509506.190701477230,1469081.632413201500,4239846.771398236044,-3868.866350316239,-2740.707953810897,5856.120356510473,177.563442612259,22.613006905297,1538168.793099347036,-6156.982601292294,8985.148946159874,147,7168147,8972.167968750000,-12.980977409874,5509506,1469082,4239847,-3868866,-2740708,5856120,1538169,-6156983,8985149,0,0
3,69.295000000000,70.902403225433,110,2026-09-06T05:14:24Z,-5262.983136000000,110000,1092,5505634.154204482213,1466340.441473103361,4245700.529666758142,-3875.349820354131,-2741.764485824888,5851.398677793441,177.619834600513,22.766762125376,1532015.726727204397,-6149.289715933615,8973.922388404304,147,7168147,8972.167968750000,-1.754419654304,5505634,1466340,4245701,-3875350,-2741764,5851399,1532016,-6149290,8973922,0,0
3,69.295000000000,70.902403225433,111,2026-09-06T05:14:25Z,-5261.983136000000,111000,1093,5501755.636152557097,1463598.195871149190,4251549.563124468550,-3881.829309615568,-2742.817082433021,5846.670374233327,177.676783054212,22.921488721410,1525870.403392232489,-6141.496064671608,8962.548778641485,147,7168147,8972.167968750000,9.619190108515,5501756,1463598,4251550,-3881829,-2742817,5846670,1525870,-6141496,8962549,0,0
3,69.295000000000,70.902403225433,112,2026-09-06T05:14:26Z,-5260.983136000000,112000,1094,5497870.640529929660,1460854.899542137748,4257393.865148498677,-3888.304809999681,-2743.865744205323,5841.935450648634,177.734296643353,23.077196766136,1519732.924596694065,-6133.600170734630,8951.025961755184,147,7168147,8972.167968750000,21.142006994816,5497871,1460855,4257394,-3888305,-2743866,5841935,1519733,-6133600,8951026,0,0
3,69.295000000000,70.902403225433,113,2026-09-06T05:14:27Z,-5259.983136000000,113000,1095,5493979.171328443103,1458110.556422351860,4263233.429120714776,-3894.776314202318,-2744.910468746184,5837.193911865143,177.792384217518,23.233896442662,1513603.393332080683,-6125.600532569468,8939.351746464357,146,7168146,8911.132812500000,-28.218933964357,5493979,1458111,4263233,-3894776,-2744910,5837194,1513603,-6125601,8939352,0,0
3,69.295000000000,70.902403225433,114,2026-09-06T05:14:28Z,-5258.983136000000,114000,1096,5490081.232547948137,1455365.170447997749,4269068.248427789658,-3901.243814008922,-2745.951257101524,5832.445762715906,177.851054810568,23.391598045195,1507481.914103938732,-6117.495623601646,8927.523904973354,146,7168146,8911.132812500000,-16.391092473354,5490081,1455365,4269068,-3901244,-2745951,5832446,1507482,-6117496,8927524,0,0
3,69.295000000000,70.902403225433,115,2026-09-06T05:14:29Z,-5257.983136000000,115000,1097,5486176.828196034767,1452618.745555940084,4274898.316461212002,-3907.707302032577,-2746.988107199513,5827.691008043075,177.910317645366,23.550311979745,1501368.592957155779,-6109.283891629186,8915.540172087214,146,7168146,8911.132812500000,-4.407359587214,5486177,1452619,4274898,-3907707,-2746988,5827691,1501369,-6109284,8915540,0,0
3,69.295000000000,70.902403225433,116,2026-09-06T05:14:30Z,-5256.983136000000,116000,1098,5482265.962287853472,1449871.285684308503,4280723.626617382281,-3914.166770188785,-2748.021019628140,5822.929652690618,177.970182138665,23.710048764798,1495263.537501686020,-6100.963758557795,8903.398244825210,146,7168146,8911.132812500000,7.734567674790,5482266,1449871,4280724,-3914167,-2748021,5822930,1495264,-6100964,8903398,0,0
3,69.295000000000,70.902403225433,117,2026-09-06T05:14:31Z,-5255.983136000000,117000,1099,5478348.638846385293,1447122.794771766989,4286544.172297510318,-3920.622211021509,-2749.049992638902,5818.161701518875,178.030657906192,23.870819031960,1489166.856938820099,-6092.533619842842,8891.095781606498,146,7168146,8911.132812500000,20.037030893502,5478349,1447123,4286544,-3920622,-2749050,5818162,1489167,-6092534,8891096,0,0
3,69.295000000000,70.902403225433,118,2026-09-06T05:14:32Z,-5254.983136000000,118000,1100,5474424.861902375706,1444373.276757274754,4292359.946907740086,-3927.073616653615,-2750.075026049444,5813.387159385456,178.091754767882,24.032633526566,1483078.662087642821,-6083.991844131800,8878.630401728326,145,7168145,8850.097656250000,-28.532745478326,5474425,1444373,4292360,-3927074,-2750075,5813387,1483079,-6083992,8878630,0,0
3,69.295000000000,70.902403225433,119,2026-09-06T05:14:33Z,-5253.983136000000,119000,1101,5470494.635494270362,1441622.735580776585,4298170.943859030493,-3933.520979227069,-2751.096119680142,5808.606031162526,178.153482753222,24.195503108260,1476999.065412259661,-6075.336772809639,8865.999684702600,145,7168145,8850.097656250000,-15.902028452600,5470495,1441623,4298171,-3933521,-2751096,5808606,1476999,-6075337,8866000,0,0
3,69.295000000000,70.902403225433,120,2026-09-06T05:14:34Z,-5252.983136000000,120000,1102,5466557.963668437675,1438871.175182424253,4303977.156567160971,-3939.964291243996,-2752.113271955977,5803.818321726794,178.215852106839,24.359438751532,1470928.181049296632,-6066.566719491580,8853.201169515634,145,7168145,8850.097656250000,-3.103513265634,5466558,1438871,4303977,-3939964,-2752113,5803818,1470928,-6066567,8853201,0,0
3,69.295000000000,70.902403225433,121,2026-09-06T05:14:35Z,-5251.983136000000,121000,1103,5462614.850478875451,1436118.599503312958,4309778.578452782705,-3946.403544803616,-2753.126482863308,5799.024035959519,178.278873294188,24.524451546217,1464866.124835769413,-6057.679969654349,8840.232354090036,145,7168145,8850.097656250000,9.865302159964,5462615,1436119,4309779,-3946404,-2753126,5799024,1464866,-6057680,8840232,0,0
3,69.295000000000,70.902403225433,122,2026-09-06T05:14:36Z,-5250.983136000000,122000,1104,5458665.299987198785,1433365.012485450832,4315575.202941523865,-3952.838732175223,-2754.135751772765,5794.223178754692,178.342557007455,24.690552697963,1458813.014337444212,-6048.674780128692,8827.090694544100,145,7168145,8850.097656250000,23.006961705900,5458665,1433365,4315575,-3952839,-2754136,5794223,1458813,-6048675,8827091,0,0
3,69.295000000000,70.902403225433,123,2026-09-06T05:14:37Z,-5249.983136000000,123000,1105,5454709.316262963228,1430610.418070886284,4321367.023463820107,-3959.269845792733,-2755.141077436974,5789.415755009941,178.406914171690,24.857753528638,1452768.968877829378,-6039.549378631026,8813.773604508337,144,7168144,8789.062500000000,-24.711104508337,5454709,1430610,4321367,-3959270,-2755141,5789416,1452769,-6039549,8813774,0,0
3,69.295000000000,70.902403225433,124,2026-09-06T05:14:38Z,-5248.983136000000,124000,1106,5450746.903383173048,1427854.820203022566,4327154.033455118537,-3965.696877646224,-2756.142460322280,5784.601769629262,178.471955951037,25.026065476698,1446734.109567346284,-6030.301963347265,8800.278454518120,144,7168144,8789.062500000000,-11.215954518120,5450747,1427855,4327154,-3965697,-2756142,5784602,1446734,-6030302,8800278,0,0
3,69.295000000000,70.902403225433,125,2026-09-06T05:14:39Z,-5247.983136000000,125000,1107,5446778.065432925709,1425098.222824839409,4332936.226355681196,-3972.119820337866,-2757.139898573541,5779.781227523927,178.537693755298,25.195500097506,1440708.559333323268,-6020.930702377294,8786.602571202995,144,7168144,8789.062500000000,2.459928797005,5446778,1425098,4332936,-3972120,-2757140,5779781,1440709,-6020931,8786603,0,0
3,69.295000000000,70.902403225433,126,2026-09-06T05:14:40Z,-5246.983136000000,126000,1108,5442802.806504593231,1422340.629881284898,4338713.595610772260,-3978.538665867745,-2758.133392665059,5774.954133619758,178.604139246525,25.366069063588,1434692.442950094119,-6011.433733356691,8772.743236734636,144,7168144,8789.062500000000,16.319263265364,5442803,1422341,4338714,-3978539,-2758133,5774954,1434692,-6011434,8772743,0,0
3,69.295000000000,70.902403225433,127,2026-09-06T05:14:41Z,-5245.983136000000,127000,1109,5438821.130698869936,1419582.045316295465,4344486.134670360945,-3984.953406717977,-2759.122941217356,5770.120492837123,178.671304346071,25.537784164839,1428685.887070034631,-6001.809162878772,8758.697687983407,144,7168144,8789.062500000000,30.364812016593,5438821,1419582,4344486,-3984953,-2759123,5770120,1428686,-6001809,8758698,0,0
3,69.295000000000,70.902403225433,128,2026-09-06T05:14:42Z,-5244.983136000000,128000,1110,5434833.042123610154,1416822.473075880902,4350253.836989573203,-3991.364034978687,-2760.108544404602,5765.280310113667,178.739201241588,25.710657308675,1422689.020254407544,-5992.055066094958,8744.463115935170,143,7168143,8728.027343750000,-16.435772185170,5434833,1416822,4350254,-3991364,-2760109,5765280,1422689,-5992055,8744463,0,0
3,69.295000000000,70.902403225433,129,2026-09-06T05:14:43Z,-5243.983136000000,129000,1111,5430838.544894655235,1414061.917105905479,4356016.696028351784,-3997.770543265688,-2761.090200396438,5760.433590389766,178.807842394500,25.884700520100,1416701.973005378386,-5982.169486150819,8730.036664868278,143,7168143,8728.027343750000,-2.009321118278,5430839,1414062,4356017,-3997771,-2761090,5760434,1416702,-5982169,8730037,0,0
3,69.295000000000,70.902403225433,130,2026-09-06T05:14:44Z,-5242.983136000000,130000,1112,5426837.643135420978,1411300.381352942437,4361774.705251709558,-4004.172923428996,-2762.067910300630,5755.580338614891,178.877240547582,26.059925941730,1410724.877798008034,-5972.150433769517,8715.415431745663,143,7168143,8728.027343750000,12.611912004337,5426838,1411300,4361775,-4004173,-2762068,5755580,1410725,-5972150,8715415,0,0
3,69.295000000000,70.902403225433,131,2026-09-06T05:14:45Z,-5241.983136000000,131000,1113,5422830.340977136977,1408537.869764205068,4367527.858129486442,-4010.571168132628,-2763.041672146073,5750.720559743968,178.947408732833,26.236345833722,1404757.869113240391,-5961.995886675993,8700.596465374547,143,7168143,8728.027343750000,27.430878375453,5422830,1408538,4367528,-4010571,-2763042,5750721,1404758,-5961996,8700596,0,0
3,69.295000000000,70.902403225433,132,2026-09-06T05:14:46Z,-5240.983136000000,132000,1114,5418816.642558654770,1405774.386287450325,4373276.148136558011,-4016.965269594948,-2764.011485660149,5745.854258737381,179.018360279605,26.413972573639,1398801.083470857469,-5951.703789153617,8685.576765759422,142,7168142,8666.992187500000,-18.584578259422,5418817,1405774,4373276,-4016965,-2764011,5745854,1398801,-5951704,8685577,0,0
3,69.295000000000,70.902403225433,133,2026-09-06T05:14:47Z,-5239.983136000000,133000,1115,5414796.552026637830,1403009.934870894067,4379019.568752686493,-4023.355220046142,-2764.977350578647,5740.981440570977,179.090108823011,26.592818656232,1392854.659463390708,-5941.272051533969,8670.353283357486,142,7168142,8666.992187500000,-3.361095857486,5414797,1403010,4379020,-4023355,-2764977,5740981,1392855,-5941272,8670353,0,0
3,69.295000000000,70.902403225433,134,2026-09-06T05:14:48Z,-5238.983136000000,134000,1116,5410770.073535261676,1400244.519463936565,4384758.113462612964,-4029.741011793703,-2765.939266331998,5736.102110213324,179.162668312570,26.772896693134,1386918.737790219719,-5930.698549668586,8654.922918307726,142,7168142,8666.992187500000,12.069269192274,5410770,1400245,4384758,-4029741,-2765939,5736102,1386919,-5930699,8654923,0,0
3,69.295000000000,70.902403225433,135,2026-09-06T05:14:49Z,-5237.983136000000,135000,1117,5406737.211246706545,1397478.144015308237,4390491.775756075978,-4036.122637312474,-2766.897231741495,5731.216272657548,179.236053021270,26.954219412467,1380993.461292286171,-5919.981124437219,8639.282519713299,142,7168142,8666.992187500000,27.709667786701,5406737,1397478,4390492,-4036123,-2766897,5731216,1380993,-5919981,8639283,0,0
3,69.295000000000,70.902403225433,136,2026-09-06T05:14:50Z,-5236.983136000000,136000,1118,5402697.969330327585,1394710.812475949060,4396220.549127914011,-4042.500088716224,-2767.851247017461,5726.323932888590,179.310277554707,27.136799658352,1375078.974987251218,-5909.117581241911,8623.428884903222,141,7168141,8605.957031250000,-17.471853653222,5402698,1394711,4396221,-4042500,-2767851,5726324,1375079,-5909118,8623429,0,0
3,69.295000000000,70.902403225433,137,2026-09-06T05:14:51Z,-5235.983136000000,137000,1119,5398652.351963701658,1391942.528795726830,4401944.427077806555,-4048.873358329729,-2768.801311604648,5721.425095909581,179.385356860842,27.320650390314,1369175.426105462015,-5898.105689490131,8607.358758678087,141,7168141,8605.957031250000,-1.401727428087,5398652,1391943,4401944,-4048873,-2768801,5721425,1369175,-5898106,8607359,0,0
3,69.295000000000,70.902403225433,138,2026-09-06T05:14:52Z,-5234.983136000000,138000,1120,5394600.363331656903,1389173.296926402254,4407663.403110532090,-4055.242438637833,-2769.747424343905,5716.519766723650,179.461306239774,27.505784682588,1363282.964125977131,-5886.943182077851,8591.068832555686,141,7168141,8605.957031250000,14.888198694314,5394600,1389173,4407663,-4055242,-2769747,5716520,1363283,-5886943,8591069,0,0
3,69.295000000000,70.902403225433,139,2026-09-06T05:14:53Z,-5233.983136000000,139000,1121,5390542.007627071813,1386403.120819089003,4413377.470735790208,-4061.607321881638,-2770.689584995580,5711.607950343932,179.538141354129,27.692215723304,1357401.740813494893,-5875.627754877203,8574.555744023341,140,7168140,8544.921875000000,-29.633869023341,5390542,1386403,4413377,-4061607,-2770690,5711608,1357402,-5875628,8574556,0,0
3,69.295000000000,70.902403225433,140,2026-09-06T05:14:54Z,-5232.983136000000,140000,1122,5386477.289050259627,1383632.004426531726,4419086.623468269594,-4067.968000478686,-2771.627792717481,5706.689651789020,179.615878239566,27.879956813560,1351531.910255609313,-5864.157066238987,8557.816075811876,140,7168140,8544.921875000000,-12.894200811876,5386477,1383632,4419087,-4067968,-2771628,5706690,1351532,-5864157,8557816,0,0
3,69.295000000000,70.902403225433,141,2026-09-06T05:14:55Z,-5231.983136000000,141000,1123,5382406.211809209548,1380859.951701325132,4424790.854827856645,-4074.324466602775,-2772.562047589190,5701.764876090238,179.694533315849,28.069021366377,1345673.628900340293,-5852.528736460397,8540.846355118860,140,7168140,8544.921875000000,4.075519881140,5382406,1380860,4424791,-4074324,-2772562,5701765,1345674,-5852529,8540846,0,0
3,69.295000000000,70.902403225433,142,2026-09-06T05:14:56Z,-5230.983136000000,142000,1124,5378328.780119699426,1378086.966596649494,4430490.158339322545,-4080.676712595050,-2773.492349081835,5696.833628278000,179.774123398182,28.259422905503,1339827.055594807956,-5840.740347278273,8523.643052869076,140,7168140,8544.921875000000,21.278822130924,5378329,1378087,4430490,-4080677,-2773492,5696834,1339827,-5840740,8523643,0,0
3,69.295000000000,70.902403225433,143,2026-09-06T05:14:57Z,-5229.983136000000,143000,1125,5374244.998205048963,1375313.053066512803,4436184.527532514185,-4087.024730953090,-2774.418696061957,5691.895913395456,179.854665708964,28.451175064097,1333992.351623836439,-5828.789441355041,8506.202582964346,139,7168139,8483.886718750000,-22.315864214346,5374245,1375313,4436185,-4087025,-2774419,5691896,1333992,-5828789,8506203,0,0
3,69.295000000000,70.902403225433,144,2026-09-06T05:14:58Z,-5228.983136000000,144000,1126,5370154.870296229608,1372538.215065601282,4441873.955942280591,-4093.368513984387,-2775.341088165078,5686.951736488481,179.936177889976,28.644291583259,1328169.680749368155,-5816.673521775622,8488.521301549337,139,7168139,8483.886718750000,-4.634582799337,5370155,1372538,4441874,-4093369,-2775341,5686952,1328170,-5816674,8488521,0,0
3,69.295000000000,70.902403225433,145,2026-09-06T05:14:59Z,-5227.983136000000,145000,1127,5366058.400631940924,1369762.456548112212,4447558.437108760700,-4099.708053920040,-2776.259525336400,5682.001102615686,180.018678015056,28.838786310416,1322359.209250032902,-5804.390051531646,8470.595506258851,139,7168139,8483.886718750000,13.291212491149,5366058,1369762,4447558,-4099708,-2776260,5682001,1322359,-5804390,8470596,0,0
3,69.295000000000,70.902403225433,146,2026-09-06T05:15:00Z,-5226.983136000000,146000,1128,5361955.593458568677,1366985.781470179325,4453237.964576628059,-4106.043343270358,-2777.174006460427,5677.044016838408,180.102184603043,29.034673197516,1316561.105962211965,-5791.936453025135,8452.421435493539,138,7168138,8422.851562500000,-29.569872993539,5361956,1366986,4453238,-4106043,-2777174,5677044,1316561,-5791936,8452421,0,0
3,69.295000000000,70.902403225433,147,2026-09-06T05:15:01Z,-5225.983136000000,147000,1129,5357846.453030149452,1364208.193786867661,4458912.531896141358,-4112.374374278261,-2778.084531489867,5672.080484227990,180.186716631451,29.231966299115,1310775.542319896165,-5779.310107560558,8433.995267678631,138,7168138,8422.851562500000,-11.143705178631,5357846,1364208,4458913,-4112374,-2778085,5672080,1310776,-5779310,8433995,0,0
3,69.295000000000,70.902403225433,148,2026-09-06T05:15:02Z,-5224.983136000000,148000,1130,5353730.983608133160,1361429.697455354733,4464582.132622406818,-4118.701139339464,-2778.991099778295,5667.110509858503,180.272293550328,29.430679770217,1305002.692396740662,-5766.508354847600,8415.313120538294,138,7168138,8422.851562500000,7.538441961706,5353731,1361430,4464582,-4118701,-2778991,5667111,1305003,-5766508,8415313,0,0
3,69.295000000000,70.902403225433,149,2026-09-06T05:15:03Z,-5223.983136000000,149000,1131,5349609.189461884089,1358650.296432253439,4470246.760315586813,-4125.023630823307,-2779.893710832084,5662.134098814022,180.358935296914,29.630827863970,1299242.732947693439,-5753.528492519403,8396.371050392598,138,7168138,8422.851562500000,26.480512107402,5349609,1358650,4470247,-4125024,-2779894,5662134,1299243,-5753528,8396371,0,0
3,69.295000000000,70.902403225433,150,2026-09-06T05:15:04Z,-5222.983136000000,150000,1132,5345481.074868240394,1355869.994674922200,4475906.408541055396,-4131.341841051835,-2780.792364316767,5657.151256189536,180.446662310628,29.832424929156,1293495.843451192137,-5740.367775629478,8377.165051423330,137,7168137,8361.816406250000,-15.348645173330,5345481,1355870,4475906,-4131342,-2780792,5657151,1293496,-5740368,8377165,0,0
3,69.295000000000,70.902403225433,151,2026-09-06T05:15:05Z,-5221.983136000000,151000,1133,5341346.644111680798,1353088.796141384169,4481561.070869219489,-4137.655762520808,-2781.687059297838,5652.161987078216,180.535495548663,30.035485407470,1287762.206152153667,-5727.023416202240,8357.691055018067,137,7168137,8361.816406250000,4.125351231933,5341347,1353089,4481561,-4137656,-2781687,5652162,1287762,-5727023,8357691,0,0
3,69.295000000000,70.902403225433,152,2026-09-06T05:15:06Z,-5220.983136000000,152000,1134,5337205.901484469883,1350306.704789708136,4487210.740875515155,-4143.965387524077,-2782.577795599082,5647.166296589603,180.625456502200,30.240023830580,1282042.006105255801,-5713.492582729170,8337.944929034913,137,7168137,8361.816406250000,23.871477215087,5337206,1350307,4487211,-4143965,-2782578,5647166,1282042,-5713493,8337945,0,0
3,69.295000000000,70.902403225433,153,2026-09-06T05:15:07Z,-5219.983136000000,153000,1135,5333058.851286452264,1347523.724578588270,4492855.412140513770,-4150.270708364587,-2783.464573055653,5642.164189833238,180.716567213138,30.446054816975,1276335.431218610611,-5699.772399726799,8317.922477157430,136,7168136,8300.781250000000,-17.141227157430,5333059,1347524,4492855,-4150271,-2783465,5642164,1276335,-5699772,8317922,0,0
3,69.295000000000,70.902403225433,154,2026-09-06T05:15:08Z,-5218.983136000000,154000,1136,5328905.497824778780,1344739.859468222829,4498495.078249967657,-4156.571717579936,-2784.347390592984,5637.155671928667,180.808850291439,30.653593068563,1270642.672297908226,-5685.859947290540,8297.619438243544,136,7168136,8300.781250000000,3.161811756456,5328905,1344740,4498495,-4156572,-2784347,5637156,1270643,-5685860,8297619,0,0
3,69.295000000000,70.902403225433,155,2026-09-06T05:15:09Z,-5217.983136000000,155000,1137,5324745.845414743759,1341955.113417322980,4504129.732794675976,-4162.868407364840,-2785.226248510298,5632.140748002712,180.902328933327,30.862653367017,1264963.923091205303,-5671.752260629520,8277.031485646696,136,7168136,8300.781250000000,23.749764353304,5324746,1341955,4504130,-4162868,-2785226,5632141,1264964,-5671752,8277031,0,0
3,69.295000000000,70.902403225433,156,2026-09-06T05:15:10Z,-5216.983136000000,156000,1138,5320579.898378743790,1339169.490386842517,4509759.369370682165,-4169.160770343296,-2786.101145441762,5627.119423191289,180.997026939794,31.073250569870,1259299.380333849695,-5657.446329676443,8256.154226646502,135,7168135,8239.746093750000,-16.408132896502,5320580,1339169,4509759,-4169161,-2786101,5627119,1259299,-5657446,8256154,0,0
3,69.295000000000,70.902403225433,157,2026-09-06T05:15:11Z,-5215.983136000000,157000,1139,5316407.661047158763,1336382.994336850941,4515383.981579082087,-4175.448798712750,-2786.972081694103,5622.091702631224,181.092968736193,31.285399606322,1253649.243794151582,-5642.939098619390,8234.983201765481,135,7168135,8239.746093750000,4.762891984519,5316408,1336383,4515384,-4175449,-2786972,5622092,1253649,-5642939,8234983,0,0
3,69.295000000000,70.902403225433,158,2026-09-06T05:15:12Z,-5214.983136000000,158000,1140,5312229.137757720426,1333595.629229098093,4521003.563026080839,-4181.732485026259,-2787.839056215944,5617.057591472076,181.190179392244,31.499115472768,1248013.716319277650,-5628.227465558224,8213.513884267639,135,7168135,8239.746093750000,26.232209482361,5312229,1333596,4521004,-4181732,-2787839,5617058,1248014,-5628227,8213514,0,0
3,69.295000000000,70.902403225433,159,2026-09-06T05:15:13Z,-5213.983136000000,159000,1141,5308044.332856019959,1330807.399024718674,4526618.107323039323,-4188.011821572218,-2788.702069022293,5612.017094868861,181.288684643081,31.714413228020,1242393.003881518729,-5613.308282076106,8191.741679533167,134,7168134,8178.710937500000,-13.030742033167,5308044,1330807,4526618,-4188012,-2788702,5612017,1242393,-5613308,8191742,0,0
3,69.295000000000,70.902403225433,160,2026-09-06T05:15:14Z,-5212.983136000000,160000,1142,5303853.250695105642,1328018.307685554726,4532227.608086542226,-4194.286800793634,-2789.561119526979,5606.970217983871,181.388510910892,31.931307988218,1236787.315624888055,-5598.178352895660,8169.661924556660,134,7168134,8178.710937500000,9.049012943340,5303853,1328018,4532228,-4194287,-2789561,5606970,1236787,-5598178,8169662,0,0
3,69.295000000000,70.902403225433,161,2026-09-06T05:15:15Z,-5211.983136000000,161000,1143,5299655.895635464229,1325228.359174823854,4537832.058938266709,-4200.557415100775,-2790.416207298904,5601.916965983946,181.489685327432,32.149814921403,1231196.863912319066,-5582.834435524275,8147.269887429490,133,7168133,8117.675781250000,-29.594106179490,5299656,1325228,4537832,-4200557,-2790416,5601917,1231197,-5582834,8147270,0,0
3,69.295000000000,70.902403225433,162,2026-09-06T05:15:16Z,-5210.983136000000,162000,1144,5295452.272045417689,1322437.557454758324,4543431.453505176120,-4206.823656944835,-2791.267331763947,5596.857344045929,181.592235757578,32.369949241747,1225621.864372873912,-5567.273239926764,8124.560766862119,133,7168133,8117.675781250000,-6.884985612119,5295452,1322438,4543431,-4206824,-2791267,5596857,1225622,-5567273,8124561,0,0
3,69.295000000000,70.902403225433,163,2026-09-06T05:15:17Z,-5209.983136000000,163000,1145,5291242.384300708771,1319645.906488956884,4549025.785419336520,-4213.085518555090,-2792.114493254758,5591.791357353031,181.696190823528,32.591726203418,1220062.535949605983,-5551.491428201913,8101.529691712047,133,7168133,8117.675781250000,16.146089537953,5291242,1319646,4549026,-4213086,-2792114,5591791,1220063,-5551491,8101530,0,0
3,69.295000000000,70.902403225433,164,2026-09-06T05:15:18Z,-5208.983136000000,164000,1146,5287026.236784884706,1316853.410240697907,4554615.048317956738,-4219.342992726524,-2792.957689852301,5586.719011094829,181.801579930170,32.815161094057,1214519.100947545841,-5535.485614358758,8078.171720657349,132,7168132,8056.640625000000,-21.531095657349,5287026,1316853,4554615,-4219343,-2792958,5586719,1214519,-5535486,8078172,0,0
3,69.295000000000,70.902403225433,165,2026-09-06T05:15:19Z,-5207.983136000000,165000,1147,5282803.833888798952,1314060.072674726369,4560199.235843447968,-4225.596071473774,-2793.796922802130,5581.640310469083,181.908433291255,33.040269227872,1208991.785081872018,-5519.252363959557,8054.481841675636,132,7168132,8056.640625000000,2.158783324364,5282804,1314060,4560199,-4225596,-2793797,5581640,1208992,-5519252,8054482,0,0
3,69.295000000000,70.902403225433,166,2026-09-06T05:15:20Z,-5206.983136000000,166000,1148,5278575.180011174642,1311265.897754811682,4565778.341643477790,-4231.844747561809,-2794.632190345510,5576.555260679015,182.016781956839,33.267065938308,1203480.817526422907,-5502.788194006335,8030.454971878484,132,7168132,8056.640625000000,26.185653121516,5278575,1311266,4565778,-4231845,-2794632,5576555,1203481,-5502788,8030455,0,0
3,69.295000000000,70.902403225433,167,2026-09-06T05:15:21Z,-5205.983136000000,167000,1149,5274340.279557935894,1308470.889446805930,4571352.359370867722,-4238.089013124409,-2795.463493287571,5571.463866935119,182.126657841491,33.495566570272,1197986.430962458020,-5486.089572630669,8006.085957058725,131,7168131,7995.605468750000,-10.480488308725,5274340,1308471,4571352,-4238089,-2795463,5571464,1197986,-5486090,8006086,0,0
3,69.295000000000,70.902403225433,168,2026-09-06T05:15:22Z,-5204.983136000000,168000,1150,5270099.136942913756,1305675.051715262933,4576921.282683749683,-4244.328860891983,-2796.290830032603,5566.366134457894,182.238093754007,33.725786471918,1192508.861627496313,-5469.152919027744,7981.369571594219,131,7168131,7995.605468750000,14.235897155781,5270099,1305675,4576921,-4244329,-2796291,5566366,1192509,-5469153,7981370,0,0
3,69.295000000000,70.902403225433,169,2026-09-06T05:15:23Z,-5203.983136000000,169000,1151,5265851.756587283686,1302878.388526380761,4582485.105245362036,-4250.564282980122,-2797.114201542172,5561.262068468750,182.351123427935,33.957740985933,1187048.349364496768,-5451.974603223085,7956.300518107430,130,7168130,7934.570312500000,-21.730205607430,5265852,1302878,4582485,-4250564,-2797114,5561262,1187048,-5451975,7956301,0,0
3,69.295000000000,70.902403225433,170,2026-09-06T05:15:24Z,-5202.983136000000,170000,1152,5261598.142919868231,1300080.903846101835,4588043.820724263787,-4256.795272192903,-2797.933605932940,5556.151674204557,182.465781553615,34.191445440348,1181605.137670892524,-5434.550946076264,7930.873427470832,130,7168130,7934.570312500000,3.696885029168,5261598,1300081,4588044,-4256795,-2797934,5556152,1181605,-5434551,7930873,0,0
3,69.295000000000,70.902403225433,171,2026-09-06T05:15:25Z,-5201.983136000000,171000,1153,5257338.300377082080,1297282.601640945766,4593597.422794152983,-4263.021820725044,-2798.749043877024,5551.034956900367,182.582103811352,34.426915138804,1176179.473747999640,-5416.878219113802,7905.082858563067,130,7168130,7934.570312500000,29.487453936933,5257338,1297283,4593597,-4263022,-2798749,5551035,1176179,-5416878,7905083,0,0
3,69.295000000000,70.902403225433,172,2026-09-06T05:15:26Z,-5200.983136000000,172000,1154,5253072.233402973972,1294483.485877515981,4599145.905133944936,-4269.243921104135,-2799.560514700033,5545.911921803963,182.700126906016,34.664165350280,1170771.608550244011,-5398.952644592735,7878.923298361700,129,7168129,7873.535156250000,-5.388142111700,5253072,1294483,4599146,-4269244,-2799561,5545912,1170772,-5398953,7878923,0,0
3,69.295000000000,70.902403225433,173,2026-09-06T05:15:27Z,-5199.983136000000,173000,1155,5248799.946448759176,1291683.560523760738,4604689.261427978985,-4275.461565818659,-2800.368017886058,5540.782574169498,182.819888602943,34.903211298269,1165381.796834242297,-5380.770395484036,7852.389161919030,129,7168129,7873.535156250000,21.145994330970,5248800,1291684,4604689,-4275462,-2800368,5540783,1165382,-5380770,7852389,0,0
3,69.295000000000,70.902403225433,174,2026-09-06T05:15:28Z,-5198.983136000000,174000,1156,5244521.443973630667,1288882.829546713037,4610227.485365713015,-4281.674747217949,-2801.171553519680,5535.646919254759,182.941427765535,35.144068149317,1160010.297208412783,-5362.327595530210,7825.474792446135,128,7168128,7812.500000000000,-12.974792446135,5244521,1288883,4610227,-4281675,-2801172,5535647,1160010,-5362328,7825475,0,0
3,69.295000000000,70.902403225433,175,2026-09-06T05:15:29Z,-5197.983136000000,175000,1157,5240236.730444073677,1286081.296914641047,4615760.570641897619,-4287.883457809585,-2801.971121092492,5530.504962330269,183.064784394125,35.386751000971,1154657.372181894490,-5343.620319407840,7798.174461550097,128,7168128,7812.500000000000,14.325538449903,5240237,1286081,4615761,-4287883,-2801971,5530505,1154657,-5343620,7798174,0,0
3,69.295000000000,70.902403225433,176,2026-09-06T05:15:30Z,-5196.983136000000,176000,1158,5235945.810334273614,1283278.966595415492,4621288.510956599377,-4294.087690272136,-2802.766719358942,5525.356708664731,183.189999666696,35.631274869063,1149323.288213625550,-5324.644592879705,7770.482369455975,127,7168127,7751.464843750000,-19.017525705975,5235946,1283279,4621289,-4294088,-2802767,5525357,1149323,-5324645,7770482,0,0
3,69.295000000000,70.902403225433,177,2026-09-06T05:15:31Z,-5195.983136000000,177000,1159,5231648.688125744462,1280475.842558333185,4626811.300015072338,-4300.287436717554,-2803.558349462037,5520.202163545036,183.317115981078,35.877654674310,1144008.315761190606,-5305.396392937083,7742.392645214489,127,7168127,7751.464843750000,9.072198535511,5231649,1280476,4626811,-4300287,-2803558,5520202,1144008,-5305396,7742393,0,0
3,69.295000000000,70.902403225433,178,2026-09-06T05:15:32Z,-5194.983136000000,178000,1160,5227345.368307841942,1277671.928771855542,4632328.931527822278,-4306.482689943550,-2804.346009718074,5515.041332258079,183.446176999161,36.125905228200,1138712.729329425376,-5285.871648237430,7713.899347340738,126,7168126,7690.429687500000,-23.469659840738,5227345,1277672,4632329,-4306483,-2804346,5515041,1138713,-5285872,7713899,0,0
3,69.295000000000,70.902403225433,179,2026-09-06T05:15:33Z,-5193.983136000000,179000,1161,5223035.855377098545,1274867.229205606272,4637841.399210833013,-4312.673442146661,-2805.129700980842,5509.874220095298,183.577227692705,36.376041218157,1133436.807518415852,-5266.066239274800,7684.996464062898,126,7168126,7690.429687500000,5.433223437102,5223036,1274867,4637841,-4312673,-2805130,5509874,1133437,-5266066,7684996,0,0
3,69.295000000000,70.902403225433,180,2026-09-06T05:15:34Z,-5192.983136000000,180000,1162,5218720.153837710619,1272061.747829449829,4643348.696785248816,-4318.859686095493,-2805.909421729666,5504.700832362687,183.710314391266,36.628077191888,1128180.833071706351,-5245.975998947103,7655.677914150054,125,7168125,7629.394531250000,-26.283382900054,5218720,1272062,4643349,-4318860,-2805909,5504701,1128181,-5245976,7655678,0,0
3,69.295000000000,70.902403225433,181,2026-09-06T05:15:35Z,-5191.983136000000,181000,1163,5214398.268201459199,1269255.488613294205,4648850.817977500148,-4325.041414061161,-2806.685172528887,5499.521174368056,183.845484832114,36.882027540953,1122945.092923625838,-5225.596712867016,7625.937547365917,125,7168125,7629.394531250000,3.456983884083,5214398,1269255,4648851,-4325041,-2806685,5499521,1122945,-5225597,7625938,0,0
3,69.295000000000,70.902403225433,182,2026-09-06T05:15:36Z,-5190.983136000000,182000,1164,5210070.202987430617,1266448.455527577782,4654347.756519521587,-4331.218618501225,-2807.456953203655,5494.335251427401,183.982788212227,37.137906483479,1117729.878246038919,-5204.924120011716,7595.769145417014,124,7168124,7568.359375000000,-27.409770417014,5210070,1266448,4654348,-4331219,-2807457,5494335,1117730,-5204924,7595769,0,0
3,69.295000000000,70.902403225433,183,2026-09-06T05:15:37Z,-5189.983136000000,183000,1165,5205735.962722562253,1263640.652542756870,4659839.506148269400,-4337.391292231587,-2808.224762105283,5489.143068862177,184.122275242592,37.395728045962,1112535.484495186713,-5183.953913374906,7565.166422904212,124,7168124,7568.359375000000,3.192952095788,5205736,1263641,4659840,-4337391,-2808225,5489143,1112535,-5183954,7565166,0,0
3,69.295000000000,70.902403225433,184,2026-09-06T05:15:38Z,-5188.983136000000,184000,1166,5201395.551941058598,1260832.083630140638,4665326.060606143437,-4343.559427393302,-2808.988600403154,5483.944632005660,184.263998204738,37.655506044189,1107362.211456952849,-5162.681740476110,7534.123028065962,123,7168123,7507.324218750000,-26.798809315962,5201396,1260832,4665326,-4343559,-2808989,5483945,1107362,-5162682,7534123,0,0
3,69.295000000000,70.902403225433,185,2026-09-06T05:15:39Z,-5187.983136000000,185000,1167,5197048.975184684619,1258022.752760540694,4670807.413641003892,-4349.723016708595,-2809.748466901738,5478.739946192945,184.408011009868,37.917254063172,1102210.363291868474,-5141.103204367429,7502.632544247494,123,7168123,7507.324218750000,4.691674502506,5197049,1258023,4670807,-4349723,-2809748,5478740,1102210,-5141103,7502633,0,0
3,69.295000000000,70.902403225433,186,2026-09-06T05:15:40Z,-5186.983136000000,186000,1168,5192696.237002644688,1255212.663905878784,4676283.559005940333,-4355.882052500419,-2810.504362040774,5473.529016766406,184.554369260365,38.180985436061,1097080.248579473002,-5119.213864304890,7470.688490880545,122,7168122,7446.289062500000,-24.399428380545,5192696,1255213,4676284,-4355882,-2810504,5473529,1097080,-5119214,7470688,0,0
3,69.295000000000,70.902403225433,187,2026-09-06T05:15:41Z,-5185.983136000000,187000,1169,5188337.341951647773,1252401.821038386784,4681754.490459342487,-4362.036527533746,-2811.256284490810,5468.311849079328,184.703130314131,38.446713222024,1091972.180361464387,-5097.009236883529,7438.284325139841,122,7168122,7446.289062500000,8.004737360159,5188337,1252402,4681754,-4362037,-2811256,5468312,1091972,-5097009,7438284,0,0
3,69.295000000000,70.902403225433,188,2026-09-06T05:15:42Z,-5184.983136000000,188000,1170,5183972.294595993124,1249590.228129639290,4687220.201765099540,-4368.186434002382,-2812.004235287304,5463.088448486815,184.854353351771,38.714450183030,1086886.476183843799,-5074.484796858250,7405.413443141002,121,7168121,7385.253906250000,-20.159536891002,5183972,1249590,4687220,-4368186,-2812004,5463088,1086886,-5074485,7405413,0,0
3,69.295000000000,70.902403225433,189,2026-09-06T05:15:43Z,-5183.983136000000,189000,1171,5179601.099507195875,1246777.889152689837,4692680.686692443676,-4374.331764818635,-2812.748212524184,5457.858820356705,185.008099446506,38.984208759473,1081823.458138104063,-5051.635978580980,7372.069182037857,121,7168121,7385.253906250000,13.184724212143,5179601,1246778,4692681,-4374332,-2812748,5457859,1081823,-5051636,7372069,0,0
3,69.295000000000,70.902403225433,190,2026-09-06T05:15:44Z,-5182.983136000000,190000,1172,5175223.761264803819,1243964.808079847135,4698135.939015641809,-4380.472512110828,-2813.488217541817,5452.622970059565,185.164431637497,39.256001044587,1076783.452901588287,-5028.458176905773,7338.244821343290,120,7168120,7324.218750000000,-14.026071343290,5175224,1243965,4698136,-4380473,-2813488,5452623,1076783,-5028458,7338245,0,0
3,69.295000000000,70.902403225433,191,2026-09-06T05:15:45Z,-5181.983136000000,191000,1173,5170840.284455198795,1241150.988884672988,4703585.952514802106,-4386.608668697590,-2814.224248887285,5447.380902973237,185.323415006103,39.529838757671,1071766.791775290621,-5004.946748895232,7303.933585419498,120,7168120,7324.218750000000,20.285164580502,5170840,1241151,4703586,-4386609,-2814224,5447381,1071767,-5004947,7303934,0,0
3,69.295000000000,70.902403225433,192,2026-09-06T05:15:46Z,-5180.983136000000,192000,1174,5166450.673672725447,1238336.435539783677,4709030.720975149423,-4392.740226964634,-2814.956306879139,5442.132624483747,185.485116755854,39.805733215930,1066773.810721839080,-4981.097015011662,7269.128645216292,119,7168119,7263.183593750000,-5.945051466292,5166451,1238336,4709031,-4392740,-2814956,5442133,1066774,-4981097,7269129,0,0
3,69.295000000000,70.902403225433,193,2026-09-06T05:15:47Z,-5179.983136000000,193000,1175,5162054.933518850245,1235521.152019530535,4714470.238187334500,-4398.867179481385,-2815.684391104469,5436.878139983492,185.649606295641,40.083695305017,1061804.850400842261,-4956.904260862988,7233.823120818994,119,7168119,7263.183593750000,29.360472931006,5162055,1235521,4714470,-4398867,-2815684,5436878,1061805,-4956904,7233823,0,0
3,69.295000000000,70.902403225433,194,2026-09-06T05:15:48Z,-5178.983136000000,194000,1176,5157653.068602669984,1232705.142297453480,4719904.497947497293,-4404.989518719958,-2816.408501597380,5431.617454871230,185.816955327026,40.363735448123,1056860.256202998804,-4932.363738839124,7198.010083836456,118,7168118,7202.148437500000,4.138353663544,5157653,1232705,4719904,-4404990,-2816409,5431617,1056860,-4932364,7198010,0,0
3,69.295000000000,70.902403225433,195,2026-09-06T05:15:49Z,-5177.983136000000,195000,1177,5153245.083540673368,1229888.410347817931,4725333.494057107717,-4411.107237505348,-2817.128636931557,5426.350574554817,185.987237935178,40.645863573598,1051940.378282430582,-4907.470670066443,7161.682560253295,117,7168117,7141.113281250000,-20.569279003295,5153245,1229888,4725333,-4411107,-2817129,5426351,1051940,-4907471,7161683,0,0
3,69.295000000000,70.902403225433,196,2026-09-06T05:15:50Z,-5176.983136000000,196000,1178,5148830.982956954278,1227070.960144724464,4730757.220323008485,-4417.220327930409,-2817.844798760689,5421.077504444838,186.160530684116,40.930089081016,1047045.571587122511,-4882.220246080961,7124.833532871666,117,7168117,7141.113281250000,16.279748378334,5148831,1227071,4730757,-4417220,-2817845,5421078,1047046,-4882220,7124834,0,0
3,69.295000000000,70.902403225433,197,2026-09-06T05:15:51Z,-5175.983136000000,197000,1179,5144410.771482967772,1224252.795662965160,4736175.670557462610,-4423.328782964745,-2818.556985083887,5415.798249965519,186.336912716128,41.216420805638,1042176.195887184585,-4856.607631371536,7087.455945022629,116,7168116,7080.078125000000,-7.377820022629,5144411,1224253,4736176,-4423329,-2818557,5415798,1042176,-4856608,7087456,0,0
3,69.295000000000,70.902403225433,198,2026-09-06T05:15:52Z,-5174.983136000000,198000,1180,5139984.453757637180,1221433.920877098339,4741588.838578221388,-4429.432594854006,-2819.265196979586,5410.512816538358,186.516465855858,41.504866981186,1037332.615800977335,-4830.627965186915,7049.542703203279,115,7168115,7019.042968750000,-30.499734453279,5139984,1221434,4741589,-4429433,-2819265,5410513,1037333,-4830628,7049543,0,0
3,69.295000000000,70.902403225433,199,2026-09-06T05:15:53Z,-5173.983136000000,199000,1181,5135552.034427159466,1218614.339762972901,4746996.718208400533,-4435.531756434102,-2819.969433043980,5405.221209600313,186.699274718966,41.795435200852,1032515.200819033897,-4804.276364296701,7011.086681105923,115,7168115,7019.042968750000,7.956287644077,5135552,1218614,4746997,-4435532,-2819969,5405221,1032515,-4804276,7011087,0,0
3,69.295000000000,70.902403225433,200,2026-09-06T05:15:54Z,-5172.983136000000,200000,1182,5131113.518145430833,1215794.056295165326,4752399.303276652470,-4441.626259958866,-2820.669694362550,5399.923434594712,186.885426826060,42.088132376478,1027724.325325447950,-4777.547925195634,6972.080722834894,114,7168114,6958.007812500000,-14.072910334894,5131114,1215794,4752399,-4441626,-2820670,5399923,1027724,-4777548,6972081,0,0
3,69.295000000000,70.902403225433,201,2026-09-06T05:15:55Z,-5171.983136000000,201000,1183,5126668.909573510289,1212973.074449822772,4757796.587617007084,-4447.716098340607,-2821.365979251141,5394.619496964879,187.075012721464,42.382964695826,1022960.368616575841,-4750.437727180963,6932.517647397492,114,7168114,6958.007812500000,25.490165102508,5126669,1212973,4757797,-4447716,-2821366,5394619,1022960,-4750438,6932518,0,0
3,69.295000000000,70.902403225433,202,2026-09-06T05:15:56Z,-5170.983136000000,202000,1184,5122218.213380237110,1210151.398202172713,4763188.565068911761,-4453.801263914102,-2822.058288514881,5389.309402167783,187.268126097854,42.679937577824,1018223.714917224948,-4722.940834842590,6892.390252337947,113,7168113,6896.972656250000,4.582403912053,5122218,1210151,4763189,-4453801,-2822058,5389309,1018224,-4722941,6892390,0,0
3,69.295000000000,70.902403225433,203,2026-09-06T05:15:57Z,-5169.983136000000,203000,1185,5117761.434241555631,1207329.031528812367,4768575.229477259330,-4459.881749323358,-2822.746621646274,5383.993155664029,187.464863926272,42.979055625764,1013514.753393382300,-4695.052301366090,6851.691318557670,112,7168112,6835.937500000000,-15.753818557670,5117761,1207329,4768575,-4459882,-2822747,5383993,1013515,-4695052,6851691,0,0
3,69.295000000000,70.902403225433,204,2026-09-06T05:15:58Z,-5168.983136000000,204000,1186,5113298.576841077767,1204505.978405366419,4773956.574692485854,-4465.957547150538,-2823.430978439092,5378.670762921502,187.665326592525,43.280322578289,1008833.878162317444,-4666.767171627209,6810.413614831177,112,7168112,6835.937500000000,25.523885168823,5113299,1204506,4773957,-4465958,-2823431,5378671,1008834,-4666767,6810414,0,0
3,69.295000000000,70.902403225433,205,2026-09-06T05:15:59Z,-5167.983136000000,205000,1187,5108829.645869682543,1201682.242808560375,4779332.594570435584,-4472.028649942331,-2824.111358833306,5373.342229416266,187.869618039536,43.583741258122,1004181.488299122313,-4638.080485582374,6768.549902754020,111,7168111,6774.902343750000,6.352440995980,5108830,1201682,4779333,-4472029,-2824111,5373342,1004181,-4638080,6768550,0,0
3,69.295000000000,70.902403225433,206,2026-09-06T05:16:00Z,-5166.983136000000,206000,1188,5104354.646025600843,1198857.828715134179,4784703.282972517423,-4478.095050362754,-2824.787762343476,5368.007560629849,188.077845916566,43.889313518416,999557.987839768175,-4608.987281899908,6726.092942041958,110,7168110,6713.867187500000,-12.225754541958,5104355,1198858,4784703,-4478095,-2824788,5368008,999558,-4608987,6726093,0,0
3,69.295000000000,70.902403225433,207,2026-09-06T05:16:01Z,-5165.983136000000,207000,1189,5099873.582014636137,1196032.740101779345,4790068.633765541017,-4484.156741036713,-2825.460188629904,5362.666762052868,188.290121735265,44.197040186613,994963.785780786420,-4579.482601651581,6683.035495918202,109,7168109,6652.832031250000,-30.203464668202,5099874,1196033,4790069,-4484157,-2825460,5362667,994964,-4579483,6683035,0,0
3,69.295000000000,70.902403225433,208,2026-09-06T05:16:02Z,-5164.983136000000,208000,1190,5095386.458549855277,1193206.980945627438,4795428.640821899287,-4490.213714361744,-2826.128638377213,5357.319839178672,188.506561032947,44.506921005735,990399.296074664104,-4549.561492202575,6639.370336790216,109,7168109,6652.832031250000,13.461694459784,5095386,1193207,4795429,-4490214,-2826129,5357320,990399,-4549561,6639370,0,0
3,69.295000000000,70.902403225433,209,2026-09-06T05:16:03Z,-5163.983136000000,209000,1191,5090893.280352015048,1190380.555223502219,4800783.298019271344,-4496.265963238329,-2826.793110095650,5351.966797514251,188.727283543538,44.818954572933,985864.937621714198,-4519.219011618934,6595.090252681685,108,7168108,6591.796875000000,-3.293377681685,5090893,1190381,4800783,-4496266,-2826793,5351967,985865,-4519219,6595090,0,0
3,69.295000000000,70.902403225433,210,2026-09-06T05:16:04Z,-5162.983136000000,210000,1192,5086394.052148912102,1187553.466913189273,4806132.599241060205,-4502.313479904842,-2827.453605204028,5346.607642562049,188.952413376317,45.133138275268,981361.134256958147,-4488.450232600308,6550.188052971748,107,7168107,6530.761718750000,-19.426334221748,5086394,1187553,4806133,-4502313,-2827454,5346608,981361,-4488450,6550188,0,0
3,69.295000000000,70.902403225433,211,2026-09-06T05:16:05Z,-5161.983136000000,211000,1193,5081888.778675956652,1184725.719992121914,4811476.538376072422,-4508.356257343621,-2828.110121935879,5341.242379844516,189.182079203164,45.449468222477,976888.314733354491,-4457.250247560328,6504.656575809000,107,7168107,6530.761718750000,26.105142941000,5081889,1184726,4811477,-4508356,-2828110,5341242,976888,-4457250,6504657,0,0
3,69.295000000000,70.902403225433,212,2026-09-06T05:16:06Z,-5160.983136000000,212000,1194,5077377.464675805531,1181897.318437982816,4816815.109318739735,-4514.394287865798,-2828.762661427163,5335.871014884106,189.416414454350,45.767939176699,972446.912699737702,-4425.614172854605,6458.488694281595,106,7168106,6469.726562500000,11.237868218405,5077377,1181897,4816815,-4514394,-2828763,5335871,972447,-4425614,6458489,0,0
3,69.295000000000,70.902403225433,213,2026-09-06T05:16:07Z,-5159.983136000000,213000,1195,5072860.114898621105,1179068.266228691209,4822148.305968916044,-4520.427564294550,-2829.411222649014,5330.493553207816,189.655557523439,46.088544478944,968037.366674381658,-4393.537154234155,6411.677324375661,105,7168105,6408.691406250000,-2.985918125661,5072860,1179068,4822148,-4520428,-2829411,5330494,968037,-4393537,6411677,0,0
3,69.295000000000,70.902403225433,214,2026-09-06T05:16:08Z,-5158.983136000000,214000,1196,5068336.734101865441,1176238.567342278082,4827476.122232063673,-4526.456079212039,-2830.055805589609,5325.110000355380,189.899651981678,46.411275972214,963660.120013021049,-4361.014371742296,6364.215432121559,104,7168104,6347.656250000000,-16.559182121559,5068337,1176239,4827476,-4526456,-2830056,5325110,963660,-4361014,6364215,0,0
3,69.295000000000,70.902403225433,215,2026-09-06T05:16:09Z,-5157.983136000000,215000,1197,5063807.327050472610,1173408.225756827509,4832798.552019095980,-4532.479825187693,-2830.696410384917,5319.720361869258,190.148846802270,46.736123921089,959315.620871913852,-4328.041045246703,6316.096041667040,103,7168103,6286.621093750000,-29.474947917040,5063807,1173408,4832799,-4532480,-2830696,5319720,959316,-4328041,6316096,0,0
3,69.295000000000,70.902403225433,216,2026-09-06T05:16:10Z,-5156.983136000000,216000,1198,5059271.898516702466,1170577.245451018913,4838115.589246451855,-4538.498794913721,-2831.333036601336,5314.324643301916,190.403296594887,47.063076927631,955004.322165143676,-4294.612440134701,6267.312243588634,103,7168103,6286.621093750000,19.308850161366,5059272,1170577,4838116,-4538499,-2831333,5314325,955004,-4294612,6267312,0,0
3,69.295000000000,70.902403225433,217,2026-09-06T05:16:11Z,-5155.983136000000,217000,1199,5054730.453280095011,1167745.630403162912,4843427.227836298756,-4544.512980929539,-2831.965684529450,5308.922850206727,190.663161851054,47.392121843448,950726.681516078534,-4260.723873084816,6217.857203314325,102,7168102,6225.585937500000,7.728734185675,5054730,1167746,4843427,-4544513,-2831966,5308923,950727,-4260724,6217857,0,0
3,69.295000000000,70.902403225433,218,2026-09-06T05:16:12Z,-5154.983136000000,218000,1200,5050182.996127639897,1164913.384592059767,4848733.461716219783,-4550.522375975561,-2832.594353601962,5303.514988153438,190.928609200520,47.723243677702,946483.161203227355,-4226.370718330395,6167.724170264310,101,7168101,6164.550781250000,-3.173389014310,5050183,1164913,4848733,-4550522,-2832594,5303515,946483,-4226371,6167724,0,0
3,69.295000000000,70.902403225433,219,2026-09-06T05:16:13Z,-5153.983136000000,219000,1201,5045629.531853774562,1162080.511996058980,4854034.284819411114,-4556.526972631218,-2833.219043974850,5298.101062709065,191.199811679393,48.056425500914,942274.228099526372,-4191.548413840347,6116.906486870834,100,7168100,6103.515625000000,-13.390861870834,5045630,1162081,4854034,-4556527,-2833219,5298101,942274,-4191548,6116906,0,0
3,69.295000000000,70.902403225433,220,2026-09-06T05:16:14Z,-5152.983136000000,220000,1202,5041070.065260034986,1159247.016594625078,4859329.691084664315,-4562.526763606911,-2833.839755235658,5292.681079451540,191.476949010069,48.391648344375,938100.353605106240,-4156.252468027597,6065.397598368115,99,7168099,6042.480468750000,-22.917129618115,5041070,1159247,4859330,-4562527,-2833840,5292681,938100,-4156252,6065398,0,0
3,69.295000000000,70.902403225433,221,2026-09-06T05:16:15Z,-5151.983136000000,221000,1203,5036504.601155631244,1156412.902366234455,4864619.674456283450,-4568.521741591212,-2834.456487119951,5287.255043968798,191.760207893951,48.728891094899,933962.013573830947,-4120.478466491145,6013.191062631322,99,7168099,6042.480468750000,29.289406118678,5036505,1156413,4864620,-4568522,-2834456,5287255,933962,-4120478,6013191,0,0
3,69.295000000000,70.902403225433,222,2026-09-06T05:16:16Z,-5150.983136000000,222000,1204,5031933.144356887788,1153578.173290641280,4869904.228884134442,-4574.511899048048,-2835.069240375333,5281.822961848775,192.049782316647,49.068130384792,929859.688232321758,-4084.222078959263,5960.280560309085,98,7168098,5981.445312500000,21.164752190915,5031933,1153578,4869904,-4574512,-2835069,5281823,929860,-4084222,5960281,0,0
3,69.295000000000,70.902403225433,223,2026-09-06T05:16:17Z,-5149.983136000000,223000,1205,5027355.699687612243,1150742.833346346859,4875183.348323836923,-4580.497228897002,-2835.678013740790,5276.384838693048,192.345873866898,49.409340476733,925793.862092205556,-4047.479066888143,5906.659905912518,97,7168097,5920.410156250000,13.750250337482,5027356,1150743,4875183,-4580497,-2835678,5276385,925794,-4047479,5906660,0,0
3,69.295000000000,70.902403225433,224,2026-09-06T05:16:18Z,-5148.983136000000,224000,1206,5022772.271978745237,1147906.886513454374,4880457.026736495085,-4586.477723577445,-2836.282808117176,5270.940680104104,192.648692068675,49.752493143374,921765.023854807485,-4010.245290522169,5852.323058118590,96,7168096,5859.375000000000,7.051941881410,5022772,1147907,4880457,-4586478,-2836283,5270941,921765,-4010245,5852323,0,0
3,69.295000000000,70.902403225433,225,2026-09-06T05:16:19Z,-5147.983136000000,225000,1207,5018182.866068811156,1145070.336771176895,4885725.258088793606,-4592.453375826153,-2836.883623116591,5265.490491695346,192.958454727813,50.097557541383,917773.666308463085,-3972.516717006763,5797.264131609537,95,7168095,5798.339843750000,1.075712140463,5018183,1145070,4885725,-4592453,-2836884,5265490,917774,-3972517,5797264,0,0
3,69.295000000000,70.902403225433,226,2026-09-06T05:16:20Z,-5146.983136000000,226000,1208,5013587.486803468317,1142233.188099051360,4890988.036353166215,-4598.424178512687,-2837.480457787706,5260.034279082902,193.275388292668,50.444500079711,913820.286217519897,-3934.289428281043,5741.477408590967,94,7168094,5737.304687500000,-4.172721090967,5013587,1142233,4890988,-4598424,-2837480,5260034,913820,-3934289,5741477,0,0
3,69.295000000000,70.902403225433,227,2026-09-06T05:16:21Z,-5145.983136000000,227000,1209,5008986.139035748318,1139395.444476574659,4896245.355507641099,-4604.390123990015,-2838.073313468840,5254.572047896545,193.599728229548,50.793284281756,909905.384203719092,-3895.559628908920,5684.957350220106,93,7168093,5676.269531250000,-8.687818970106,5008986,1139395,4896245,-4604390,-2838073,5254572,909905,-3895560,5684957,0,0
3,69.295000000000,70.902403225433,228,2026-09-06T05:16:22Z,-5144.983136000000,228000,1210,5004378.827626147307,1136557.109884188743,4901497.209535577334,-4610.351205267762,-2838.662188650460,5249.103803764228,193.931719412892,51.143870641174,906029.464619245497,-3856.323655126006,5627.698609808347,92,7168092,5615.234375000000,-12.464234808347,5004379,1136557,4901497,-4610351,-2838662,5249104,906029,-3856324,5627699,0,0
3,69.295000000000,70.902403225433,229,2026-09-06T05:16:23Z,-5143.983136000000,229000,1211,4999765.557442420162,1133718.188300653594,4906743.592426376417,-4616.307414680705,-2839.247084817771,5243.629552327548,194.271616530819,51.496216471053,902193.035410797223,-3816.577982707778,5569.696044303599,91,7168091,5554.199218750000,-15.496825553599,4999766,1133718,4906744,-4616307,-2839247,5243630,902193,-3816578,5569696,0,0
3,69.295000000000,70.902403225433,230,2026-09-06T05:16:24Z,-5142.983136000000,230000,1212,4995146.333359395154,1130878.683706901735,4911984.498174885288,-4622.258745270301,-2839.828000333682,5238.149299233555,194.619684505106,51.850275746111,898396.607975354884,-3776.319236575743,5510.944728308968,90,7168090,5493.164062500000,-17.780665808968,4995146,1130879,4911984,-4622259,-2839828,5238149,898397,-3776319,5510945,0,0
3,69.295000000000,70.902403225433,231,2026-09-06T05:16:25Z,-5141.983136000000,231000,1213,4990521.160259583965,1128038.600082229124,4917219.920781599358,-4628.205189446817,-2840.404936405093,5232.663050131123,194.976198926981,52.205998937562,894640.697007220355,-3735.544199050870,5451.439966127353,89,7168089,5432.128906250000,-19.311059877353,4990521,1128039,4917220,-4628205,-2840405,5232663,894641,-3735544,5451440,0,0
3,69.295000000000,70.902403225433,232,2026-09-06T05:16:26Z,-5140.983136000000,232000,1214,4985890.043032424524,1125197.941407230916,4922449.854252754711,-4634.146740105280,-2840.977892120918,5227.170810682765,195.341446507090,52.563332840434,890925.820335215074,-3694.249819704361,5391.177306137094,88,7168088,5371.093750000000,-20.083556137094,4985890,1125198,4922450,-4634147,-2840978,5227171,890926,-3694250,5391177,0,0
3,69.295000000000,70.902403225433,233,2026-09-06T05:16:27Z,-5139.983136000000,233000,1215,4981252.986574961804,1122356.711661454523,4927674.292600210756,-4640.083389917891,-2841.546867561647,5221.672586551904,195.715725540560,52.922220392833,887252.498751472682,-3652.433224327048,5330.152553881404,87,7168087,5310.058593750000,-20.093960131404,4981253,1122357,4927674,-4640083,-2841547,5221673,887252,-3652433,5330153,0,0
3,69.295000000000,70.902403225433,234,2026-09-06T05:16:28Z,-5138.983136000000,234000,1216,4976609.995791359805,1119514.914825525135,4932893.229841429740,-4646.015131533204,-2842.111862958291,5216.168383412878,196.099346385621,53.282600486934,883621.255830023088,-3610.091724600678,5268.361786182082,86,7168086,5249.023437500000,-19.338348682082,4976610,1119515,4932893,-4646015,-2842112,5216168,883621,-3610092,5268362,0,0
3,69.295000000000,70.902403225433,235,2026-09-06T05:16:29Z,-5137.983136000000,235000,1217,4971961.075593221001,1116672.554879409028,4938106.659999563359,-4651.941957662530,-2842.672878261283,5210.658206947301,196.492631955956,53.644407771232,880032.617736234330,-3567.222827849246,5205.801365370056,85,7168085,5187.988281250000,-17.813084120056,4971961,1116673,4938107,-4651942,-2842673,5210658,880033,-3567223,5205801,0,0
3,69.295000000000,70.902403225433,236,2026-09-06T05:16:30Z,-5136.983136000000,236000,1218,4967306.230899241753,1113829.635803643148,4943314.577103527263,-4657.863861153601,-2843.229912863535,5205.142062836785,196.895918225076,54.007572443757,876487.113026071689,-3523.824246944972,5142.467953741603,84,7168084,5126.953125000000,-15.514828741603,4967306,1113830,4943315,-4657864,-2843230,5205142,876487,-3523824,5142468,0,0
3,69.295000000000,70.902403225433,237,2026-09-06T05:16:31Z,-5135.983136000000,237000,1219,4962645.466635601595,1110986.161578283645,4948516.975187847391,-4663.780834508543,-2843.782967714560,5199.619956777497,197.309554742000,54.372020035770,872985.272435932071,-3479.893909960241,5078.358527643833,83,7168083,5065.917968750000,-12.440558893833,4962645,1110986,4948517,-4663781,-2843783,5199620,872985,-3479894,5078359,0,0
3,69.295000000000,70.902403225433,238,2026-09-06T05:16:32Z,-5134.983136000000,238000,1220,4957978.787735456601,1108142.136184217175,4953713.848292831331,-4669.692870709696,-2844.332041654070,5194.091894468329,197.733905156126,54.737671185676,869527.628661827534,-3435.429970790308,5013.470392976864,82,7168082,5004.882812500000,-8.587580476864,4957979,1108142,4953714,-4669693,-2844332,5194092,869528,-3435430,5013470,0,0
3,69.295000000000,70.902403225433,239,2026-09-06T05:16:33Z,-5133.983136000000,239000,1221,4953306.199139560573,1105297.563601264963,4958905.190464457497,-4675.599962262822,-2844.877135639308,5188.557881618181,198.169347749872,55.104441402621,866114.716129246750,-3390.430818686346,4947.801199105805,81,7168081,4943.847656250000,-3.953542855805,4953306,1105298,4958905,-4675600,-2844877,5188558,866115,-3390431,4947801,0,0
3,69.295000000000,70.902403225433,240,2026-09-06T05:16:34Z,-5132.983136000000,240000,1222,4948627.705795836635,1102452.447809856618,4964090.995754347183,-4681.502102066588,-2845.418248944952,5183.017923938678,198.616275975839,55.472240819528,862747.070752055850,-3344.895089087639,4881.348954668641,80,7168080,4882.812500000000,1.463545331359,4948628,1102452,4964091,-4681502,-2845418,5183018,862747,-3344895,4881349,0,0
3,69.295000000000,70.902403225433,241,2026-09-06T05:16:35Z,-5131.983136000000,241000,1223,4943943.312659450807,1099606.792790587293,4969271.258219851181,-4687.399282705883,-2845.955382256989,5177.472027149634,199.075098996099,55.840973935117,859425.229681495344,-3298.821673427066,4814.112041885794,79,7168079,4821.777343750000,7.665301864206,4943943,1099607,4969271,-4687399,-2845955,5177472,859425,-3298822,4814112,0,0
3,69.295000000000,70.902403225433,242,2026-09-06T05:16:36Z,-5130.983136000000,242000,1224,4939253.024692810141,1096760.602523746667,4974445.971924114041,-4693.291497144855,-2846.488534578612,5171.920196976316,199.546242219696,56.210539344546,856149.731044800952,-3252.209729931638,4746.089232321820,78,7168078,4760.742187500000,14.652955178180,4939253,1096761,4974446,-4693291,-2846489,5171920,856150,-3252210,4746089,0,0
3,69.295000000000,70.902403225433,243,2026-09-06T05:16:37Z,-5129.983136000000,243000,1225,4934556.846865588799,1093913.880989956437,4979615.130935941823,-4699.178737881994,-2847.017707025998,5166.362439154000,200.030147833845,56.580829458366,852921.113673538784,-3205.058693351091,4677.279701082749,77,7168077,4699.707031250000,22.427330167251,4934557,1093914,4979615,-4699179,-2847018,5166362,852921,-3205059,4677280,0,0
3,69.295000000000,70.902403225433,244,2026-09-06T05:16:38Z,-5128.983136000000,244000,1226,4929854.784154580906,1091066.632169926772,4984778.729329967871,-4705.060997862347,-2847.542898756956,5160.798759423415,200.527275323855,56.951730209478,849739.916821486200,-3157.368285912698,4607.683042802916,75,7168075,4577.636718750000,-30.046324052916,4929855,1091067,4984779,-4705061,-2847543,5160799,849740,-3157368,4607683,0,0
3,69.295000000000,70.902403225433,245,2026-09-06T05:16:39Z,-5127.983136000000,245000,1227,4925146.841544070281,1088218.860043566441,4989936.761186523363,-4710.938269811777,-2848.064109913139,5155.229163528929,201.038101975574,57.323120747776,846606.679872621200,-3109.138527095604,4537.299285909076,74,7168074,4516.601562500000,-20.697723409076,4925147,1088219,4989937,-4710938,-2848064,5155229,846607,-3109139,4537299,0,0
3,69.295000000000,70.902403225433,246,2026-09-06T05:16:40Z,-5126.983136000000,246000,1228,4920433.024025386199,1085370.568591915071,4995089.220591629855,-4716.810546433408,-2848.581340785131,5149.653657228555,201.563123352730,57.694873122394,843521.942038276931,-3060.369743952713,4466.128907683568,73,7168073,4455.566406250000,-10.562501433568,4920433,1085371,4995089,-4716811,-2848581,5149654,843522,-3060370,4466129,0,0
3,69.295000000000,70.902403225433,247,2026-09-06T05:16:41Z,-5125.983136000000,247000,1229,4915713.336597286165,1082521.761795020662,5000236.101637074724,-4722.677820524950,-2849.094591244693,5144.072246278483,202.102853741521,58.066851951266,840486.242044792394,-3011.062581271353,4394.172849092211,72,7168072,4394.531250000000,0.358400907789,4915713,1082522,5000236,-4722678,-2849095,5144072,840486,-3011063,4394173,0,0
3,69.295000000000,70.902403225433,248,2026-09-06T05:16:42Z,-5124.983136000000,248000,1230,4910987.784265677445,1079672.443633184070,5005377.398420463316,-4728.540084858651,-2849.603861310470,5138.484936446730,202.657826551749,58.438914078116,837500.117810675409,-2961.218011422199,4321.432529157261,71,7168071,4333.496093750000,12.063564592739,4910988,1079672,5005377,-4728540,-2849604,5138485,837500,-2961218,4321433,0,0
3,69.295000000000,70.902403225433,249,2026-09-06T05:16:43Z,-5123.983136000000,249000,1231,4906256.372043453157,1076822.618087489391,5010513.105045197532,-4734.397332246772,-2850.109150868775,5132.891733505858,203.228594663577,58.810908216864,834564.106113950838,-2910.837344185201,4247.909859296813,70,7168070,4272.460937500000,24.551078203187,4906256,1076823,5010513,-4734397,-2850109,5132892,834564,-2910837,4247910,0,0
3,69.295000000000,70.902403225433,250,2026-09-06T05:16:44Z,-5122.983136000000,250000,1232,4901519.104951077141,1073972.289137779502,5015643.215620396659,-4740.249555376977,-2850.610460365942,5127.292643242072,203.815730707029,59.182674583623,831678.742250444135,-2859.922236177388,4173.607257083189,68,7168068,4150.390625000000,-23.216632083189,4901519,1073972,5015643,-4740250,-2850610,5127293,831679,-2859922,4173607,0,0
3,69.295000000000,70.902403225433,251,2026-09-06T05:16:45Z,-5121.983136000000,251000,1233,4896775.988016040996,1071121.460764701944,5020767.724260967225,-4746.096747067895,-2851.107789695334,5121.687671433392,204.419827258321,59.554044516854,828844.559681725106,-2808.474700405704,4098.527660183819,67,7168067,4089.355468750000,-9.172191433819,4896776,1071121,5020768,-4746097,-2851108,5121688,828845,-2808475,4098528,0,0
3,69.295000000000,70.902403225433,252,2026-09-06T05:16:46Z,-5120.983136000000,252000,1234,4892027.026273163036,1068270.136948148021,5025886.625087653287,-4751.938900290043,-2851.601138062279,5116.076823880576,205.041496936745,59.924840086082,826062.089674526826,-2756.497115340846,4022.674539603062,66,7168066,4028.320312500000,5.645772896938,4892027,1068270,5025887,-4751939,-2851601,5116077,826062,-2756497,4022675,0,0
3,69.295000000000,70.902403225433,253,2026-09-06T05:16:47Z,-5119.983136000000,253000,1235,4887272.224764316343,1065418.321668974124,5030999.912226931192,-4757.776007535540,-2852.090506904005,5110.460106380742,205.681372381588,60.294873690188,823331.860930747818,-2703.992233159739,3946.051911710820,65,7168065,3967.285156250000,21.233244539180,4887272,1065418,5031000,-4757776,-2852091,5110460,823332,-2703992,3946052,0,0
3,69.295000000000,70.902403225433,254,2026-09-06T05:16:48Z,-5118.983136000000,254000,1236,4882511.588538889773,1062566.018906761659,5036107.579811038449,-4763.608061881314,-2852.575895016344,5104.837524742834,206.340106087760,60.663947646261,820654.399209507392,-2650.963189040311,3868.664351806795,63,7168063,3845.214843750000,-23.449508056795,4882512,1062566,5036108,-4763608,-2852576,5104838,820654,-2650963,3868664,0,0
3,69.295000000000,70.902403225433,255,2026-09-06T05:16:49Z,-5117.983136000000,255000,1237,4877745.122653006576,1059713.232642342802,5041209.621978188865,-4769.435055887698,-2853.057303566402,5099.209084777613,207.018370073896,61.031853770752,818030.226939975750,-2597.413508266900,3790.517004489716,62,7168062,3784.179687500000,-6.337316989716,4877745,1059713,5041210,-4769435,-2853057,5099209,818030,-2597414,3790517,0,0
3,69.295000000000,70.902403225433,256,2026-09-06T05:16:50Z,-5116.983136000000,256000,1238,4872972.832170318812,1056859.966855587438,5046306.032872294076,-4775.256982576138,-2853.534731642867,5093.574792309482,207.716855355916,61.398372954528,815459.862827593577,-2543.347114676966,3711.615595983981,61,7168061,3723.144531250000,11.528935266019,4872973,1056860,5046306,-4775257,-2853535,5093575,815460,-2543347,3711616,0,0
3,69.295000000000,70.902403225433,257,2026-09-06T05:16:51Z,-5115.983136000000,257000,1239,4868194.722161630169,1054006.225526587339,5051396.806643069722,-4781.073834610652,-2854.008180001983,5087.934653162847,208.436271193512,61.763274734521,812943.821452001343,-2488.768337107758,3631.966443547570,60,7168060,3662.109375000000,30.142931452430,4868195,1054006,5051397,-4781074,-2854008,5087935,812944,-2488768,3631966,0,0
3,69.295000000000,70.902403225433,258,2026-09-06T05:16:52Z,-5114.983136000000,258000,1240,4863410.797704765573,1051152.012635136954,5056481.937446254306,-4786.885604929012,-2854.477648163993,5082.288673170297,209.177344075214,62.126316864765,810482.612858315464,-2433.681916603585,3551.576465989911,58,7168058,3540.039062500000,-11.537403489911,4863411,1051152,5056482,-4786886,-2854478,5082289,810483,-2433682,3551576,0,0
3,69.295000000000,70.902403225433,259,2026-09-06T05:16:53Z,-5113.983136000000,259000,1241,4858621.063884898089,1048297.332161652041,5061561.419443129562,-4792.692286234342,-2854.943136755310,5076.636858176244,209.940816402935,62.487244890438,808076.742142177653,-2378.093012084366,3470.453191944242,57,7168057,3479.003906250000,8.550714305758,4858621,1048297,5061561,-4792692,-2854943,5076637,808077,-2378093,3470453,0,0
3,69.295000000000,70.902403225433,260,2026-09-06T05:16:54Z,-5112.983136000000,260000,1242,4853825.525794486515,1045442.188085456844,5066635.246800933965,-4798.493871507162,-2855.404645165663,5070.979214023282,210.727444834312,62.845791729259,805726.709028942045,-2322.007206355673,3388.604768638333,56,7168056,3417.968750000000,29.363981361667,4853826,1045442,5066635,-4798494,-2855405,5070979,805727,-2322007,3388605,0,0
3,69.295000000000,70.902403225433,261,2026-09-06T05:16:55Z,-5111.983136000000,261000,1243,4849024.188532781787,1042586.584386824165,5071703.413692887872,-4804.290353397846,-2855.862174309550,5065.315746568558,211.537998235855,63.201677265492,803433.007447085110,-2265.430510473052,3306.039968263511,54,7168054,3295.898437500000,-10.141530763511,4849024,1042587,5071703,-4804290,-2855862,5065316,803433,-2265431,3306040,0,0
3,69.295000000000,70.902403225433,262,2026-09-06T05:16:56Z,-5110.983136000000,262000,1244,4844217.057206572033,1039730.525044906419,5076765.914297931828,-4810.081724891461,-2856.315723586931,5059.646461669217,212.373255198406,63.554607962424,801196.125098037650,-2208.369368649812,3222.768195136826,53,7168053,3234.863281250000,12.095086113174,4844217,1039731,5076766,-4810082,-2856316,5059646,801196,-2208369,3222768,0,0
3,69.295000000000,70.902403225433,263,2026-09-06T05:16:57Z,-5109.983136000000,263000,1245,4839404.136929581873,1036874.014039867674,5081822.742800876498,-4815.867978658389,-2856.765293922308,5053.971365194229,213.234001060958,63.904276500798,799016.543020979501,-2150.830661227614,3138.799490036140,51,7168051,3112.792968750000,-26.006521286140,4839404,1036874,5081823,-4815868,-2856765,5053971,799017,-2150831,3138799,0,0
3,69.295000000000,70.902403225433,264,2026-09-06T05:16:58Z,-5108.983136000000,264000,1246,4834585.432822752744,1034017.055350585026,5086873.893392572179,-4821.649107833764,-2857.210884037841,5048.290463018020,214.121024388399,64.250361451208,796894.735155271133,-2092.821708297132,3054.144535483929,50,7168050,3051.757812500000,-2.386722983929,4834585,1034017,5086874,-4821649,-2857211,5048290,796895,-2092822,3054145,0,0
3,69.295000000000,70.902403225433,265,2026-09-06T05:16:59Z,-5107.983136000000,265000,1247,4829760.950014224276,1031159.652957072482,5091919.360269462690,-4827.425104950635,-2857.652495556295,5042.603761016835,215.035112844182,64.592526990265,794831.167899790918,-2034.350270764745,2968.814657303940,49,7168049,2990.722656250000,21.907998946060,4829761,1031160,5091919,-4827425,-2857652,5042604,794831,-2034350,2968815,0,0
3,69.295000000000,70.902403225433,266,2026-09-06T05:17:00Z,-5106.983136000000,266000,1248,4824930.693639374338,1028301.810838223435,5096959.137633989565,-4833.195963151411,-2858.090127212108,5036.911265081471,215.977048400756,64.930422671307,792826.299671053654,-1975.424552857173,2882.821828276324,47,7168047,2868.652343750000,-14.169484526324,4824931,1028302,5096959,-4833196,-2858090,5036911,792826,-1975425,2882822,0,0
3,69.295000000000,70.902403225433,267,2026-09-06T05:17:01Z,-5105.983136000000,267000,1249,4820094.668840512633,1025443.532973159337,5101993.219694607891,-4838.961674984603,-2858.523780632822,5031.212981104545,216.947601828256,65.263683262213,790880.580459890189,-1916.053201403193,2796.178667089406,46,7168046,2807.617187500000,11.438520410594,4820095,1025444,5101993,-4838962,-2858524,5031213,790881,-1916053,2796179,0,0
3,69.295000000000,70.902403225433,268,2026-09-06T05:17:02Z,-5104.983136000000,268000,1250,4815252.880767163821,1022584.823341226904,5107021.600665559061,-4844.722233568064,-2858.953454705670,5025.508914983220,217.947526406200,65.591928664085,788994.451388496906,-1856.245306662501,2708.898439549283,44,7168044,2685.546875000000,-23.351564549283,4815253,1022585,5107022,-4844722,-2858953,5025509,788994,-1856245,2708898,0,0
3,69.295000000000,70.902403225433,269,2026-09-06T05:17:03Z,-5103.983136000000,269000,1251,4810405.334576102905,1019725.685921104276,5112044.274766954593,-4850.477631723152,-2859.379149831398,5019.799072626483,218.977550806771,65.914763926316,787168.344268237823,-1796.010400178256,2620.995055445948,43,7168043,2624.511718750000,3.516663304052,4810405,1019726,5112044,-4850478,-2859379,5019799,787168,-1796010,2620995,0,0
3,69.295000000000,70.902403225433,270,2026-09-06T05:17:04Z,-5102.983136000000,270000,1252,4805552.035431044176,1016866.124691696605,5117061.236224939115,-4856.227862230298,-2859.800866553201,5014.083459947869,220.038371105248,66.231779375107,785402.681158822030,-1735.358452889403,2532.483065798520,41,7168041,2502.441406250000,-30.041659548520,4805552,1016866,5117061,-4856228,-2859801,5014083,785403,-1735358,2532483,0,0
3,69.295000000000,70.902403225433,271,2026-09-06T05:17:05Z,-5101.983136000000,271000,1253,4800692.988502804190,1014006.143631914863,5122072.479271570221,-4861.972918117317,-2860.218604325155,5008.362082865460,221.130641884759,66.542550873756,783697.873930422124,-1674.299872356630,2443.377658806966,40,7168040,2441.406250000000,-1.971408806966,4800693,1014006,5122072,-4861973,-2860219,5008362,783698,-1674300,2443378,0,0
3,69.295000000000,70.902403225433,272,2026-09-06T05:17:06Z,-5100.983136000000,272000,1254,4795828.198969761841,1011145.746720002964,5127077.998144513927,-4867.712792093698,-2860.632364108142,5002.634947305523,222.254966416804,66.846640234496,782054.323829533882,-1612.845498121601,2353.694653079633,39,7168039,2380.371093750000,26.676440670367,4795828,1011146,5127078,-4867713,-2860632,5002635,782054,-1612845,2353695,0,0
3,69.295000000000,70.902403225433,273,2026-09-06T05:17:07Z,-5099.983136000000,273000,1255,4790957.672016891651,1008284.937934397603,5132077.787087785080,-4873.447477194532,-2861.042145368174,4996.902059204331,223.411885918418,67.143595802912,780472.421048545395,-1551.006597402288,2263.450491351256,37,7168037,2258.300781250000,-5.149710101256,4790958,1008285,5132078,-4873447,-2861042,4996902,780472,-1551007,2263450,0,0
3,69.295000000000,70.902403225433,274,2026-09-06T05:17:08Z,-5098.983136000000,274000,1256,4786081.412836543284,1005423.721253223950,5137071.840351124294,-4879.176966171144,-2861.447948938462,4991.163424496335,224.601867911444,67.432953236132,778952.544301717659,-1488.794858458884,2172.662230801556,36,7168036,2197.265625000000,24.603394198444,4786081,1005424,5137072,-4879177,-2861448,4991163,778953,-1488795,2172662,0,0
3,69.295000000000,70.902403225433,275,2026-09-06T05:17:09Z,-5097.983136000000,275000,1257,4781199.426628060639,1002562.100654986571,5142060.152190217748,-4884.901252087730,-2861.849774159623,4985.419049131451,225.825293739203,67.714236496902,777495.060406964156,-1426.222384290708,2081.347533856856,34,7168034,2075.195312500000,-6.152221356856,4781199,1002562,5142060,-4884901,-2861850,4985419,777495,-1426222,2081348,0,0
3,69.295000000000,70.902403225433,276,2026-09-06T05:17:10Z,-5096.983136000000,276000,1258,4776311.718597979285,999700.080117040896,5147042.716866804287,-4890.620327710167,-2862.247621875440,4979.668939060502,227.082445331881,67.986959084659,776100.323875675327,-1363.301683984067,1989.524655563647,33,7168033,2014.160156250000,24.635500686353,4776312,999700,5147043,-4890620,-2862248,4979669,776100,-1363302,1989525,0,0
3,69.295000000000,70.902403225433,277,2026-09-06T05:17:11Z,-5095.983136000000,277000,1259,4771418.293959805742,996837.663617551327,5152019.528648509644,-4896.334186058994,-2862.641491711315,4973.913100244317,228.373491351942,68.250625524114,774768.676510287565,-1300.045664399599,1897.212431457580,31,7168031,1892.089843750000,-5.122587707580,4771418,996838,5152020,-4896334,-2862641,4973913,774769,-1300046,1897212,0,0
3,69.295000000000,70.902403225433,278,2026-09-06T05:17:12Z,-5094.983136000000,278000,1260,4766519.157934284769,993974.855133996229,5156990.581808872521,-4902.042819933740,-2863.031384380633,4968.151538646453,229.698472899169,68.504733129130,773500.447012023767,-1236.467619672641,1804.430262240889,30,7168030,1831.054687500000,26.624425259111,4766519,993975,5156991,-4902043,-2863031,4968152,773500,-1236468,1804430,0,0
3,69.295000000000,70.902403225433,279,2026-09-06T05:17:13Z,-5093.983136000000,279000,1261,4761614.315749243833,991111.658643670264,5161955.870627440512,-4907.746222394962,-2863.417299386811,4962.384260240469,231.057289003588,68.748774057078,772295.950598633033,-1172.581220842624,1711.198098648125,28,7168028,1708.984375000000,-2.213723648125,4761614,991112,5161956,-4907746,-2863417,4962384,772296,-1172581,1711198,0,0
3,69.295000000000,70.902403225433,280,2026-09-06T05:17:14Z,-5092.983136000000,280000,1262,4756703.772639480419,988248.078123932122,5166915.389389764518,-4913.444386167612,-2863.799237860803,4956.611271006295,232.449682188916,68.982237663991,771155.488633547677,-1108.400503235204,1617.536423032370,27,7168027,1647.949218750000,30.412795717630,4756704,988248,5166915,-4913444,-2863799,4956611,771155,-1108401,1617536,0,0
3,69.295000000000,70.902403225433,281,2026-09-06T05:17:15Z,-5091.983136000000,281000,1263,4751787.533846896142,985384.117552121752,5171869.132387326099,-4919.137304400465,-2864.177198907555,4950.832576927496,233.875224442650,69.204613165191,770079.348267626599,-1043.939854508053,1523.466231919927,25,7168025,1525.878906250000,2.412674330073,4751788,985384,5171869,-4919137,-2864177,4950833,770079,-1043940,1523466,0,0
3,69.295000000000,70.902403225433,282,2026-09-06T05:17:16Z,-5090.983136000000,282000,1264,4746865.604620539583,982519.780904528452,5176817.093917698599,-4924.824969803012,-2864.551183802632,4945.048183996732,235.333303980598,69.415392598887,769067.802094379906,-979.213999773332,1429.009014298929,23,7168023,1403.808593750000,-25.200420548929,4746866,982520,5176817,-4924825,-2864551,4945048,769068,-979214,1429009,0,0
3,69.295000000000,70.902403225433,283,2026-09-06T05:17:17Z,-5089.983136000000,283000,1265,4741937.990216340870,979655.072158495081,5181759.268284379505,-4930.507375537672,-2864.921191667122,4939.258098213031,236.823113238618,69.614074081851,768121.107818769873,-914.237987970217,1334.186731732157,22,7168022,1342.773437500000,8.586705767843,4741938,979655,5181759,-4930507,-2864921,4939258,768121,-914238,1334187,0,0
3,69.295000000000,70.902403225433,284,2026-09-06T05:17:18Z,-5088.983136000000,284000,1266,4737004.695897635072,976789.995289694285,5186695.649796844460,-4936.184514321212,-2865.287223779319,4933.462325581786,238.343638562167,69.800165335906,767239.507942382712,-849.027175113675,1239.021793911283,20,7168020,1220.703125000000,-18.318668911283,4737005,976790,5186696,-4936185,-2865287,4933462,767240,-849027,1239022,0,0
3,69.295000000000,70.902403225433,285,2026-09-06T05:17:19Z,-5087.983136000000,285000,1267,4732065.726934509352,973924.554275078815,5191626.232770564035,-4941.856379299679,-2865.649279410150,4927.660872112028,239.893652083458,69.973187454060,766423.229463170748,-783.597208908379,1143.537036203278,19,7168019,1159.667968750000,16.130932546722,4732066,973925,5191626,-4941856,-2865649,4927661,766423,-783597,1143537,0,0
3,69.295000000000,70.902403225433,286,2026-09-06T05:17:20Z,-5086.983136000000,286000,1268,4727121.088604311459,971058.753090014914,5196551.011527089402,-4947.522963306255,-2866.007359308924,4921.853743826432,241.471706282160,70.132678862298,765672.483593628509,-717.964010491844,1047.755693007399,17,7168017,1037.597656250000,-10.158036757399,4727121,971059,5196551,-4947523,-2866007,4921854,765672,-717964,1047756,0,0
3,69.295000000000,70.902403225433,287,2026-09-06T05:17:21Z,-5085.983136000000,287000,1269,4722170.786191229708,968192.595711019123,5201469.980393944308,-4953.184259328737,-2866.361463562157,4916.040946744943,243.076131702952,70.278199422594,764987.465495268698,-652.143756939136,951.701372223554,16,7168016,976.562500000000,24.861127776446,4722171,968193,5201470,-4953184,-2866361,4916041,764987,-652144,951701,0,0
3,69.295000000000,70.902403225433,288,2026-09-06T05:17:22Z,-5084.983136000000,288000,1270,4717214.824986598454,965326.086113408091,5206383.133704763837,-4958.840260273973,-2866.711592663592,4910.222486899329,244.705038260523,70.409334609923,764368.354032807867,-586.152862112959,855.398027306009,14,7168014,854.492187500000,-0.905839806009,4717215,965326,5206383,-4958840,-2866712,4910222,764368,-586153,855398,0,0
3,69.295000000000,70.902403225433,289,2026-09-06T05:17:23Z,-5083.983136000000,289000,1271,4712253.210288813338,962459.228272586362,5211290.465799120255,-4964.490959300747,-2867.057745902230,4904.398370331364,246.356320486185,70.525699686803,763815.311546666315,-520.007957583552,758.869929418985,12,7168012,732.421875000000,-26.448054418985,4712253,962459,5211290,-4964491,-2867058,4904398,763815,-520008,758870,0,0
3,69.295000000000,70.902403225433,290,2026-09-06T05:17:24Z,-5082.983136000000,290000,1272,4707285.947403226048,959592.026163674076,5216191.971022738144,-4970.136349103086,-2867.399924854908,4898.568603081912,248.027666970252,70.626943789392,763328.483645712957,-453.725871505757,662.141636611047,11,7168011,671.386718750000,9.245082138953,4707286,959592,5216192,-4970136,-2867400,4898569,763328,-453726,662142,0,0
3,69.295000000000,70.902403225433,291,2026-09-06T05:17:25Z,-5081.983136000000,291000,1273,4702313.041642407887,956724.483761662035,5221087.643727185205,-4975.776422907074,-2867.738128557221,4892.733191200932,249.716574124729,70.712753833468,762907.999020385556,-387.323609196726,565.237965471325,9,7168009,549.316406250000,-15.921559221325,4702313,956724,5221088,-4975776,-2867738,4892733,762908,-387324,565238,0,0
3,69.295000000000,70.902403225433,292,2026-09-06T05:17:26Z,-5080.983136000000,292000,1274,4697334.498325818218,953856.605041078292,5225977.478270238265,-4981.411173470406,-2868.072358320887,4886.892140750206,251.420364241729,70.782858145533,762553.969276842545,-320.818330503479,468.183958101014,8,7168008,488.281250000000,20.097291898986,4697334,953857,5225977,-4981411,-2868072,4886892,762554,-320818,468184,0,0
3,69.295000000000,70.902403225433,293,2026-09-06T05:17:27Z,-5079.983136000000,293000,1275,4692350.322779818438,950988.393976586056,5230861.469015777111,-4987.040594026439,-2868.402613198100,4881.045457785149,253.136207657334,70.837029725162,762266.488792507211,-254.227329349968,371.004852265532,6,7168006,366.210937500000,-4.793914765532,4692350,950988,5230861,-4987041,-2868403,4881045,762266,-254227,371005,0,0
3,69.295000000000,70.902403225433,294,2026-09-06T05:17:28Z,-5078.983136000000,294000,1276,4687360.520337879658,948119.854542649002,5235739.610333655030,-4992.664677321955,-2868.728894643709,4875.193148384824,254.861148660787,70.875089049506,762045.634593801689,-187.568010245604,273.726047112406,4,7168004,244.140625000000,-29.585422112406,4687361,948120,5235740,-4992665,-2868729,4875193,762046,-187568,273726,0,0
3,69.295000000000,70.902403225433,295,2026-09-06T05:17:29Z,-5077.983136000000,295000,1277,4682365.096340703778,945250.990712260245,5240611.896599816158,-4998.283416460254,-2869.051202384298,4869.335218618289,256.592134622966,70.896906340078,761891.466256427579,-120.857866983588,176.373072084821,3,7168003,183.105468750000,6.732396665179,4682365,945251,5240612,-4998283,-2869051,4869335,761891,-120858,176373,0,0
3,69.295000000000,70.902403225433,296,2026-09-06T05:17:30Z,-5076.983136000000,296000,1278,4677364.056135604158,942381.806459861109,5245478.322196342051,-5003.896804442775,-2869.369536685326,4863.471674575521,258.326047668113,70.902403225433,761804.025827115751,-54.114459229698,78.971552756651,1,7168001,61.035156250000,-17.936396506651,4677364,942382,5245478,-5003897,-2869370,4863472,761804,-54114,78972,0,0
3,69.295000000000,70.902403225433,297,2026-09-06T05:17:31Z,-5075.983136000000,297000,1279,4672357.405077230185,939512.305758329923,5250338.881511304528,-5009.504834352811,-2869.683897420146,4857.602522339221,260.059738091346,70.891553748920,761783.337769918260,12.644610161676,-18.452822271244,0,7168000,0.000000000000,18.452822271244,4672357,939512,5250339,-5009505,-2869684,4857603,761783,12645,-18453,0,0
3,69.295000000000,70.902403225433,298,2026-09-06T05:17:32Z,-5074.983136000000,298000,1280,4667345.148527099751,936642.492581087630,5255193.568938857876,-5015.107499018995,-2869.994285793950,4851.727768013006,261.790058636934,70.864384691548,761829.408934098319,79.401718750938,-115.874335816464,-2,7167998,-122.070312500000,-6.195976683536,4667345,936642,5255194,-5015107,-2869994,4851728,761829,79402,-115874,0,0
3,69.295000000000,70.902403225433,299,2026-09-06T05:17:33Z,-5073.983136000000,299000,1281,4662327.291853588074,933772.370901060989,5260042.378879418597,-5020.704791637399,-2870.300701159294,4845.847417694131,263.513898710343,70.820975199668,761942.228545991238,146.139246733200,-213.267274541559,-3,7167997,-183.105468750000,30.161805791559,4662327,933772,5260042,-5020705,-2870301,4845847,761942,146139,-213267,0,0
3,69.295000000000,70.902403225433,300,2026-09-06T05:17:34Z,-5072.983136000000,300000,1282,4657303.840432223864,930901.944690694683,5264885.305739367381,-5026.296705123059,-2870.603144331881,4839.961477492579,265.228217599391,70.761455729621,762121.768223774270,212.839601050084,-310.605964141406,-5,7167995,-305.175781250000,5.430182891406,4657304,930902,5264885,-5026297,-2870603,4839961,762122,212840,-310606,0,0
3,69.295000000000,70.902403225433,301,2026-09-06T05:17:35Z,-5071.983136000000,301000,1283,4652274.799645530060,928031.217922146316,5269722.343931204639,-5031.883232503787,-2870.901615604794,4834.069953523795,266.930075830265,70.686006342113,762367.982015284826,279.485237867859,-407.864802146518,-7,7167993,-427.246093750000,-19.381291603482,4652275,928031,5269722,-5031883,-2870902,4834070,762368,279485,-407865,0,0
3,69.295000000000,70.902403225433,302,2026-09-06T05:17:36Z,-5070.983136000000,302000,1284,4647240.174882723019,925160.194567726459,5274553.487873717211,-5037.464366863787,-2871.196115008843,4828.172851907766,268.616663875594,70.594854398179,762680.806458706385,346.058685564133,-505.018291468521,-8,7167992,-488.281250000000,16.737041468521,4647240,925160,5274553,-5037464,-2871196,4828173,762681,346059,-505018,0,0
3,69.295000000000,70.902403225433,303,2026-09-06T05:17:37Z,-5069.983136000000,303000,1285,4642199.971540457569,922288.878598656273,5279378.731991548091,-5043.040101259976,-2871.486642713421,4822.270178777217,270.285327558641,70.488271724737,763060.160666650510,412.542567541303,-602.041073692789,-10,7167990,-610.351562500000,-8.310488807211,4642200,922289,5279379,-5043040,-2871487,4822270,763060,412543,-602041,0,0
3,69.295000000000,70.902403225433,304,2026-09-06T05:17:38Z,-5068.983136000000,304000,1286,4637154.195022022352,919417.273986860062,5284198.070715567097,-5048.610428603752,-2871.773199686572,4816.361940265779,271.933589650807,70.366571330950,763505.946431759512,478.919624814384,-698.907962041837,-11,7167989,-671.386718750000,27.521243291837,4637154,919417,5284198,-5048610,-2871773,4816362,763506,478920,-698908,0,0
3,69.295000000000,70.902403225433,305,2026-09-06T05:17:39Z,-5067.983136000000,305000,1287,4632102.850737741217,916545.384702826384,5289011.498482931405,-5054.175342073904,-2872.055785580187,4810.448142512541,273.559167325985,70.230103764380,764018.048355824314,545.172737420081,-795.593972618503,-13,7167987,-793.457031250000,2.136941368503,4632103,916545,5289011,-5054175,-2872056,4810448,764018,545173,-795594,0,0
3,69.295000000000,70.902403225433,306,2026-09-06T05:17:40Z,-5066.983136000000,306000,1288,4627045.944104842842,913673.214717860101,5293819.009736792184,-5059.734834584560,-2872.334401370722,4804.528791664779,275.159985305905,70.079253201522,764596.333999372902,611.284946845857,-892.074357137639,-15,7167985,-915.527343750000,-23.452986612361,4627046,913673,5293819,-5059735,-2872334,4804529,764596,611285,-892074,0,0
3,69.295000000000,70.902403225433,307,2026-09-06T05:17:41Z,-5065.983136000000,307000,1289,4621983.480547684245,910800.768001888529,5298620.598926462233,-5065.288899353618,-2872.609046588991,4798.603893881591,276.734184694225,69.914433366446,765240.654053971055,677.239476307924,-988.324632518663,-16,7167984,-976.562500000000,11.762132518663,4621983,910801,5298621,-5065289,-2872609,4798604,765241,677239,-988325,0,0
3,69.295000000000,70.902403225433,308,2026-09-06T05:17:42Z,-5064.983136000000,308000,1290,4616915.465497306548,907928.048525391845,5303416.260507505387,-5070.837529306118,-2872.879722221228,4792.673455317527,278.280127643940,69.736083369229,765950.842534173280,743.019752245623,-1084.320612253228,-18,7167982,-1098.632812500000,-14.312200246772,4616915,907928,5303416,-5070838,-2872880,4792673,765951,743020,-1084321,0,0
3,69.295000000000,70.902403225433,309,2026-09-06T05:17:43Z,-5063.983136000000,309000,1291,4611841.904391767457,905055.060257980949,5308205.988941656426,-5076.380717615393,-2873.146428074278,4786.737482142598,279.796398127605,69.544663548272,766726.716990764602,808.609423493574,-1180.038434383959,-19,7167981,-1159.667968750000,20.370465633959,4611842,905055,5308206,-5076381,-2873146,4786737,766727,808609,-1180038,0,0
3,69.295000000000,70.902403225433,310,2026-09-06T05:17:44Z,-5062.983136000000,310000,1292,4606762.802676372230,902181.807169233216,5312989.778696518391,-5081.918457271968,-2873.409164879718,4780.795980527728,281.281799177998,69.340651392698,767568.078743015067,873.992381272514,-1275.454590677945,-21,7167979,-1281.738281250000,-6.283690572055,4606763,902182,5312990,-5081918,-2873409,4780796,767568,873992,-1275455,0,0
3,69.295000000000,70.902403225433,311,2026-09-06T05:17:45Z,-5061.983136000000,311000,1293,4601678.165802973323,899308.293227912276,5317767.624246271327,-5087.450741378234,-2873.667932848093,4774.848956656569,282.735347036955,69.124537609810,768474.713130373508,939.152777378232,-1370.545953170631,-22,7167978,-1342.773437500000,27.772515670631,4601678,899308,5317768,-5087451,-2873668,4774849,768475,939153,-1370546,0,0
3,69.295000000000,70.902403225433,312,2026-09-06T05:17:46Z,-5060.983136000000,312000,1294,4596587.999230380170,896434.522403458715,5322539.520071076229,-5092.977563014756,-2873.922732329333,4768.896416710959,284.156262690827,68.896822391668,769446.389781740145,1004.075042248131,-1465.289800531130,-24,7167976,-1464.843750000000,0.446050531130,4596588,896435,5322540,-5092978,-2873923,4768896,769446,1004075,-1465290,0,0
3,69.295000000000,70.902403225433,313,2026-09-06T05:17:47Z,-5059.983136000000,313000,1295,4591492.308424587362,893560.498663653038,5327305.460657287389,-5098.498915265736,-2874.173563674276,4762.938366886374,285.543961288332,68.658011922346,770482.862903437577,1068.743902020099,-1559.663842956961,-26,7167974,-1586.914062500000,-27.250219543039,4591492,893560,5327305,-5098499,-2874174,4762938,770483,1068744,-1559664,0,0
3,69.295000000000,70.902403225433,314,2026-09-06T05:17:48Z,-5058.983136000000,314000,1296,4586391.098858159967,890686.225977050839,5332065.440497547388,-5104.014791198097,-2874.420427372797,4756.974813382840,286.898039929976,68.408615157056,771583.871582301799,1133.144394811150,-1653.646245930169,-27,7167973,-1647.949218750000,5.697027180169,4586391,890686,5332065,-5104015,-2874420,4756975,771584,1133144,-1653646,0,0
3,69.295000000000,70.902403225433,315,2026-09-06T05:17:49Z,-5057.983136000000,315000,1297,4581284.376010836102,887811.708310830873,5336819.454090653919,-5109.525184009726,-2874.663323266191,4751.005762401292,288.218264293696,68.149140892268,772749.140106090694,1197.261885840479,-1747.215652287055,-29,7167971,-1770.019531250000,-22.803878962945,4581284,887812,5336819,-5109525,-2874663,4751006,772749,1197262,-1747216,0,0
3,69.295000000000,70.902403225433,316,2026-09-06T05:17:50Z,-5056.983136000000,316000,1298,4576172.145369088277,884936.949633003678,5341567.495941551402,-5115.030086673869,-2874.902252375477,4745.031220157216,289.504554524651,67.880095137646,773978.378297379822,1261.082082510370,-1840.351204226381,-30,7167970,-1831.054687500000,9.296516726381,4576172,884937,5341567,-5115030,-2874902,4745031,773978,1261082,-1840351,0,0
3,69.295000000000,70.902403225433,317,2026-09-06T05:17:51Z,-5055.983136000000,317000,1299,4571054.412426566705,882061.953909640317,5346309.560561440885,-5120.529492297464,-2875.137215071959,4739.051192866100,290.756970769265,67.601978790924,775271.281863141689,1324.591047354281,-1933.032562205076,-32,7167968,-1953.125000000000,-20.092437794924,4571054,882062,5346310,-5120529,-2875137,4739051,775271,1324591,-1933033,0,0
3,69.295000000000,70.902403225433,318,2026-09-06T05:17:52Z,-5054.983136000000,318000,1300,4565931.182683415711,879186.725108234677,5351045.642467758618,-5126.023394116601,-2875.368211085515,4733.065686754344,291.975698682579,67.315285611292,776627.532755328808,1387.775210638776,-2025.239923328773,-33,7167967,-2014.160156250000,11.079767078773,4565931,879187,5351046,-5126023,-2875368,4733066,776628,1387775,-2025240,0,0
3,69.295000000000,70.902403225433,319,2026-09-06T05:17:53Z,-5053.983136000000,319000,1301,4560802.461647018790,876311.267194365151,5355775.736184151843,-5131.511785147268,-2875.595241319616,4727.074708051077,293.161035182866,67.020500479578,778046.799545858637,1450.621382598731,-2116.954039207167,-35,7167965,-2136.230468750000,-19.276429542833,4560802,876311,5355776,-5131512,-2875595,4727075,778047,1450621,-2116954,0,0
3,69.295000000000,70.902403225433,320,2026-09-06T05:17:54Z,-5052.983136000000,320000,1302,4555668.254831354134,873435.584134216304,5360499.836240572855,-5136.994658511867,-2875.818306162159,4721.078262997253,294.313374675970,66.718097930970,779528.737810748629,1513.116763537773,-2208.156230694022,-36,7167964,-2197.265625000000,10.890605694022,4555668,873436,5360500,-5136995,-2875818,4721078,779529,1513117,-2208156,0,0
3,69.295000000000,70.902403225433,321,2026-09-06T05:17:55Z,-5051.983136000000,321000,1303,4550528.567757439800,870559.679893097840,5365217.937173153274,-5142.472007436481,-2876.037405489910,4715.076357831094,295.433195920278,66.408540941417,781072.990525751375,1575.248953480935,-2298.828401973704,-38,7167962,-2319.335937500000,-20.507535526296,4550529,870560,5365218,-5142472,-2876037,4715076,781073,1575249,-2298828,0,0
3,69.295000000000,70.902403225433,322,2026-09-06T05:17:56Z,-5050.983136000000,322000,1304,4545383.405953149311,867683.558436195832,5369930.033524250612,-5147.943824954382,-2876.252540220776,4709.068998807197,296.521049658830,66.092279947933,782679.188470431603,1637.005961381862,-2388.953053997658,-39,7167961,-2380.371093750000,8.581960247658,4545383,867684,5369930,-5147944,-2876253,4709069,782679,1637006,-2388953,0,0
3,69.295000000000,70.902403225433,323,2026-09-06T05:17:57Z,-5049.983136000000,323000,1305,4540232.774953310378,864807.223727916251,5374636.119842459448,-5153.410104126124,-2876.463711144424,4703.056192177428,297.577547103788,65.769752081288,784346.950640870025,1698.376212397255,-2478.513295100302,-41,7167959,-2502.441406250000,-23.928111149698,4540233,864807,5374636,-5153410,-2876464,4703056,784347,1698376,-2478513,0,0
3,69.295000000000,70.902403225433,324,2026-09-06T05:17:58Z,-5048.983136000000,324000,1306,4535076.680299513973,861930.679732489283,5379336.190682688728,-5158.870838317853,-2876.670917508250,4697.037944209114,298.603349324218,65.441380589660,786075.884669151506,1759.348554095269,-2567.492850059225,-42,7167958,-2563.476562500000,4.016287559225,4535077,861931,5379336,-5158871,-2876671,4697038,786076,1759349,-2567493,0,0
3,69.295000000000,70.902403225433,325,2026-09-06T05:17:59Z,-5047.983136000000,325000,1307,4529915.127540130168,859053.930413840571,5384030.240606153384,-5164.326020455519,-2876.874160889088,4691.014261167766,299.599157558605,65.107574431814,787865.587249258417,1819.912263463228,-2655.876070321830,-44,7167956,-2685.546875000000,-29.670804678170,4529915,859054,5384030,-5164326,-2876874,4691014,787866,1819912,-2655876,0,0
3,69.295000000000,70.902403225433,326,2026-09-06T05:18:00Z,-5046.983136000000,326000,1308,4524748.122230448760,856176.979735650704,5388718.264180265367,-5169.775643859793,-2877.073440804452,4684.985149331624,300.565704450042,64.768728019289,789715.644568112330,1880.057050145663,-2743.647938730758,-45,7167955,-2746.582031250000,-2.934092519242,4524748,856177,5388718,-5169776,-2877073,4684985,789716,1880057,-2743648,0,0
3,69.295000000000,70.902403225433,327,2026-09-06T05:18:01Z,-5045.983136000000,327000,1309,4519575.669932666235,853299.831660504453,5393400.255978764966,-5175.219701593960,-2877.268758192940,4678.950614977111,301.503746183309,64.425221088049,791625.632741193869,1939.773061384331,-2830.794076733060,-46,7167954,-2807.617187500000,23.176889233060,4519576,853300,5393400,-5175220,-2877269,4678951,791626,1939773,-2830794,0,0
3,69.295000000000,70.902403225433,328,2026-09-06T05:18:02Z,-5044.983136000000,328000,1310,4514397.776215768419,850422.490151234670,5398076.210581627674,-5180.658186868641,-2877.460113228722,4672.910664397932,302.414055488971,64.077418681623,793595.118250678759,1999.050884106274,-2917.300747427392,-48,7167952,-2929.687500000000,-12.386752572608,4514398,850422,5398076,-5180658,-2877460,4672911,793595,1999051,-2917301,0,0
3,69.295000000000,70.902403225433,329,2026-09-06T05:18:03Z,-5043.983136000000,329000,1311,4509214.446655700915,847544.959169610520,5402746.122575101443,-5186.091092757124,-2877.647506859830,4666.865303885061,303.297415468934,63.725671228720,795623.658386839088,2057.881547335551,-3003.154859083558,-49,7167951,-2990.722656250000,12.432202833558,4509214,847545,5402746,-5186091,-2877648,4666865,795624,2057882,-3003155,0,0
3,69.295000000000,70.902403225433,330,2026-09-06T05:18:04Z,-5042.983136000000,330000,1312,4504025.686835054308,844667.242677704198,5407409.986551795155,-5191.518412575533,-2877.830938756233,4660.814539741295,304.154614191630,63.370314700448,797710.801690020249,2116.256522491562,-3088.343965577875,-51,7167949,-3112.792968750000,-24.449003172125,4504026,844667,5407410,-5191518,-2877831,4660815,797711,2116257,-3088344,0,0
3,69.295000000000,70.902403225433,331,2026-09-06T05:18:05Z,-5041.983136000000,331000,1313,4498831.502343310975,841789.344636480557,5412067.797110652551,-5196.940139381695,-2878.010410003640,4654.758378270344,304.986439999955,63.011670833165,799856.088394066785,2174.167724440718,-3172.856267927908,-52,7167948,-3173.828125000000,-0.971857072092,4498832,841789,5412068,-5196940,-2878010,4654758,799856,2174168,-3172856,0,0
3,69.295000000000,70.902403225433,332,2026-09-06T05:18:06Z,-5040.983136000000,332000,1314,4493631.898776782677,838911.269006885123,5416719.548856852576,-5202.356266432616,-2878.185920669466,4648.696825790466,305.793677474006,62.650047405103,802059.050868590479,2231.607509933700,-3256.680612011907,-53,7167947,-3234.863281250000,21.817330761907,4493632,838911,5416720,-5202356,-2878186,4648697,802059,2231608,-3256681,0,0
3,69.295000000000,70.902403225433,333,2026-09-06T05:18:07Z,-5039.983136000000,333000,1315,4488426.881738624536,836033.019749419298,5421365.236401877366,-5207.766786889806,-2878.357471336017,4642.629888616284,306.577103989795,62.285738555789,804319.214060668950,2288.568676593017,-3339.806487091297,-55,7167945,-3356.933593750000,-17.127106658703,4488427,836033,5421365,-5207767,-2878357,4642630,804319,2288569,-3339806,0,0
3,69.295000000000,70.902403225433,334,2026-09-06T05:18:08Z,-5038.983136000000,334000,1316,4483216.456838647835,833154.600823778543,5426004.854363715276,-5213.171694000266,-2878.525062210656,4636.557573076061,307.337486816626,61.919025138980,806636.095934626297,2345.044460290241,-3422.224021983169,-56,7167944,-3417.968750000000,4.255271983169,4483216,833155,5426005,-5213172,-2878525,4636558,806636,2345044,-3422224,0,0
3,69.295000000000,70.902403225433,335,2026-09-06T05:18:09Z,-5037.983136000000,335000,1317,4478000.629693783820,830276.016189342947,5430638.397366400808,-5218.570980815457,-2878.688694521088,4630.479885500790,308.075580697783,61.550175101031,809009.207908626064,2401.028532563990,-3503.923981292236,-57,7167943,-3479.003906250000,24.920075042236,4478001,830276,5430638,-5218571,-2878689,4630480,809009,2401029,-3503924,0,0
3,69.295000000000,70.902403225433,336,2026-09-06T05:18:10Z,-5036.983136000000,336000,1318,4472779.405927553773,827397.269805344287,5435265.860040426254,-5223.964640736995,-2878.848367722640,4624.396832228740,308.792125862352,61.179443877572,811438.055288193282,2456.514995840655,-3584.897758436226,-59,7167941,-3601.074218750000,-16.176460313774,4472779,827397,5435266,-5223965,-2878848,4624397,811438,2456515,-3584898,0,0
3,69.295000000000,70.902403225433,337,2026-09-06T05:18:11Z,-5035.983136000000,337000,1319,4467552.791170227341,824518.365630101529,5439887.237022729591,-5229.352666802697,-2879.004083179098,4618.308419607274,309.487846418732,60.807074802542,813922.137695830897,2511.498380295881,-3665.137371065712,-60,7167940,-3662.109375000000,3.027996065712,4467553,824518,5439887,-5229353,-2879004,4618308,813922,2511498,-3665137,0,0
3,69.295000000000,70.902403225433,338,2026-09-06T05:18:12Z,-5034.983136000000,338000,1320,4462320.791058945470,821639.307621774497,5444502.522956483997,-5234.735052349606,-2879.155840737553,4612.214653984665,310.163449084616,60.433299524639,816460.949495243258,2565.973637508509,-3744.635451803035,-61,7167939,-3723.144531250000,21.490920553035,4462321,821639,5444503,-5234735,-2879156,4612215,816461,2565974,-3744635,0,0
3,69.295000000000,70.902403225433,339,2026-09-06T05:18:13Z,-5033.983136000000,339000,1321,4457083.411237706430,818760.099737656536,5449111.712491223589,-5240.111790455558,-2879.303641644469,4606.115541716463,310.819622211469,60.058338426777,819053.980210775859,2619.936135813207,-3823.385241460204,-63,7167937,-3845.214843750000,-21.829602289796,4457083,818760,5449112,-5240112,-2879304,4606116,819054,2619936,-3823385,0,0
3,69.295000000000,70.902403225433,340,2026-09-06T05:18:14Z,-5032.983136000000,340000,1322,4451840.657357045449,815880.745934854145,5453714.800282983109,-5245.482874559457,-2879.447485250921,4600.011089171858,311.457035065578,59.682401045184,821700.714940370293,2673.381652849072,-3901.380578164742,-64,7167936,-3906.250000000000,-4.869421835258,4451841,815881,5453715,-5245483,-2879447,4600011,821701,2673382,-3901381,0,0
3,69.295000000000,70.902403225433,341,2026-09-06T05:18:15Z,-5031.983136000000,341000,1323,4446592.535074573010,813001.250169987907,5458311.780993929133,-5250.848297725497,-2879.587372940023,4593.901302715494,312.076337330861,59.305686485159,824400.634762172354,2726.306370162799,-3978.615889483866,-65,7167935,-3967.285156250000,11.330733233866,4446593,813001,5458312,-5250848,-2879587,4593901,824401,2726306,-3978616,0,0
3,69.295000000000,70.902403225433,342,2026-09-06T05:18:16Z,-5030.983136000000,342000,1324,4441339.050054616295,810121.616398880607,5462902.649292688817,-5256.208053240698,-2879.723304959498,4587.786188726568,312.678158802749,58.928383831136,827153.217134332284,2778.706864802492,-4055.086180156975,-66,7167934,-4028.320312500000,26.765867656975,4441339,810122,5462903,-5256208,-2879723,4587786,827153,2778707,-4055086,0,0
3,69.295000000000,70.902403225433,343,2026-09-06T05:18:17Z,-5029.983136000000,343000,1325,4436080.207967947237,807241.848577657016,5467487.399854391813,-5261.562134320229,-2879.855281943151,4581.665753585185,313.263109245276,58.550672549300,829957.936286692391,2830.580102131204,-4130.787021608135,-68,7167932,-4150.390625000000,-19.603603391865,4436080,807242,5467487,-5261562,-2879855,4581666,829958,2830580,-4130787,0,0
3,69.295000000000,70.902403225433,344,2026-09-06T05:18:18Z,-5028.983136000000,344000,1326,4430816.014492478222,804361.950660751085,5472066.027360436507,-5266.910534305680,-2879.983303897006,4575.540003681454,313.831778386325,58.172722881070,832814.263605573098,2881.923427323211,-4205.714539536231,-69,7167931,-4211.425781250000,-5.711241713769,4430816,804362,5472066,-5266911,-2879983,4575540,832814,2881923,-4205715,0,0
3,69.295000000000,70.902403225433,345,2026-09-06T05:18:19Z,-5027.983136000000,345000,1327,4425546.475312672555,801481.926603212836,5476638.526498611085,-5272.253246265791,-2880.107372347879,4569.408945409123,314.384736029899,57.794696226634,835721.668008779874,2932.734557636009,-4279.865402637160,-70,7167930,-4272.460937500000,7.404465137160,4425546,801482,5476639,-5272253,-2880107,4569409,835722,2932735,-4279865,0,0
3,69.295000000000,70.902403225433,346,2026-09-06T05:18:20Z,-5026.983136000000,346000,1328,4420271.596119764261,798601.780358496122,5481204.891963222995,-5277.590263708589,-2880.227486431181,4563.272585168306,314.922532265310,57.416745517320,838679.616313588689,2983.011572147455,-4353.236807626800,-71,7167929,-4333.496093750000,19.740713876800,4420272,798602,5481205,-5277590,-2880227,4563273,838680,2983012,-4353237,0,0
3,69.295000000000,70.902403225433,347,2026-09-06T05:18:21Z,-5025.983136000000,347000,1329,4414991.382611702196,795721.515880610677,5485765.118454868905,-5282.921579650065,-2880.343648057988,4557.130929368213,315.445697757068,57.039015576630,841687.573594022542,3032.752904501570,-4425.826468654648,-73,7167927,-4455.566406250000,-29.739937595352,4414991,795722,5485765,-5282922,-2880344,4557131,841688,3032753,-4425826,0,0
3,69.295000000000,70.902403225433,348,2026-09-06T05:18:22Z,-5024.983136000000,348000,1330,4409705.840493487194,792841.137121958076,5490319.200680453330,-5288.247187580055,-2880.455856502635,4550.983984422601,315.954744100036,56.661643469126,844745.003530501970,3081.957331533141,-4497.632600703215,-74,7167926,-4516.601562500000,-18.968961796785,4409706,792841,5490319,-5288247,-2880456,4550984,844745,3081957,-4497633,0,0
3,69.295000000000,70.902403225433,349,2026-09-06T05:18:23Z,-5023.983136000000,349000,1331,4404414.975476302207,789960.648035643739,5494867.133353550918,-5293.567080551838,-2880.564113561718,4544.831756751591,316.450164227761,56.284758837345,847851.368748515029,3130.623965533528,-4568.653908301185,-75,7167925,-4577.636718750000,-8.982810448815,4404415,789961,5494867,-5293567,-2880564,4544832,847851,3130624,-4568654,0,0
3,69.295000000000,70.902403225433,350,2026-09-06T05:18:24Z,-5022.983136000000,350000,1332,4399118.793278452940,787080.052573199966,5499408.911194005981,-5298.881252044339,-2880.668418644177,4538.674252778037,316.932432861842,55.908484226309,851006.131148922141,3178.752242632684,-4638.889568568798,-76,7167924,-4638.671875000000,0.217693568798,4399119,787080,5499409,-5298881,-2880668,4538674,851006,3178752,-4638890,0,0
3,69.295000000000,70.902403225433,351,2026-09-06T05:18:25Z,-5021.983136000000,351000,1333,4393817.299624906853,784199.354685853701,5503944.528928101063,-5304.189695121750,-2880.768773552745,4532.511478935703,317.402006993654,55.532935395967,854208.752227293560,3226.341914590131,-4708.339219238072,-77,7167923,-4699.707031250000,8.632187988072,4393817,784199,5503945,-5304190,-2880769,4532511,854209,3226342,-4708339,0,0
3,69.295000000000,70.902403225433,352,2026-09-06T05:18:26Z,-5020.983136000000,352000,1334,4388510.500247207470,781318.558324495913,5508473.981288626790,-5309.492403337572,-2880.865177337569,4526.343441663812,317.859326389609,55.158221621496,857458.693383653299,3273.393036795769,-4777.002941141865,-78,7167922,-4760.742187500000,16.260753641865,4388511,781319,5508474,-5309492,-2880865,4526343,857459,3273393,-4777003,0,0
3,69.295000000000,70.902403225433,353,2026-09-06T05:18:27Z,-5019.983136000000,353000,1335,4383198.400883608498,778437.667439324781,5512997.263014835306,-5314.789369811479,-2880.957631556157,4520.170147405224,318.304814112987,54.784445981712,860755.416222142405,3319.905960011718,-4844.881246162393,-79,7167921,-4821.777343750000,23.103902412393,4383198,778438,5512997,-5314789,-2880958,4520170,860755,3319906,-4844881,0,0
3,69.295000000000,70.902403225433,354,2026-09-06T05:18:28Z,-5018.983136000000,354000,1336,4377881.007279423997,775556.685980145470,5517514.368852139451,-5320.080587889606,-2881.046136522514,4513.991602612805,318.738877056365,54.411705635897,864098.382840077160,3365.881318724930,-4911.975060233694,-80,7167920,-4882.812500000000,29.162560233694,4377881,775557,5517514,-5320081,-2881046,4513992,864098,3365881,-4911975,0,0
3,69.295000000000,70.902403225433,355,2026-09-06T05:18:29Z,-5017.983136000000,355000,1337,4372558.325186220929,772675.617895860109,5522025.293552774936,-5325.366050878984,-2881.130692803708,4507.807813742147,319.161906479628,54.040092089187,867487.056107481360,3411.320021398369,-4978.285709114758,-82,7167918,-5004.882812500000,-26.597103385242,4372558,772676,5522025,-5325366,-2881131,4507808,867487,3411320,-4978286,0,0
3,69.295000000000,70.902403225433,356,2026-09-06T05:18:30Z,-5016.983136000000,356000,1338,4367230.360362465493,769794.467135156854,5526530.031875273213,-5330.645752087548,-2881.211300973973,4501.618787256120,319.574278549120,53.669691447069,870920.899935313733,3456.223240059960,-5043.814903196239,-83,7167917,-5065.917968750000,-22.103065553761,4367230,769794,5526530,-5330646,-2881211,4501619,870921,3456223,-5043815,0,0
3,69.295000000000,70.902403225433,357,2026-09-06T05:18:31Z,-5015.983136000000,357000,1339,4361897.118573267013,766913.237646272173,5531028.578584607691,-5335.919684793225,-2881.287961857652,4495.424529625780,319.976354874475,53.300584659130,874399.379533994244,3500.592400086610,-5108.564722591826,-84,7167916,-5126.953125000000,-18.388402408174,4361897,766913,5531029,-5335920,-2881288,4495425,874399,3500592,-5108565,0,0
3,69.295000000000,70.902403225433,358,2026-09-06T05:18:32Z,-5014.983136000000,358000,1340,4356558.605590441264,764031.933376064291,5535520.928452335298,-5341.187842468571,-2881.360675170299,4489.225047324908,320.368483040071,52.932847752477,877921.961661962909,3544.429169423503,-5172.537601405512,-85,7167915,-5187.988281250000,-15.450679844488,4356559,764032,5535521,-5341188,-2881361,4489225,877922,3544429,-5172538,0,0
3,69.295000000000,70.902403225433,359,2026-09-06T05:18:33Z,-5013.983136000000,359000,1341,4351214.827192385681,761150.558271833928,5540007.076256414875,-5346.450218245991,-2881.429442617673,4483.020346835474,320.750997128939,52.566552055346,881488.114862753311,3587.735449527121,-5235.736314514342,-86,7167914,-5249.023437500000,-13.287122985658,4351215,761151,5540007,-5346450,-2881429,4483020,881488,3587735,-5235736,0,0
3,69.295000000000,70.902403225433,360,2026-09-06T05:18:34Z,-5012.983136000000,360000,1342,4345865.789164358750,758269.116279445007,5544487.016781273298,-5351.706805590766,-2881.494264046978,4476.810434644904,321.124218236705,52.201764410985,885097.309693423915,3630.513363783759,-5298.163960667065,-87,7167913,-5310.058593750000,-11.894633082935,4345866,758269,5544487,-5351707,-2881494,4476810,885097,3630513,-5298164,0,0
3,69.295000000000,70.902403225433,361,2026-09-06T05:18:35Z,-5011.983136000000,361000,1343,4340511.497298222966,755387.611344536766,5548960.744817824103,-5356.957597755354,-2881.555140553473,4470.595317248808,321.488454974501,51.838547382485,888749.018941698596,3672.765248632234,-5359.823949529118,-88,7167912,-5371.093750000000,-11.269800470882,4340511,755388,5548961,-5356958,-2881555,4470595,888749,3672765,-5359824,0,0
3,69.295000000000,70.902403225433,362,2026-09-06T05:18:36Z,-5010.983136000000,362000,1344,4335151.957392369397,752506.047412359854,5553428.255163550377,-5362.202588147738,-2881.612072369080,4464.375001147346,321.844003959294,51.476959448713,892442.717833676259,3714.493642837792,-5420.719986029581,-89,7167911,-5432.128906250000,-11.408920220419,4335152,752506,5553428,-5362203,-2881612,4464375,892443,3714494,-5420720,0,0
3,69.295000000000,70.902403225433,363,2026-09-06T05:18:37Z,-5009.983136000000,363000,1345,4329787.175252000801,749624.428427223582,5557889.542622358538,-5367.441770098594,-2881.665060227533,4458.149492845223,322.191150290708,51.117055191805,896177.884231689037,3755.701278201251,-5480.856056802628,-90,7167910,-5493.164062500000,-12.308005697372,4329787,749624,5557890,-5367442,-2881665,4458149,896178,3755701,-5480856,0,0
3,69.295000000000,70.902403225433,364,2026-09-06T05:18:38Z,-5008.983136000000,364000,1346,4324417.156688820571,746742.758332895697,5562344.602004780434,-5372.675136921316,-2881.714104986713,4451.918798855331,322.530168013851,50.758885476560,899953.998822278925,3796.391069766758,-5540.236415897283,-91,7167909,-5554.199218750000,-13.962802852717,4324417,746743,5562345,-5372675,-2881714,4451919,899954,3796391,-5540236,0,0
3,69.295000000000,70.902403225433,365,2026-09-06T05:18:39Z,-5007.983136000000,365000,1347,4319041.907521266490,743861.041072568973,5566793.428127781488,-5377.902682121203,-2881.759206405036,4445.682925695110,322.861320567461,50.402497622086,903770.545294514624,3836.566105854625,-5598.865570231918,-92,7167908,-5615.234375000000,-16.368804768082,4319042,743861,5566793,-5377903,-2881759,4445683,903771,3836566,-5598866,0,0
3,69.295000000000,70.902403225433,366,2026-09-06T05:18:40Z,-5006.983136000000,366000,1348,4313661.433574454859,740979.280588704278,5571236.015814827755,-5383.124398857035,-2881.800366336165,4439.441879893820,323.184861217174,50.047935566001,907627.010509098996,3876.229639944792,-5656.748267749440,-93,7167907,-5676.269531250000,-19.521263500560,4313661,740979,5571236,-5383124,-2881800,4439442,907627,3876230,-5656748,0,0
3,69.295000000000,70.902403225433,367,2026-09-06T05:18:41Z,-5005.983136000000,367000,1349,4308275.740680090152,738097.480823511374,5575672.359895921312,-5388.340280688681,-2881.837584303412,4433.195667977998,323.501033473781,49.695240021553,911522.884657984367,3915.385079844070,-5713.889481608575,-94,7167906,-5737.304687500000,-23.415205891425,4308276,738097,5575672,-5388340,-2881838,4433196,911523,3915385,-5713889,0,0
3,69.295000000000,70.902403225433,368,2026-09-06T05:18:42Z,-5004.983136000000,368000,1350,4302884.834676541388,735215.645718056010,5580102.455207630992,-5393.550320827671,-2881.870861922721,4426.944296486909,323.810071496312,49.344448627902,915457.661415438983,3954.035980416409,-5770.294399574851,-95,7167905,-5798.339843750000,-28.045444175149,4302885,735216,5580102,-5393550,-2881871,4426944,915458,3954036,-5770294,0,0
3,69.295000000000,70.902403225433,369,2026-09-06T05:18:43Z,-5003.983136000000,369000,1351,4297488.721408620477,732333.779213349335,5584526.296593102627,-5398.754512821142,-2881.900198851667,4420.687771963458,324.112200480261,48.995596093970,919430.838079494191,3992.186033282721,-5825.968408989096,-95,7167905,-5798.339843750000,27.628565239096,4297489,732334,5584526,-5398755,-2881900,4420688,919431,3992186,-5825968,0,0
3,69.295000000000,70.902403225433,370,2026-09-06T05:18:44Z,-5002.983136000000,370000,1352,4292087.406727991998,729451.885249073268,5588943.878901969641,-5403.952849896996,-2881.925596716883,4414.426100955097,324.407637030783,48.648714336017,923441.915705587831,4029.839059757766,-5880.917086459936,-96,7167904,-5859.375000000000,21.542086459936,4292087,729452,5588944,-5403953,-2881926,4414426,923442,4029839,-5880917,0,0
3,69.295000000000,70.902403225433,371,2026-09-06T05:18:45Z,-5001.983136000000,371000,1353,4286680.896492794156,726569.967764866538,5593355.196990429424,-5409.145325588725,-2881.947055307933,4408.159290018375,324.696589521504,48.303832609347,927490.399230870069,4066.999001076114,-5935.146183600122,-97,7167903,-5920.410156250000,14.736027350122,4286681,726570,5593355,-5409145,-2881947,4408159,927490,4066999,-5935146,0,0
3,69.295000000000,70.902403225433,372,2026-09-06T05:18:46Z,-5000.983136000000,372000,1354,4281269.196567794308,723688.030699063791,5597760.245721313171,-5414.331933215180,-2881.964575769530,4401.887345716204,324.979258438815,47.960977634259,931575.797591267037,4103.669911481780,-5988.661616941940,-98,7167902,-5981.445312500000,7.216304441940,4281269,723688,5597760,-5414332,-2881965,4401887,931576,4103670,-5988662,0,0
3,69.295000000000,70.902403225433,373,2026-09-06T05:18:47Z,-4999.983136000000,373000,1355,4275852.312824448571,720806.077990308637,5602159.019963822328,-5419.512666206174,-2881.978158641004,4395.610274615137,325.255836712360,47.620173716687,935697.623829206917,4139.855949583597,-6041.469455321733,-99,7167901,-6042.480468750000,-1.011013428267,4275852,720806,5602159,-5419513,-2881978,4395610,935698,4139856,-6041469,0,0
3,69.295000000000,70.902403225433,374,2026-09-06T05:18:48Z,-4998.983136000000,374000,1356,4270430.251140788198,717924.113575391006,5606551.514593891799,-5424.687517969687,-2881.987804584696,4389.328083288092,325.526510031691,47.281442863491,939855.395195431774,4175.561370973117,-6093.575909106889,-100,7167900,-6103.515625000000,-9.939715893111,4270430,717924,5606552,-5424688,-2881988,4389328,939855,4175561,-6093576,0,0
3,69.295000000000,70.902403225433,375,2026-09-06T05:18:49Z,-4997.983136000000,375000,1357,4265003.017401214689,715042.141391646583,5610937.724494059570,-5429.856481919160,-2881.993514269425,4383.040778316172,325.791457149977,46.944804892967,944048.633241190459,4210.790520740210,-6144.987319273529,-101,7167899,-6164.550781250000,-19.563461976471,4265003,715042,5610938,-5429856,-2881994,4383041,944049,4210791,-6144987,0,0
3,69.295000000000,70.902403225433,376,2026-09-06T05:18:50Z,-4996.983136000000,376000,1358,4259570.617496940307,712160.165374924778,5615317.644553359598,-5435.019551441655,-2881.995288616167,4376.748366283209,326.050850174574,46.610277540468,948276.863904796075,4245.547826354734,-6195.710147018428,-102,7167898,-6225.585937500000,-29.875790481572,4259571,712160,5615318,-5435020,-2881995,4376748,948277,4245548,-6195710,0,0
3,69.295000000000,70.902403225433,377,2026-09-06T05:18:51Z,-4995.983136000000,377000,1359,4254133.057325742207,709278.189460657653,5619691.269667409360,-5440.176720123418,-2881.993127332976,4370.450853784860,326.304854845445,46.277876559582,952539.617590063601,4279.837790144221,-6245.750962781381,-102,7167898,-6225.585937500000,20.165025281381,4254133,709278,5619691,-5440177,-2881993,4370451,952540,4279838,-6245751,0,0
3,69.295000000000,70.902403225433,378,2026-09-06T05:18:52Z,-4994.983136000000,378000,1360,4248690.342791731469,706396.217583613237,5624058.594738587737,-5445.327981136870,-2881.987032678921,4364.148247414050,326.553630801529,45.947615818913,956836.429238448502,4313.664983980995,-6295.116438491876,-103,7167897,-6286.621093750000,8.495344741876,4248690,706396,5624059,-5445328,-2881987,4364148,956836,4313665,-6295116,0,0
3,69.295000000000,70.902403225433,379,2026-09-06T05:18:53Z,-4993.983136000000,379000,1361,4243242.479805973358,703514.253677663626,5628419.614675620571,-5450.473328162843,-2881.977003892416,4357.840553780079,326.797331835522,45.619507394758,961166.838394135935,4347.034040657511,-6343.813334982767,-104,7167896,-6347.656250000000,-3.842915017233,4243242,703514,5628420,-5450473,-2881977,4357841,961167,4347034,-6343813,0,0
3,69.295000000000,70.902403225433,380,2026-09-06T05:18:54Z,-4992.983136000000,380000,1362,4237789.474285949953,700632.301676053787,5632774.324393940158,-5455.612754463800,-2881.963042756411,4351.527779490425,327.036106137670,45.293561659769,965530.389263103134,4379.949649730518,-6391.848495925477,-105,7167895,-6408.691406250000,-16.842910324523,4237789,700632,5632774,-5455613,-2881963,4351528,965530,4379950,-6391848,0,0
3,69.295000000000,70.902403225433,381,2026-09-06T05:18:55Z,-4991.983136000000,381000,1363,4232331.332155418582,697750.365511978162,5637122.718815705739,-5460.746253669640,-2881.945148885507,4345.209931160753,327.270096528886,44.969787367851,969926.630765665323,4412.416549680858,-6439.228836388457,-106,7167894,-6469.726562500000,-30.497726111543,4232331,697750,5637123,-5460746,-2881945,4345210,969927,4412417,-6439229,0,0
3,69.295000000000,70.902403225433,382,2026-09-06T05:18:56Z,-4990.983136000000,382000,1364,4226868.059345007874,694868.449117043638,5641464.792869583704,-5465.873819020089,-2881.923324309923,4338.887015414912,327.499440683452,44.648191735366,974355.116583727417,4444.439523857138,-6485.961336917614,-106,7167894,-6469.726562500000,16.234774417614,4226868,694868,5641465,-5465874,-2881923,4338887,974355,4444440,-6485961,0,0
3,69.295000000000,70.902403225433,383,2026-09-06T05:18:57Z,-4989.983136000000,383000,1365,4221399.661791848019,691986.556422385271,5645800.541490869597,-5470.995444155960,-2881.897568657109,4332.559038881300,327.724271342113,44.328780518909,978815.405201566871,4476.023393037936,-6532.053032682021,-107,7167893,-6530.761718750000,1.291313932021,4221400,691987,5645801,-5470995,-2881898,4332559,978815,4476023,-6532053,0,0
3,69.295000000000,70.902403225433,384,2026-09-06T05:18:58Z,-4988.983136000000,384000,1366,4215926.145439415239,689104.691358605167,5650129.959621600807,-5476.111122496150,-2881.867882883398,4326.226008193771,327.944716515679,44.011558089719,983307.059941592044,4507.173011505446,-6577.511007744006,-108,7167892,-6591.796875000000,-14.285867255994,4215926,689105,5650130,-5476111,-2881868,4326226,983307,4507173,-6577511,0,0
3,69.295000000000,70.902403225433,385,2026-09-06T05:18:59Z,-4987.983136000000,385000,1367,4210447.516237892210,686222.857855527429,5654453.042210348882,-5481.220847485929,-2881.834267948193,4319.887929992547,328.160899679551,43.696527504896,987829.648994677817,4537.893261392078,-6622.342386808924,-109,7167891,-6652.832031250000,-30.489644441076,4210448,686223,5654453,-5481221,-2881834,4319888,987830,4537893,-6622342,0,0
3,69.295000000000,70.902403225433,386,2026-09-06T05:19:00Z,-4986.983136000000,386000,1368,4204963.780144091696,683341.059842313174,5658769.784212222323,-5486.324612615135,-2881.796724458013,4313.544810924213,328.372939959682,43.383690575558,992382.745445480221,4568.189047625241,-6666.554327847844,-109,7167891,-6652.832031250000,13.722296597844,4204964,683341,5658770,-5486325,-2881797,4313545,992383,4568189,-6666554,0,0
3,69.295000000000,70.902403225433,387,2026-09-06T05:19:01Z,-4985.983136000000,387000,1369,4199474.943121086806,680459.301247011637,5663080.180589236319,-5491.422411370877,-2881.755253142501,4307.196657642635,328.580952310258,43.073047932036,996965.927293462562,4598.065293402334,-6710.154015494016,-110,7167890,-6713.867187500000,-3.713172005984,4199475,680459,5663080,-5491422,-2881755,4307197,996966,4598065,-6710154,0,0
3,69.295000000000,70.902403225433,388,2026-09-06T05:19:02Z,-4984.983136000000,388000,1370,4193981.011138533242,677577.585997869028,5667384.226309895515,-5496.514237222982,-2881.709854859196,4300.843476803493,328.785047683543,42.764599086331,1001578.777468004730,4627.526935687039,-6753.148654470418,-111,7167889,-6774.902343750000,-21.753689279582,4193981,677578,5667384,-5496514,-2881710,4300843,1001579,4627527,-6753149,0,0
3,69.295000000000,70.902403225433,389,2026-09-06T05:19:03Z,-4983.983136000000,389000,1371,4188481.990172768012,674695.918021196383,5671681.916349393316,-5501.600083725862,-2881.660529989404,4294.485275073384,328.985333192010,42.458342491768,1006220.883840937400,4656.578920693777,-6795.545463000032,-111,7167889,-6774.902343750000,20.643119250032,4188482,674696,5671682,-5501600,-2881661,4294485,1006221,4656579,-6795545,0,0
3,69.295000000000,70.902403225433,390,2026-09-06T05:19:04Z,-4982.983136000000,390000,1372,4182977.886206367519,671814.301243589493,5675973.245689652860,-5506.679944303869,-2881.607279755031,4288.122059123452,329.181912263537,42.154275600177,1010891.839233081904,4685.226200298197,-6837.351667567506,-112,7167888,-6835.937500000000,1.414167567506,4182978,671814,5675973,-5506680,-2881607,4288122,1010892,4685226,-6837352,0,0
3,69.295000000000,70.902403225433,391,2026-09-06T05:19:05Z,-4981.983136000000,391000,1373,4177468.705228575505,668932.739589948324,5680258.209319262765,-5511.753812558709,-2881.550104313078,4281.753835630298,329.374884789444,41.852394916499,1015591.241418331861,4713.473727408295,-6878.574496164040,-113,7167887,-6896.972656250000,-18.398160085960,4177469,668933,5680258,-5511754,-2881550,4281754,1015591,4713474,-6878574,0,0
3,69.295000000000,70.902403225433,392,2026-09-06T05:19:06Z,-4980.983136000000,392000,1374,4171954.453235184774,666051.236985472380,5684536.802233334631,-5516.821681891997,-2881.489005133176,4275.380611274159,329.564347266210,41.552696051128,1020318.693122333148,4741.326453175189,-6919.221174216949,-113,7167887,-6896.972656250000,22.248517966949,4171954,666051,5684537,-5516822,-2881489,4275381,1020319,4741326,-6919221,0,0
3,69.295000000000,70.902403225433,393,2026-09-06T05:19:07Z,-4979.983136000000,393000,1375,4166435.136228374206,663169.797353534843,5688809.019433849491,-5521.883545912715,-2881.423982381534,4269.002392746188,329.750392930709,41.255173769834,1025073.802019555005,4768.789322478437,-6959.298918001187,-114,7167886,-6958.007812500000,1.291105501187,4166435,663170,5688809,-5521884,-2881424,4269002,1025074,4768789,-6959299,0,0
3,69.295000000000,70.902403225433,394,2026-09-06T05:19:08Z,-4978.983136000000,394000,1376,4160910.760216776747,660288.424617628218,5693074.855929412879,-5526.939398033392,-2881.355037534945,4262.619186738448,329.933111889666,40.959822041653,1029856.180724873790,4795.867271588421,-6998.814931227970,-115,7167885,-7019.042968750000,-20.228037522030,4160911,660288,5693075,-5526939,-2881355,4262619,1029856,4795867,-6998815,0,0
3,69.295000000000,70.902403225433,395,2026-09-06T05:19:09Z,-4977.983136000000,395000,1377,4155381.331215611659,657407.122699889704,5697334.306735310704,-5531.989231936677,-2881.282170420150,4256.230999954823,330.112591243226,40.666634084567,1034665.446783478488,4822.565223877038,-7037.776398785202,-115,7167885,-7019.042968750000,18.733430035202,4155381,657407,5697334,-5531989,-2881282,4256231,1034665,4822565,-7037776,0,0
3,69.295000000000,70.902403225433,396,2026-09-06T05:19:10Z,-4976.983136000000,396000,1378,4149846.855246390216,654525.895522107370,5701587.366873617284,-5537.033041060567,-2881.205382402186,4249.837839099200,330.288915203242,40.375602409244,1039501.222656798083,4848.888088053531,-7076.190484162946,-116,7167884,-7080.078125000000,-3.887640837054,4149847,654526,5701587,-5537033,-2881205,4249838,1039501,4848888,-7076190,0,0
3,69.295000000000,70.902403225433,397,2026-09-06T05:19:11Z,-4975.983136000000,397000,1379,4144307.338337220252,651644.747004848439,5705834.031373068690,-5542.070819006767,-2881.124673910335,4243.439710885468,330.462165206232,40.086718860816,1044363.135706047527,4874.840754397362,-7114.064323955895,-117,7167883,-7141.113281250000,-27.048957294105,4144307,651645,5705834,-5542071,-2881125,4243440,1044363,4874841,-7114064,0,0
3,69.295000000000,70.902403225433,398,2026-09-06T05:19:12Z,-4974.983136000000,398000,1380,4138762.786522639450,648763.681068518199,5710074.295269060880,-5547.102559205996,-2881.040046436283,4237.036622033884,330.632420021526,39.799974658846,1049250.818172395928,4900.428092869718,-7151.405025107409,-117,7167883,-7141.113281250000,10.291743857409,4138763,648764,5710074,-5547103,-2881040,4237037,1049251,4900428,-7151405,0,0
3,69.295000000000,70.902403225433,399,2026-09-06T05:19:13Z,-4973.983136000000,399000,1381,4133213.205843756441,645882.701631773496,5714308.153603751212,-5552.128255364551,-2880.951499832122,4230.628579262884,330.799755854535,39.515360435465,1054163.907155671390,4925.654949559246,-7188.219659722628,-118,7167882,-7202.148437500000,-13.928777777372,4133213,645883,5714308,-5552128,-2880951,4230629,1054164,4925655,-7188220,0,0
3,69.295000000000,70.902403225433,400,2026-09-06T05:19:14Z,-4972.983136000000,400000,1382,4127658.602347915992,643001.812613773160,5718535.601426023059,-5557.147900889504,-2880.859035831350,4224.215589310916,330.964246445746,39.232866271896,1059102.044589033816,4950.526145712911,-7224.515263654160,-118,7167882,-7202.148437500000,22.366826154160,4127659,643002,5718536,-5557148,-2880859,4224216,1059102,4950526,-7224515,0,0
3,69.295000000000,70.902403225433,401,2026-09-06T05:19:15Z,-4971.983136000000,401000,1383,4122098.982089001685,640121.017931531067,5722756.633791571483,-5562.161489478967,-2880.762654417140,4217.797658907330,331.125963165144,38.952481733233,1064064.877213374944,4975.046474099051,-7260.298831194528,-119,7167881,-7263.183593750000,-2.884762555472,4122099,640121,5722757,-5562161,-2880763,4217798,1064065,4975046,-7260299,0,0
3,69.295000000000,70.902403225433,402,2026-09-06T05:19:16Z,-4970.983136000000,402000,1384,4116534.351127319504,637240.321502267732,5726971.245762738399,-5567.169014623687,-2880.662356863581,4211.374794800577,331.284975102816,38.674195901787,1069052.056547420332,4999.220698143609,-7295.577313815643,-120,7167880,-7324.218750000000,-28.641436184357,4116534,637240,5726971,-5567169,-2880662,4211375,1069052,4999221,-7295577,0,0
3,69.295000000000,70.902403225433,403,2026-09-06T05:19:17Z,-4969.983136000000,403000,1385,4110964.715529566165,634359.727241990389,5731179.432408669963,-5572.170469942648,-2880.558143749454,4204.947003733650,331.441349155468,38.397997408820,1074063.238857588032,5023.053549210281,-7330.357616199596,-120,7167880,-7324.218750000000,6.138866199596,4110965,634360,5731179,-5572170,-2880558,4204947,1074063,5023054,-7330358,0,0
3,69.295000000000,70.902403225433,404,2026-09-06T05:19:18Z,-4968.983136000000,404000,1386,4105390.081368982326,631479.239065704634,5735381.188805203885,-5577.165848958430,-2880.450016240047,4198.514292464097,331.595150109285,38.123874464907,1079098.085125103127,5046.549725314720,-7364.646594362256,-121,7167879,-7385.253906250000,-20.607311887744,4105390,631479,5735381,-5577166,-2880450,4198514,1079098,5046550,-7364647,0,0
3,69.295000000000,70.902403225433,405,2026-09-06T05:19:19Z,-4967.983136000000,405000,1387,4099810.454725202173,628598.860887837247,5739576.510034947656,-5582.155145300931,-2880.337974924942,4192.076667753099,331.746440719285,37.851814888897,1084156.261011469644,5069.713888990767,-7398.451052539357,-121,7167879,-7385.253906250000,13.197146289357,4099810,628599,5739577,-5582155,-2880338,4192077,1084156,5069714,-7398451,0,0
3,69.295000000000,70.902403225433,406,2026-09-06T05:19:20Z,-4966.983136000000,406000,1388,4094225.841684147250,625718.596622303710,5743765.391187295318,-5587.138352628244,-2880.222020165206,4185.634136361841,331.895281785258,37.581806135553,1089237.436822412536,5092.550665867998,-7431.777741110648,-122,7167878,-7446.289062500000,-14.511321389352,4094226,625719,5743765,-5587138,-2880222,4185634,1089237,5092551,-7431778,0,0
3,69.295000000000,70.902403225433,407,2026-09-06T05:19:21Z,-4965.983136000000,407000,1389,4088636.248338208999,622838.450181475142,5747947.827358464710,-5592.115464366998,-2880.102153955590,4179.186705067877,332.041732224422,37.313835321902,1094341.287470767973,5115.064643970489,-7464.633355576573,-122,7167878,-7446.289062500000,18.344293076573,4088636,622838,5747948,-5592115,-2880102,4179187,1094341,5115065,-7464633,0,0
3,69.295000000000,70.902403225433,408,2026-09-06T05:19:22Z,-4964.983136000000,408000,1390,4083041.680786197074,619958.425477396348,5752123.813651373610,-5597.086474298067,-2879.978375971973,4172.734380646034,332.185849141118,37.047889252419,1099467.492436968954,5137.260370839924,-7497.024532359873,-123,7167877,-7507.324218750000,-10.299686390127,4083042,619958,5752124,-5597086,-2879978,4172734,1099467,5137260,-7497025,0,0
3,69.295000000000,70.902403225433,409,2026-09-06T05:19:23Z,-4963.983136000000,409000,1391,4077442.145133296493,617078.526421018643,5756293.345175767317,-5602.051375927658,-2879.850687751855,4166.277169882051,332.327687893479,36.783954442987,1104615.735729261301,5159.142353948077,-7528.957849407552,-123,7167877,-7507.324218750000,21.633630657552,4077442,617079,5756293,-5602051,-2879851,4166277,1104616,5159142,-7528958,0,0
3,69.295000000000,70.902403225433,410,2026-09-06T05:19:24Z,-4962.983136000000,410000,1392,4071837.647491061594,614198.756922927918,5760456.417048135772,-5607.010162959341,-2879.719089562855,4159.815079563487,332.467302157371,36.522017143786,1109785.705841974821,5180.715058355563,-7560.439822774190,-124,7167876,-7568.359375000000,-7.919552225810,4071838,614199,5760456,-5607010,-2879719,4159815,1109786,5180715,-7560440,0,0
3,69.295000000000,70.902403225433,411,2026-09-06T05:19:25Z,-4961.983136000000,411000,1393,4066228.193977590185,611319.120891953702,5764613.024391754530,-5611.962828895230,-2879.583583067870,4153.348116488814,332.604743987548,36.262063361056,1114977.095713659190,5201.982906732072,-7591.476906651474,-124,7167876,-7568.359375000000,23.117531651474,4066228,611319,5764613,-5611963,-2879584,4153348,1114977,5201983,-7591477,0,0
3,69.295000000000,70.902403225433,412,2026-09-06T05:19:26Z,-4960.983136000000,412000,1394,4060613.790717114229,608439.622237318079,5768763.162336730398,-5616.909367486187,-2879.444168314990,4146.876287457417,332.740063876467,36.004078877900,1120189.602682883851,5222.950277252345,-7622.075490297694,-125,7167875,-7629.394531250000,-7.319040952306,4060614,608440,5768763,-5616909,-2879444,4146876,1120190,5222950,-7622075,0,0
3,69.295000000000,70.902403225433,413,2026-09-06T05:19:27Z,-4959.983136000000,413000,1395,4054994.443840352353,605560.264866076061,5772906.826020036824,-5621.849772295263,-2879.300846627871,4140.399599276861,332.873310810400,35.748049274013,1125422.928444968071,5243.621503884036,-7652.241898457853,-125,7167875,-7629.394531250000,22.847367207853,4054994,605560,5772907,-5621850,-2879301,4140400,1125423,5243622,-7652242,0,0
3,69.295000000000,70.902403225433,414,2026-09-06T05:19:28Z,-4958.983136000000,414000,1396,4049370.159484362230,602681.052685398143,5777044.010585364886,-5626.784036982372,-2879.153618757982,4133.918058764721,333.004532323489,35.493959944565,1130676.779005855322,5264.000874918104,-7681.982389218980,-126,7167874,-7690.429687500000,-8.447298281020,4049370,602681,5777044,-5626784,-2879154,4133918,1130677,5264001,-7681982,0,0
3,69.295000000000,70.902403225433,415,2026-09-06T05:19:29Z,-4957.983136000000,415000,1397,4043740.943792622071,599801.989601242240,5781174.711183226667,-5631.712155194236,-2879.002485579122,4127.431672734929,333.133774549398,35.241796118099,1135950.864636921091,5284.092632552307,-7711.303153402326,-126,7167874,-7690.429687500000,20.873465902326,4043741,599802,5781175,-5631712,-2879002,4127432,1135951,5284093,-7711303,0,0
3,69.295000000000,70.902403225433,416,2026-09-06T05:19:30Z,-4956.983136000000,416000,1398,4038106.802914778236,596923.079518478480,5785298.922971111722,-5636.634120583039,-2878.847447967814,4120.940448014153,333.261082270943,34.991542873581,1141244.899828640977,5303.900972264406,-7740.210313648644,-127,7167873,-7751.464843750000,-11.254530101356,4038107,596923,5785299,-5636634,-2878847,4120940,1141245,5303901,-7740210,0,0
3,69.295000000000,70.902403225433,417,2026-09-06T05:19:31Z,-4955.983136000000,417000,1399,4032467.743007141631,594044.326341135427,5789416.641113095917,-5641.549926807784,-2878.688506805815,4114.444391433608,333.386498967665,34.743185156652,1146558.603243101621,5323.430042280424,-7768.709923642193,-127,7167873,-7751.464843750000,17.245079892193,4032468,594044,5789417,-5641550,-2878689,4114444,1146559,5323430,-7768710,0,0
3,69.295000000000,70.902403225433,418,2026-09-06T05:19:32Z,-4954.983136000000,418000,1400,4026823.770232196897,591165.733972758055,5793527.860780181363,-5646.459567531565,-2878.525662981247,4107.943509832694,333.510066861532,34.496707795048,1151891.697666710010,5342.683943126770,-7796.807967457145,-128,7167872,-7812.500000000000,-15.692032542855,4026824,591166,5793528,-5646460,-2878526,4107944,1151892,5342684,-7796808,0,0
3,69.295000000000,70.902403225433,419,2026-09-06T05:19:33Z,-4953.983136000000,419000,1401,4021174.890758635476,588287.306315706461,5797632.577150329947,-5651.363036409293,-2878.358917500464,4101.437810051721,333.631826960729,34.252095513248,1157243.909962594975,5361.666727280473,-7824.510359047147,-128,7167872,-7812.500000000000,12.010359047147,4021175,588287,5797633,-5651363,-2878359,4101438,1157244,5361667,-7824510,0,0
3,69.295000000000,70.902403225433,420,2026-09-06T05:19:34Z,-4952.983136000000,420000,1402,4015521.110761597753,585409.047271739109,5801730.785408226773,-5656.260327165910,-2878.188270919281,4094.927298938273,333.751819101733,34.009332946429,1162614.971021875506,5380.382398628475,-7851.822941456245,-129,7167871,-7873.535156250000,-21.712214793755,4015521,585409,5801731,-5656260,-2878188,4094927,1162615,5380382,-7851823,0,0
3,69.295000000000,70.902403225433,421,2026-09-06T05:19:35Z,-4951.983136000000,421000,1403,4009862.436422641855,582530.960741031682,5805822.480745419860,-5661.151433418581,-2878.013724595689,4088.411983350852,333.870081989652,33.768404653676,1168004.615715623600,5398.834912693400,-7878.751487148361,-129,7167871,-7873.535156250000,5.216330898361,4009862,582531,5805822,-5661151,-2878014,4088412,1168005,5398835,-7878751,0,0
3,69.295000000000,70.902403225433,422,2026-09-06T05:19:36Z,-4950.983136000000,422000,1404,4004198.873929366004,579653.050623702002,5809907.658360432833,-5666.036348937268,-2877.835278868815,4081.891870145228,333.986653237093,33.529295130562,1173412.582845593104,5417.028175706828,-7905.301696654882,-130,7167870,-7934.570312500000,-29.268615845118,4004199,579653,5809908,-5666036,-2877835,4081892,1173413,5417028,-7905302,0,0
3,69.295000000000,70.902403225433,423,2026-09-06T05:19:37Z,-4949.983136000000,423000,1405,3998530.429475964047,576775.320818111766,5813986.313458525576,-5670.915067300939,-2877.652935446463,4075.366966190813,334.101569401295,33.291988821052,1178838.615095658926,5434.966045394713,-7931.479199720851,-130,7167870,-7934.570312500000,-3.091112779149,3998530,576775,5813986,-5670915,-2877653,4075367,1178839,5434966,-7931479,0,0
3,69.295000000000,70.902403225433,424,2026-09-06T05:19:38Z,-4948.983136000000,424000,1406,3992857.109262920916,573897.775222558063,5818058.441251762211,-5675.787582325029,-2877.466694450959,4068.837278357933,334.214866020004,33.056470128826,1184282.458982120035,5452.652329715832,-7957.289553463939,-130,7167870,-7934.570312500000,22.719240963939,3992857,573898,5818058,-5675788,-2877467,4068837,1184282,5452652,-7957290,0,0
3,69.295000000000,70.902403225433,425,2026-09-06T05:19:39Z,-4947.983136000000,425000,1407,3987178.919496800285,571020.417733829003,5822124.036959289573,-5680.653887666722,-2877.276557146160,4062.302813526003,334.326577645786,32.822723427959,1189743.864805369871,5470.090787872195,-7982.738243848967,-131,7167869,-7995.605468750000,-12.867224901033,3987179,571020,5822124,-5680654,-2877277,4062303,1189744,5470091,-7982738,0,0
3,69.295000000000,70.902403225433,426,2026-09-06T05:19:40Z,-4946.983136000000,426000,1408,3981495.866390601732,568143.252248096513,5826183.095807010308,-5685.513977005485,-2877.082524687467,4055.763578577171,334.436737879088,32.590733073102,1195222.586599987000,5487.285129804865,-8007.830684952150,-131,7167869,-7995.605468750000,12.225216202150,3981496,568143,5826183,-5685514,-2877083,4055764,1195223,5487285,-8007831,0,0
3,69.295000000000,70.902403225433,427,2026-09-06T05:19:41Z,-4945.983136000000,427000,1409,3975807.956163661554,565266.282660261611,5830235.613027717918,-5690.367844090360,-2876.884597777689,4049.219580401768,334.545379399963,32.360483409074,1200718.382085920312,5504.239016096782,-8032.572218819268,-132,7167868,-8056.640625000000,-24.068406180732,3975808,565266,5830236,-5690368,-2876885,4049220,1200718,5504239,-8032572,0,0
3,69.295000000000,70.902403225433,428,2026-09-06T05:19:42Z,-4944.983136000000,428000,1410,3970115.195041427389,562389.512864458491,5834281.583861197345,-5695.215482679941,-2876.682777132032,4042.670825894675,334.652533998629,32.131958779959,1206231.012619244633,5520.956058221923,-8056.968115829289,-132,7167868,-8056.640625000000,0.327490829289,3970115,562390,5834282,-5695215,-2876683,4042671,1206231,5520956,-8056968,0,0
3,69.295000000000,70.902403225433,429,2026-09-06T05:19:43Z,-4943.983136000000,429000,1411,3964417.589255695231,559512.946754272445,5838321.003554030322,-5700.056886439143,-2876.477064143728,4036.117321956226,334.758232604819,31.905143537720,1211760.243142801337,5537.439818910516,-8081.023575227335,-132,7167868,-8056.640625000000,24.382950227335,3964418,559513,5838321,-5700057,-2876477,4036117,1211760,5537440,-8081024,0,0
3,69.295000000000,70.902403225433,430,2026-09-06T05:19:44Z,-4942.983136000000,430000,1412,3958715.145044809207,556636.588221510756,5842353.867359623313,-5704.892049185673,-2876.267459196583,4029.559075495854,334.862505315949,31.680022050307,1217305.842137750937,5553.693811641650,-8104.743724384227,-133,7167867,-8117.675781250000,-12.932056865773,3958715,556637,5842354,-5704892,-2876267,4029559,1217306,5553694,-8104744,0,0
3,69.295000000000,70.902403225433,431,2026-09-06T05:19:45Z,-4941.983136000000,431000,1413,3953007.868652870413,553760.441158119822,5846380.170538511127,-5709.720964547159,-2876.053964032394,4022.996093423899,334.965381424388,31.456578709349,1222867.581574389013,5569.721501731558,-8128.133620384661,-133,7167867,-8117.675781250000,10.457839134661,3953008,553760,5846380,-5709721,-2876054,4022996,1222868,5569722,-8128134,0,0
3,69.295000000000,70.902403225433,432,2026-09-06T05:19:46Z,-4940.983136000000,432000,1414,3947295.766330610029,550884.509453949635,5850399.908358005807,-5714.543626399973,-2875.836578708913,4016.428382663435,335.066889443454,31.234797937380,1228445.236864033155,5585.526305370359,-8151.198248621492,-134,7167866,-8178.710937500000,-27.512688878508,3947296,550885,5850400,-5714544,-2875837,4016428,1228445,5585526,-8151198,0,0
3,69.295000000000,70.902403225433,433,2026-09-06T05:19:47Z,-4939.983136000000,433000,1415,3941578.844334885012,548008.796998775098,5854413.076092354022,-5719.360028358551,-2875.615305198949,4009.855950129349,335.167057132658,31.014664194695,1234038.586810040753,5601.111591235664,-8173.942525150525,-134,7167866,-8178.710937500000,-4.768412349475,3941579,548009,5854413,-5719360,-2875615,4009856,1234039,5601112,-8173943,0,0
3,69.295000000000,70.902403225433,434,2026-09-06T05:19:48Z,-4938.983136000000,434000,1416,3935857.108928725589,545133.307681034552,5858419.669022804126,-5724.170164370207,-2875.390143127902,4003.278802761997,335.265911521850,30.796161985764,1239647.413560256595,5616.480679132242,-8196.371294705339,-134,7167866,-8178.710937500000,17.660357205339,3935857,545133,5858420,-5724170,-2875390,4003279,1239647,5616481,-8196371,0,0
3,69.295000000000,70.902403225433,435,2026-09-06T05:19:49Z,-4937.983136000000,435000,1417,3930130.566381509881,542258.045387991588,5862419.682437479496,-5728.974027997538,-2875.161094920941,3996.696947490818,335.363478934515,30.579275865299,1245271.502558965236,5631.636842243147,-8218.489333982434,-135,7167865,-8239.746093750000,-21.256759767566,3930131,542258,5862420,-5728974,-2875161,3996697,1245272,5631637,-8218489,0,0
3,69.295000000000,70.902403225433,436,2026-09-06T05:19:50Z,-4936.983136000000,436000,1418,3924399.222968829330,539383.014006413170,5866413.111631428823,-5733.771613152840,-2874.928160551576,3990.110391258895,335.459785010231,30.363990443964,1250910.642499132780,5646.583305426417,-8240.301349155545,-135,7167865,-8239.746093750000,0.555255405545,3924399,539383,5866413,-5733772,-2874928,3990110,1250911,5646583,-8240301,0,0
3,69.295000000000,70.902403225433,437,2026-09-06T05:19:51Z,-4935.983136000000,437000,1419,3918663.084972564131,536508.217421515379,5870399.951906639151,-5738.562913523310,-2874.691341671792,3983.519141015677,335.554854726230,30.150290393714,1256564.625275615603,5661.323247143382,-8261.811978689702,-135,7167865,-8239.746093750000,22.065884939702,3918663,536508,5870400,-5738563,-2874691,3983519,1256565,5661323,-8261812,0,0
3,69.295000000000,70.902403225433,438,2026-09-06T05:19:52Z,-4934.983136000000,438000,1420,3912922.158680671826,533633.659518176923,5874380.198572106659,-5743.347923000783,-2874.450638489634,3976.923203711522,335.648712418258,29.938160452835,1262233.245937879896,5675.859798595046,-8283.025792080909,-136,7167864,-8300.781250000000,-17.755457919091,3912922,533634,5874380,-5743348,-2874451,3976923,1262233,5675860,-8283026,0,0
3,69.295000000000,70.902403225433,439,2026-09-06T05:19:53Z,-4933.983136000000,439000,1421,3907176.450387429912,530759.344179861015,5878353.846943733282,-5748.126635238805,-2874.206053000421,3970.322586306793,335.741381800565,29.727585430644,1267916.302643795498,5690.196045354583,-8303.947292238518,-136,7167864,-8300.781250000000,3.166042238518,3907176,530759,5878354,-5748127,-2874206,3970323,1267916,5690196,-8303947,0,0
3,69.295000000000,70.902403225433,440,2026-09-06T05:19:54Z,-4932.983136000000,440000,1422,3901425.966393234674,527885.275288997917,5882320.892344465479,-5752.899044186961,-2873.957585088874,3963.717295767310,335.832885985248,29.518550211908,1273613.596613497473,5704.335026239777,-8324.580913839742,-136,7167864,-8300.781250000000,23.799663839742,3901426,527885,5882321,-5752899,-2873958,3963717,1273614,5704335,-8324581,0,0
3,69.295000000000,70.902403225433,441,2026-09-06T05:19:55Z,-4931.983136000000,441000,1423,3895670.713004690595,525011.456727489247,5886281.330104149878,-5757.665143526083,-2873.705236649698,3957.107339061622,335.923247500878,29.311039760976,1279324.932083292631,5718.279735311857,-8344.931026246622,-137,7167863,-8361.816406250000,-16.885380003378,3895671,525011,5886281,-5757665,-2873705,3957107,1279325,5718280,-8344931,0,0
3,69.295000000000,70.902403225433,442,2026-09-06T05:19:56Z,-4930.983136000000,442000,1424,3889910.696534735151,522137.892375468044,5890235.155559601262,-5762.424927153916,-2873.449008022135,3950.492723167372,336.012488310392,29.105039125619,1285050.116260877578,5732.033120915988,-8365.001932105792,-137,7167863,-8361.816406250000,3.185525855792,3889911,522138,5890235,-5762425,-2873449,3950493,1285050,5732033,-8365002,0,0
3,69.295000000000,70.902403225433,443,2026-09-06T05:19:57Z,-4929.983136000000,443000,1425,3884145.923302405979,519264.586112845573,5894182.364054605365,-5767.178388784941,-2873.188900996297,3943.873455063112,336.100629828461,28.900533440647,1290788.959279835923,5745.598087272519,-8384.797869670649,-137,7167863,-8361.816406250000,22.981463420649,3884146,519265,5894182,-5767178,-2873189,3943873,1290789,5745598,-8384798,0,0
3,69.295000000000,70.902403225433,444,2026-09-06T05:19:58Z,-4928.983136000000,444000,1426,3878376.399632954039,516391.541817938443,5898122.950939964503,-5771.925522356923,-2872.924915705084,3937.249541741039,336.187692938116,28.697507931228,1296541.274155756691,5758.977493723305,-8404.323011701468,-138,7167862,-8422.851562500000,-18.528550798532,3878376,516392,5898123,-5771926,-2872925,3937250,1296541,5758977,-8404323,0,0
3,69.295000000000,70.902403225433,445,2026-09-06T05:19:59Z,-4927.983136000000,445000,1427,3872602.131857647561,513518.763368559361,5902056.911573530175,-5776.666321578887,-2872.657054055821,3930.620990191528,336.273698006882,28.495947916013,1302306.876741826534,5772.174156504198,-8423.581468052096,-138,7167862,-8422.851562500000,0.729905552096,3872602,513519,5902057,-5776666,-2872657,3930621,1302307,5772174,-8423581,0,0
3,69.295000000000,70.902403225433,446,2026-09-06T05:20:00Z,-4926.983136000000,446000,1428,3866823.126314154826,510646.254640779807,5905984.241320062429,-5781.400780389959,-2872.385316303280,3923.987807414051,336.358664902240,28.295838810012,1308085.585685580969,5785.190847887702,-8442.577284418774,-138,7167862,-8422.851562500000,19.725721918774,3866823,510646,5905984,-5781401,-2872385,3923988,1308086,5785191,-8442577,0,0
3,69.295000000000,70.902403225433,447,2026-09-06T05:20:01Z,-4925.983136000000,447000,1429,3861039.389346122742,507774.019510377315,5909904.935551382601,-5786.128892585566,-2872.109703813180,3917.350000414444,336.442613006672,28.097166127271,1313877.222385425586,5798.030297724006,-8461.314444589039,-139,7167861,-8483.886718750000,-22.572274160961,3861039,507774,5909905,-5786129,-2872110,3917350,1313877,5798030,-8461314,0,0
3,69.295000000000,70.902403225433,448,2026-09-06T05:20:02Z,-4924.983136000000,448000,1430,3855250.927303481381,504902.061851795414,5913818.989646268077,-5790.850651980236,-2871.830217841193,3910.707576203095,336.525561232057,27.899915483329,1319681.610948292073,5810.695193444116,-8479.796870446289,-139,7167861,-8483.886718750000,-4.089848303711,3855251,504902,5913819,-5790851,-2871830,3910708,1319682,5810695,-8479797,0,0
3,69.295000000000,70.902403225433,449,2026-09-06T05:20:03Z,-4923.983136000000,449000,1431,3849457.746542366222,502030.385538114992,5917726.398990514688,-5795.566052471713,-2871.546859102978,3904.060541794024,336.607528033621,27.704072597483,1325498.578147582244,5823.188180379982,-8498.028422436972,-139,7167861,-8483.886718750000,14.141703686972,3849458,502030,5917726,-5795566,-2871547,3904061,1325499,5823188,-8498028,0,0
3,69.295000000000,70.902403225433,450,2026-09-06T05:20:04Z,-4922.983136000000,450000,1432,3843659.853424916510,499158.994442005758,5921627.158976961859,-5800.275087889531,-2871.259628863413,3897.408904211261,336.688531423442,27.509623294880,1331327.953381187050,5835.511862683149,-8516.012900911195,-140,7167860,-8544.921875000000,-28.908974088805,3843660,499159,5921627,-5800275,-2871260,3897409,1331328,5835512,-8516013,0,0
3,69.295000000000,70.902403225433,451,2026-09-06T05:20:05Z,-4921.983136000000,451000,1433,3837857.254319404252,496287.892434617854,5925521.265005529858,-5804.977752155992,-2870.968527740786,3890.752670482470,336.768588983400,27.316553508412,1337169.568630798953,5847.668803352716,-8533.754046163540,-140,7167860,-8544.921875000000,-11.167828836460,3837857,496288,5925521,-5804978,-2870969,3890753,1337170,5847669,-8533754,0,0
3,69.295000000000,70.902403225433,452,2026-09-06T05:20:06Z,-4920.983136000000,452000,1434,3832049.955600343645,493417.083386096114,5929408.712483095936,-5809.674039027414,-2870.673557665611,3884.091847639866,336.847717877747,27.124849280458,1343023.258420908591,5859.661525495724,-8551.255540272394,-140,7167860,-8544.921875000000,6.333665272394,3832050,493417,5929409,-5809674,-2870674,3884092,1343023,5859662,-8551256,0,0
3,69.295000000000,70.902403225433,453,2026-09-06T05:20:07Z,-4919.983136000000,453000,1435,3826237.963648326229,490546.571165963716,5933289.496823560447,-5814.363942536147,-2870.374718501978,3877.426442720207,336.925934865248,26.934496764472,1348888.859778585611,5871.492511522239,-8568.521005925304,-140,7167860,-8544.921875000000,23.599130925304,3826238,490547,5933289,-5814364,-2870375,3877426,1348889,5871493,-8568521,0,0
3,69.295000000000,70.902403225433,454,2026-09-06T05:20:08Z,-4918.983136000000,454000,1436,3820421.284849923104,487676.359641807445,5937163.613448039629,-5819.047456410772,-2870.072012516005,3870.756462773898,337.003256310842,26.745482226377,1354766.212194568943,5883.164205394243,-8585.554009700876,-141,7167859,-8605.957031250000,-20.403021549124,3820421,487676,5937164,-5819047,-2870072,3870756,1354766,5883164,-8585554,0,0
3,69.295000000000,70.902403225433,455,2026-09-06T05:20:09Z,-4917.983136000000,455000,1437,3814599.925598186906,484806.452681231196,5941031.057784379460,-5823.724574653170,-2869.765439909941,3864.081914847702,337.079698197020,26.557792045894,1360655.157582776854,5894.679011385921,-8602.358060259608,-141,7167859,-8605.957031250000,-3.598970990392,3814600,484806,5941031,-5823725,-2869765,3864082,1360655,5894679,-8602358,0,0
3,69.295000000000,70.902403225433,456,2026-09-06T05:20:10Z,-4916.983136000000,456000,1438,3808773.892292057164,481936.854149626859,5944891.825267717242,-5828.395291105153,-2869.455002197412,3857.402805997481,337.155276134686,26.371412717632,1366555.540243230760,5906.039295917677,-8618.936611020359,-141,7167859,-8605.957031250000,12.979579770359,3808774,481937,5944892,-5828395,-2869455,3857403,1366556,5906039,-8618937,0,0
3,69.295000000000,70.902403225433,457,2026-09-06T05:20:11Z,-4915.983136000000,457000,1439,3802943.191336413380,479067.567912380910,5948745.911340254359,-5833.059599678563,-2869.140700353000,3850.719143281822,337.230005373809,26.186330852141,1372467.206822808599,5917.247387342516,-8635.293059848593,-141,7167859,-8605.957031250000,29.336028598593,3802943,479068,5948746,-5833060,-2869141,3850719,1372467,5917247,-8635293,0,0
3,69.295000000000,70.902403225433,458,2026-09-06T05:20:12Z,-4914.983136000000,458000,1440,3797107.829142468050,476198.597833100182,5952593.311451166868,-5837.717494257504,-2868.822535680238,3844.030933774775,337.303900813555,26.002533176776,1378390.006278212648,5928.305576808807,-8651.430750315450,-142,7167858,-8666.992187500000,-15.561437184550,3797108,476199,5952593,-5837717,-2868823,3844031,1378390,5928306,-8651431,0,0
3,69.295000000000,70.902403225433,459,2026-09-06T05:20:13Z,-4913.983136000000,459000,1441,3791267.812127484474,473329.947774514032,5956434.021056724712,-5842.368968850678,-2868.500508516718,3837.338184543114,337.376977012208,25.820006536481,1384323.789838669356,5939.216118248637,-8667.352971680759,-142,7167858,-8666.992187500000,0.360784180759,3791268,473330,5956434,-5842369,-2868501,3837338,1384324,5939216,-8667353,0,0
3,69.295000000000,70.902403225433,460,2026-09-06T05:20:14Z,-4912.983136000000,460000,1442,3785423.146714666858,470461.621598186844,5960268.035620354116,-5847.014017244419,-2868.174621039032,3830.640902668165,337.449248196708,25.638737894438,1390268.410969551187,5949.981229998876,-8683.062961258714,-142,7167858,-8666.992187500000,16.070773758714,3785423,470462,5960268,-5847014,-2868175,3830641,1390268,5949981,-8683063,0,0
3,69.295000000000,70.902403225433,461,2026-09-06T05:20:15Z,-4911.983136000000,461000,1443,3779573.839333430864,467593.623164646968,5964095.350612482987,-5851.652633485173,-2867.844873382353,3823.939095234891,337.520728271882,25.458714332627,1396223.725336055271,5960.603093795523,-8698.563902950291,-143,7167857,-8728.027343750000,-29.463440799709,3779574,467594,5964095,-5851653,-2867845,3823939,1396224,5960603,-8698564,0,0
3,69.295000000000,70.902403225433,462,2026-09-06T05:20:16Z,-4910.983136000000,462000,1444,3773719.896419433877,464725.956333277281,5967915.961510530673,-5856.284811413843,-2867.511267406258,3817.232769330985,337.591430829374,25.279923052281,1402189.590767673217,5971.083856744934,-8713.858930119944,-143,7167857,-8728.027343750000,-14.168413630056,3773720,464726,5967916,-5856285,-2867511,3817233,1402190,5971084,-8713859,0,0
3,69.295000000000,70.902403225433,463,2026-09-06T05:20:17Z,-4909.983136000000,463000,1445,3767861.324413981289,461858.624962621077,5971729.863799238577,-5860.910545037314,-2867.173803686285,3810.521932053234,337.661369156311,25.102351374236,1408165.867223449517,5981.425630670930,-8728.951124642810,-143,7167857,-8728.027343750000,0.923780892810,3767861,461859,5971730,-5860911,-2867174,3810522,1408166,5981426,-8728951,0,0
3,69.295000000000,70.902403225433,464,2026-09-06T05:20:18Z,-4908.983136000000,464000,1446,3761998.129764770158,458991.632909458596,5975537.052970300429,-5865.529828220133,-2866.832483984922,3803.806590500244,337.730556243614,24.925986739195,1414152.416757322149,5991.630493570804,-8743.843519029511,-143,7167857,-8728.027343750000,15.816175279511,3761998,458992,5975537,-5865530,-2866832,3803807,1414152,5991630,-8743844,0,0
3,69.295000000000,70.902403225433,465,2026-09-06T05:20:19Z,-4907.983136000000,465000,1447,3756130.318925415166,456124.984030300460,5979337.524522526190,-5870.142655033760,-2866.487308460819,3797.086751781535,337.799004794152,24.750816707929,1420149.103483718587,6001.700489046307,-8758.539095595792,-143,7167857,-8728.027343750000,30.511751845792,3756130,456125,5979338,-5870143,-2866487,3797087,1420149,6001700,-8758539,0,0
3,69.295000000000,70.902403225433,466,2026-09-06T05:20:20Z,-4906.983136000000,466000,1448,3750257.898355543148,453258.682179604890,5983131.273961938918,-5874.749019346382,-2866.138278991627,3790.362423007537,337.866727230510,24.576828961353,1426155.793544830056,6011.637628084461,-8773.040789061317,-144,7167856,-8789.062500000000,-16.021710938683,3750258,453259,5983131,-5874749,-2866138,3790362,1426156,6011638,-8773041,0,0
3,69.295000000000,70.902403225433,467,2026-09-06T05:20:21Z,-4905.983136000000,467000,1449,3744380.874520899728,450392.731211644772,5986918.296801547520,-5879.348915148057,-2865.785396495539,3783.633611297773,337.933735702632,24.404011300578,1432172.355076570297,6021.443888521767,-8787.351485767775,-144,7167856,-8789.062500000000,-1.711014232225,3744381,450393,5986918,-5879349,-2865785,3783634,1432172,6021444,-8787351,0,0
3,69.295000000000,70.902403225433,468,2026-09-06T05:20:22Z,-4904.983136000000,468000,1450,3738499.253893359099,447527.134978583723,5990698.588561503217,-5883.942336420660,-2865.428662004945,3776.900323771770,338.000042095094,24.232351646842,1438198.658176972996,6031.121215948056,-8801.474024997904,-144,7167856,-8789.062500000000,12.411524997904,3738499,447527,5990699,-5883942,-2865429,3776900,1438199,6031121,-8801474,0,0
3,69.295000000000,70.902403225433,469,2026-09-06T05:20:23Z,-4903.983136000000,469000,1451,3732613.042950563598,444661.897332676628,5994472.144769154489,-5888.529277107864,-2865.068076981800,3770.162567563602,338.065658034298,24.061838041416,1444234.574873365695,6040.671524334901,-8815.411199892558,-144,7167856,-8789.062500000000,26.348699892558,3732613,444662,5994472,-5888529,-2865068,3770163,1444235,6040672,-8815411,0,0
3,69.295000000000,70.902403225433,470,2026-09-06T05:20:24Z,-4902.983136000000,470000,1452,3726722.248176413588,441797.022123681847,5998238.960958933458,-5893.109731227923,-2864.703642254767,3763.420349805529,338.130594895252,23.892458645402,1450279.979091671528,6050.096696091356,-8829.165757532061,-145,7167855,-8850.097656250000,-20.931898717939,3726722,441797,5998239,-5893110,-2864704,3763420,1450280,6050097,-8829166,0,0
3,69.295000000000,70.902403225433,471,2026-09-06T05:20:25Z,-4901.983136000000,471000,1453,3720826.876060748938,438932.513200962334,6001999.032672413625,-5897.683692748615,-2864.335359188487,3756.673677636172,338.194863808319,23.724201739516,1456334.746624588268,6059.398583012481,-8842.740400320412,-145,7167855,-8850.097656250000,-7.357255929588,3720827,438933,6001999,-5897684,-2864335,3756674,1456335,6059399,-8842740,0,0
3,69.295000000000,70.902403225433,472,2026-09-06T05:20:26Z,-4900.983136000000,472000,1454,3714926.933099287096,436068.374412885634,6005752.355458368547,-5902.251155688646,-2863.963228730654,3749.922558205981,338.258475665659,23.557055723782,1462398.755101316608,6068.579006390131,-8856.137786146983,-145,7167855,-8850.097656250000,6.040129896983,3714927,436068,6005752,-5902251,-2863963,3749923,1462399,6068579,-8856138,0,0
3,69.295000000000,70.902403225433,473,2026-09-06T05:20:27Z,-4899.983136000000,473000,1455,3709022.425793868490,433204.609605933947,6009498.924872702919,-5906.812114065360,-2863.587251937986,3743.166998659945,338.321441127447,23.391009117178,1468471.883957695449,6077.639757679184,-8869.360529358757,-145,7167855,-8850.097656250000,19.262873108757,3709022,433205,6009499,-5906812,-2863587,3743167,1468472,6077640,-8869361,0,0
3,69.295000000000,70.902403225433,474,2026-09-06T05:20:28Z,-4898.983136000000,474000,1456,3703113.360652445816,430341.222626257222,6013238.736478351988,-5911.366561814248,-2863.207430609918,3736.407006157606,338.383770627995,23.226050557257,1474554.014405820519,6086.582599229039,-8882.411201827848,-146,7167854,-8911.132812500000,-28.721610672152,3703113,430341,6013239,-5911367,-2863207,3736407,1474554,6086583,-8882411,0,0
3,69.295000000000,70.902403225433,475,2026-09-06T05:20:29Z,-4897.983136000000,475000,1457,3697199.744188766927,427478.217318193521,6016971.785845566541,-5915.914493049058,-2862.823765078986,3729.642587863964,338.445474381586,23.062168799670,1480645.029405826470,6095.409263884628,-8895.292332369230,-146,7167854,-8911.132812500000,-15.840480130770,3697200,427478,6016972,-5915914,-2862824,3729643,1480645,6095409,-8895292,0,0
3,69.295000000000,70.902403225433,476,2026-09-06T05:20:30Z,-4896.983136000000,476000,1458,3691281.582922669593,424615.597525394405,6020698.068551679142,-5920.455901694368,-2862.436257362788,3722.873750943108,338.506562388204,22.899352717703,1486744.813636420062,6104.121456664901,-8908.006409190233,-146,7167854,-8911.132812500000,-3.126403309767,3691282,424616,6020698,-5920456,-2862436,3722874,1486745,6104121,-8908006,0,0
3,69.295000000000,70.902403225433,477,2026-09-06T05:20:31Z,-4895.983136000000,477000,1459,3685358.883379842620,421753.367089947045,6024417.580181289464,-5924.990781849829,-2862.044908014184,3716.100502570043,338.567044439033,22.737591301722,1492853.253467222909,6112.720854005684,-8920.555878785606,-146,7167854,-8911.132812500000,9.423066285606,3685359,421753,6024418,-5924991,-2862045,3716101,1492853,6112721,-8920556,0,0
3,69.295000000000,70.902403225433,478,2026-09-06T05:20:32Z,-4894.983136000000,478000,1460,3679431.652092086617,418891.529852925974,6028130.316326077096,-5929.519127540061,-2861.649718324827,3709.322849921591,338.626930121827,22.576873658616,1498970.236930504441,6121.209105059426,-8932.943147834290,-146,7167854,-8911.132812500000,21.810335334290,3679432,418892,6028130,-5929519,-2861650,3709323,1498970,6121209,-8932943,0,0
3,69.295000000000,70.902403225433,479,2026-09-06T05:20:33Z,-4893.983136000000,479000,1461,3673499.895597061142,416030.089654171432,6031836.272584970109,-5934.040932782409,-2861.250689700171,3702.540800187307,338.686228826100,22.417189011181,1505095.653694142587,6129.587831906646,-8945.170583508001,-147,7167853,-8972.167968750000,-26.997385241999,3673500,416030,6031836,-5934041,-2861251,3702541,1505096,6129588,-8945171,0,0
3,69.295000000000,70.902403225433,480,2026-09-06T05:20:34Z,-4892.983136000000,480000,1462,3667563.620438475627,413169.050332363637,6035535.444564030506,-5938.556191647422,-2860.847823124857,3695.754360554020,338.744949748167,22.258526697484,1511229.395034529036,6137.858629774977,-8957.240513790886,-147,7167853,-8972.167968750000,-14.927454959114,3667564,413169,6035535,-5938556,-2860848,3695754,1511229,6137859,-8957241,0,0
3,69.295000000000,70.902403225433,481,2026-09-06T05:20:35Z,-4891.983136000000,481000,1463,3661622.833165995311,410308.415724884137,6039227.827876513824,-5943.064898155626,-2860.441120116661,3688.963538215830,338.803101896023,22.100876170183,1517371.353810237255,6146.023067855454,-8969.155228670765,-147,7167853,-8972.167968750000,-3.012740079235,3661623,410308,6039228,-5943065,-2860441,3688964,1517371,6146023,-8969155,0,0
3,69.295000000000,70.902403225433,482,2026-09-06T05:20:36Z,-4890.983136000000,482000,1464,3655677.540335150901,407448.189668307430,6042913.418142912909,-5947.567046402128,-2860.030581570072,3682.168340377757,338.860694094109,21.944226995829,1523521.424435841152,6154.082689284516,-8980.916980112876,-147,7167853,-8972.167968750000,8.749011362876,3655678,407448,6042913,-5947567,-2860031,3682168,1523521,6154083,-8980917,0,0
3,69.295000000000,70.902403225433,483,2026-09-06T05:20:37Z,-4889.983136000000,483000,1465,3649727.748507407028,404588.375997232506,6046592.210990962572,-5952.062630429737,-2859.616208904924,3675.368774244816,338.917734987865,21.788568854124,1529679.502856782638,6162.039012006426,-8992.527983318416,-147,7167853,-8972.167968750000,20.360014568416,3649728,404588,6046592,-5952063,-2859616,3675369,1529680,6162039,-8992528,0,0
3,69.295000000000,70.902403225433,484,2026-09-06T05:20:38Z,-4888.983136000000,484000,1466,3643773.464250187855,401728.978545929247,6050264.202055537142,-5956.551644335832,-2859.198003131439,3668.564847025664,338.974233048255,21.633891537181,1535845.486523392610,6169.893528832566,-9003.990416811112,-148,7167852,-9033.203125000000,-29.212708188888,3643773,401729,6050264,-5956552,-2859198,3668565,1535845,6169894,-9003990,0,0
3,69.295000000000,70.902403225433,485,2026-09-06T05:20:39Z,-4887.983136000000,485000,1467,3637814.694136845414,398870.001146583178,6053929.386978780851,-5961.034082212336,-2858.775965369659,3661.756565943506,339.030196576036,21.480184948729,1542019.274366981583,6177.647708066130,-9015.306423348820,-148,7167852,-9033.203125000000,-17.896701651180,3637815,398870,6053929,-5961034,-2858776,3661757,1542019,6177648,-9015306,0,0
3,69.295000000000,70.902403225433,486,2026-09-06T05:20:40Z,-4886.983136000000,486000,1468,3631851.444746655878,396011.447631016548,6057587.761410001665,-5965.509938077957,-2858.350097465973,3654.943938217002,339.085633706028,21.327439103325,1548200.766774661141,6185.302994133553,-9026.478110845033,-148,7167852,-9033.203125000000,-6.725014154967,3631851,396011,6057588,-5965510,-2858350,3654944,1548201,6185303,-9026478,0,0
3,69.295000000000,70.902403225433,487,2026-09-06T05:20:41Z,-4885.983136000000,487000,1469,3625883.722664896399,393153.321828894666,6061239.321005756967,-5969.979206115113,-2857.920399827776,3648.126971075726,339.140552411130,21.175644125518,1554389.865566197783,6192.860807158175,-9037.507551746687,-148,7167852,-9033.203125000000,4.304426746687,3625884,393153,6061239,-5969979,-2857920,3648127,1554390,6192861,-9037508,0,0
3,69.295000000000,70.902403225433,488,2026-09-06T05:20:42Z,-4884.983136000000,488000,1470,3619911.534482602030,390295.627569661650,6064884.061429838650,-5974.441880332961,-2857.486874516951,3641.305671755617,339.194960506359,21.024790249023,1560586.473969700048,6200.322544557626,-9048.396785365299,-148,7167852,-9033.203125000000,15.193660365299,3619912,390296,6064884,-5974442,-2857487,3641306,1560586,6200323,-9048397,0,0
3,69.295000000000,70.902403225433,489,2026-09-06T05:20:43Z,-4883.983136000000,489000,1471,3613934.886796707753,387438.368680765969,6068521.978353339247,-5978.897954918011,-2857.049522053785,3634.480047497163,339.248865652635,20.874867815849,1566790.496599222301,6207.689580191402,-9059.147816632994,-148,7167852,-9033.203125000000,25.944691632994,3613935,387438,6068522,-5978898,-2857050,3634480,1566790,6207690,-9059148,0,0
3,69.295000000000,70.902403225433,490,2026-09-06T05:20:44Z,-4882.983136000000,490000,1472,3607953.786210111342,384581.548988769006,6072153.067454517819,-5983.347423947180,-2856.608343996584,3627.650105539033,339.302275360558,20.725867275440,1573001.839431389235,6214.963265742880,-9069.762618119332,-149,7167851,-9094.238281250000,-24.475663130668,3607954,384582,6072153,-5983347,-2856608,3627650,1573002,6214963,-9069763,0,0
3,69.295000000000,70.902403225433,491,2026-09-06T05:20:45Z,-4881.983136000000,491000,1473,3601968.239331564400,381725.172318752797,6075777.324418930337,-5987.790281528760,-2856.163341697368,3620.815853138083,339.355196994021,20.577779183779,1579220.409783404320,6222.144930634980,-9080.243129908236,-149,7167851,-9094.238281250000,-13.995151341764,3601968,381725,6075777,-5987790,-2856163,3620816,1579220,6222145,-9080243,0,0
3,69.295000000000,70.902403225433,492,2026-09-06T05:20:46Z,-4880.983136000000,492000,1474,3595978.252775751520,378869.242494565144,6079394.744939340279,-5992.226521789689,-2855.714516415389,3613.977297548445,339.407637773744,20.430594202493,1585446.116290832637,6229.235882431626,-9090.591260183859,-149,7167851,-9094.238281250000,-3.647021066141,3595978,378869,6079395,-5992227,-2855715,3613977,1585446,6229236,-9090591,0,0
3,69.295000000000,70.902403225433,493,2026-09-06T05:20:47Z,-4879.983136000000,493000,1475,3589983.833163241390,376013.763338910241,6083005.324715781026,-5996.656138871913,-2855.261869306730,3607.134446028795,339.459604780710,20.284303097946,1591678.868885994889,6236.237407208145,-9100.808885771114,-149,7167851,-9094.238281250000,6.570604521114,3589984,376014,6083005,-5996656,-2855262,3607134,1591679,6236237,-9100809,0,0
3,69.295000000000,70.902403225433,494,2026-09-06T05:20:48Z,-4878.983136000000,494000,1476,3583984.987120395061,373158.738673412008,6086609.059455561452,-6001.079126945569,-2854.805401336478,3600.287305851452,339.511104959496,20.138896740312,1597918.578776703449,6243.150769890535,-9110.897852630800,-149,7167851,-9094.238281250000,16.659571380800,3583985,373159,6086609,-6001079,-2854805,3600287,1597919,6243151,-9110898,0,0
3,69.295000000000,70.902403225433,495,2026-09-06T05:20:49Z,-4877.983136000000,495000,1477,3577981.721279394813,370304.172317975084,6090205.944873321801,-6005.495480082573,-2854.345114486989,3593.435884283281,339.562145121490,19.994366102644,1604165.158425662667,6249.977215068594,-9120.859977046219,-149,7167851,-9094.238281250000,26.621695796219,3577982,370304,6090206,-6005495,-2854345,3593436,1604165,6249977,-9120860,0,0
3,69.295000000000,70.902403225433,496,2026-09-06T05:20:50Z,-4876.983136000000,496000,1478,3571974.042278341949,367450.068091795431,6093795.976690905169,-6009.905192508540,-2853.881009324368,3586.580188603875,339.612731948070,19.850702259945,1610418.521529345540,6256.717966415787,-9130.697044776582,-150,7167850,-9155.273437500000,-24.576392723418,3571974,367450,6093796,-6009905,-2853881,3586580,1610419,6256718,-9130697,0,0
3,69.295000000000,70.902403225433,497,2026-09-06T05:20:51Z,-4875.983136000000,497000,1479,3565961.956761274952,364596.429812084883,6097379.150637427345,-6014.308258329493,-2853.413087637421,3579.720226097379,339.662871993620,19.707896388215,1616678.582998384954,6263.374228058822,-9140.410813055660,-150,7167850,-9155.273437500000,-14.862624444340,3565962,364596,6097379,-6014308,-2853413,3579720,1616679,6263374,-9140411,0,0
3,69.295000000000,70.902403225433,498,2026-09-06T05:20:52Z,-4874.983136000000,498000,1480,3559945.471377800684,361743.261295504402,6100955.462449396960,-6018.704671749674,-2852.941350307731,3572.856004048845,339.712571688556,19.565939763503,1622945.258937332779,6269.947184086943,-9150.003009875711,-150,7167850,-9155.273437500000,-5.270427624289,3559945,361743,6100955,-6018705,-2852941,3572856,1622945,6269947,-9150003,0,0
3,69.295000000000,70.902403225433,499,2026-09-06T05:20:53Z,-4873.983136000000,499000,1481,3553924.592783638742,358890.566356587748,6104524.907870525494,-6023.094426911939,-2852.465798930211,3565.987529758786,339.761837342157,19.424823760949,1629218.466625469271,6276.437999534444,-9159.475335421279,-150,7167850,-9155.273437500000,4.201897921279,3553925,358891,6104525,-6023094,-2852466,3565988,1629218,6276438,-9159475,0,0
3,69.295000000000,70.902403225433,500,2026-09-06T05:20:54Z,-4872.983136000000,500000,1482,3547899.327640345320,356038.348809642950,6108087.482651734725,-6027.477518003252,-2851.986434701246,3559.114810518622,339.810675145442,19.284539853839,1635498.124496909324,6282.847820256235,-9168.829461887606,-150,7167850,-9155.273437500000,13.556024387606,3547899,356038,6108087,-6027478,-2851986,3559115,1635498,6282848,-9168829,0,0
3,69.295000000000,70.902403225433,501,2026-09-06T05:20:55Z,-4871.983136000000,501000,1483,3541869.682615029160,353186.612466819410,6111643.182551461272,-6031.853939219218,-2851.503258820571,3552.237853638871,339.859091173850,19.145079612614,1641784.152122926433,6289.177773437350,-9178.067034224192,-150,7167850,-9155.273437500000,22.793596724192,3541870,353187,6111643,-6031854,-2851503,3552238,1641784,6289178,-9178067,0,0
3,69.295000000000,70.902403225433,502,2026-09-06T05:20:56Z,-4870.983136000000,502000,1484,3535835.664380813949,350335.361139367975,6115192.003335315734,-6036.223684710876,-2851.016272999118,3545.356666425505,339.907091389926,19.006434703928,1648076.470192440553,6295.428968091008,-9187.189670861619,-151,7167849,-9216.308593750000,-29.118922888381,3535836,350335,6115192,-6036224,-2851016,3545357,1648076,6295429,-9187190,0,0
3,69.295000000000,70.902403225433,503,2026-09-06T05:20:57Z,-4869.983136000000,503000,1485,3529797.279616631102,347484.598636919516,6118733.940776227973,-6040.586748724763,-2850.525478042243,3538.471256199045,339.954681645897,18.868596889666,1654375.000494309235,6301.602494838055,-9196.198963389697,-151,7167849,-9216.308593750000,-20.109630360303,3529797,347485,6118734,-6040587,-2850525,3538471,1654375,6301602,-9196199,0,0
3,69.295000000000,70.902403225433,504,2026-09-06T05:20:58Z,-4868.983136000000,504000,1486,3523754.535007042810,344634.328768027073,6122268.990654550493,-6044.943125465579,-2850.030875269454,3531.581630275468,340.001867686203,18.731558025985,1660679.665899346815,6307.699426758027,-9205.096477799440,-151,7167849,-9216.308593750000,-11.212115950560,3523755,344634,6122269,-6044943,-2850031,3531582,1660680,6307699,-9205096,0,0
3,69.295000000000,70.902403225433,505,2026-09-06T05:20:59Z,-4867.983136000000,505000,1487,3517707.437242561486,341784.555339894432,6125797.148757859133,-6049.292809085728,-2849.532466601318,3524.687795984391,340.048655149933,18.595310062338,1666990.390342575032,6313.720819742867,-9213.883754999282,-151,7167849,-9216.308593750000,-2.424838750718,3517707,341785,6125797,-6049293,-2849532,3524688,1666990,6313721,-9213884,0,0
3,69.295000000000,70.902403225433,506,2026-09-06T05:21:00Z,-4866.983136000000,506000,1488,3511655.993019636255,338935.282158350048,6129318.410880984738,-6053.635793881313,-2849.030252564262,3517.789760653613,340.095049573206,18.459845040513,1673307.098805977497,6319.667712006487,-9222.562310099336,-151,7167849,-9216.308593750000,6.253716349336,3511656,338935,6129318,-6053636,-2849030,3517790,1673307,6319668,-9222562,0,0
3,69.295000000000,70.902403225433,507,2026-09-06T05:21:01Z,-4865.983136000000,507000,1489,3505600.209040119313,336086.513027956011,6132832.772826310247,-6057.972073999281,-2848.524235289347,3510.887531625485,340.141056391511,18.325155093652,1679629.717301907949,6325.541125566396,-9231.133634573616,-151,7167849,-9216.308593750000,14.825040823616,3505600,336087,6132833,-6057972,-2848524,3510888,1679630,6325541,-9231134,0,0
3,69.295000000000,70.902403225433,508,2026-09-06T05:21:02Z,-4864.983136000000,508000,1490,3499540.092011874542,333238.251752136275,6136340.230403400026,-6062.301643745286,-2848.014415312946,3503.981116238720,340.186680941948,18.191232445295,1685958.172855816316,6331.342065268239,-9239.599194836497,-151,7167849,-9216.308593750000,23.290601086497,3499540,333238,6136340,-6062302,-2848014,3503981,1685958,6331342,-9239599,0,0
3,69.295000000000,70.902403225433,509,2026-09-06T05:21:03Z,-4863.983136000000,509000,1491,3493475.648648554925,330390.502132366062,6139840.779429205693,-6066.624497274006,-2847.500794872872,3497.070521843852,340.231928465409,18.058069408408,1692292.393490440212,6337.071520376160,-9247.960434563600,-152,7167848,-9277.343750000000,-29.383315436400,3493476,330391,6139841,-6066624,-2847501,3497071,1692292,6337072,-9247960,0,0
3,69.295000000000,70.902403225433,510,2026-09-06T05:21:04Z,-4862.983136000000,510000,1492,3487406.885669350158,327543.267969510925,6143334.415728102438,-6070.940628922926,-2846.983374321042,3490.155755788692,340.276804108764,17.925658384425,1698632.308209239272,6342.730463437263,-9256.218773034652,-152,7167848,-9277.343750000000,-21.124976965348,3487407,327543,6143334,-6070941,-2846983,3490156,1698632,6342730,-9256219,0,0
3,69.295000000000,70.902403225433,511,2026-09-06T05:21:05Z,-4861.983136000000,511000,1493,3481333.809799476061,324696.553062378778,6146821.135131712072,-6075.250032878103,-2846.462155703023,3483.236825436506,340.321312926889,17.793991862282,1704977.846980845788,6348.319851974478,-9264.375607603959,-152,7167848,-9277.343750000000,-12.968142396041,3481334,324697,6146821,-6075250,-2846462,3483237,1704978,6348320,-9264376,0,0
3,69.295000000000,70.902403225433,512,2026-09-06T05:21:06Z,-4860.983136000000,512000,1494,3475256.427769809030,321850.361209003720,6150300.933479043655,-6079.552703414265,-2845.937140175579,3476.313738149656,340.365459884741,17.663062417468,1711328.940723201493,6353.840627734238,-9272.432312602505,-152,7167848,-9277.343750000000,-4.911437397495,3475256,321850,6150301,-6079553,-2845937,3476314,1711329,6353841,-9272432,0,0
3,69.295000000000,70.902403225433,513,2026-09-06T05:21:07Z,-4859.983136000000,513000,1495,3469174.746316873934,319004.696206025314,6153773.806616521440,-6083.848634806600,-2845.408329001884,3469.386501296867,340.409249859315,17.532862711067,1717685.521288555814,6359.293717351587,-9280.390240308578,-152,7167848,-9277.343750000000,3.046490308578,3469175,319005,6153774,-6083849,-2845408,3469387,1717686,6359294,-9280390,0,0
3,69.295000000000,70.902403225433,514,2026-09-06T05:21:08Z,-4858.983136000000,514000,1496,3463088.772183022927,316159.561848243757,6157239.750397918746,-6088.137821296641,-2844.875723841824,3462.455122252322,340.452687641551,17.403385488804,1724047.521448502550,6364.680032722950,-9288.250721491768,-152,7167848,-9277.343750000000,10.906971491768,3463089,316160,6157240,-6088138,-2844876,3462455,1724048,6364680,-9288251,0,0
3,69.295000000000,70.902403225433,515,2026-09-06T05:21:09Z,-4857.983136000000,515000,1497,3456998.512116331141,313314.961929605517,6160698.760684362613,-6092.420257174126,-2844.339325968519,3455.519608398390,340.495777938239,17.274623580110,1730414.874878834002,6370.000470963909,-9296.015065351345,-152,7167848,-9277.343750000000,18.671315351345,3456999,313315,6160699,-6092420,-2844339,3455520,1730415,6370000,-9296015,0,0
3,69.295000000000,70.902403225433,516,2026-09-06T05:21:10Z,-4856.983136000000,516000,1498,3450903.972870498896,310470.900242132193,6164150.833344450220,-6096.695936772903,-2843.799136165330,3448.579967116530,340.538525373818,17.146569897170,1736787.516145616071,6375.255914610766,-9303.684559810406,-152,7167848,-9277.343750000000,26.340809810406,3450904,310471,6164151,-6096696,-2843799,3448580,1736788,6375256,-9303685,0,0
3,69.295000000000,70.902403225433,517,2026-09-06T05:21:11Z,-4855.983136000000,517000,1499,3444805.161204987206,307627.380577201082,6167595.964254092425,-6100.964854299946,-2843.255156796545,3441.636205798204,340.580934492185,17.019217434001,1743165.380690202350,6380.447232696517,-9311.260473086104,-153,7167847,-9338.378906250000,-27.118433163896,3444805,307627,6167596,-6100965,-2843255,3441636,1743165,6380447,-9311260,0,0
3,69.295000000000,70.902403225433,518,2026-09-06T05:21:12Z,-4854.983136000000,518000,1500,3438702.083885041066,304784.406724125613,6171034.149296604097,-6105.227004137305,-2842.707388265922,3434.688331838515,340.623009758392,16.892559265512,1749548.404815889662,6385.575279596325,-9318.744052004778,-153,7167847,-9338.378906250000,-19.634854245222,3438702,304784,6171034,-6105227,-2842707,3434688,1749548,6385575,-9318744,0,0
3,69.295000000000,70.902403225433,519,2026-09-06T05:21:13Z,-4853.983136000000,519000,1501,3432594.747681599110,301941.982471238764,6174465.384362669662,-6109.482380495592,-2842.155833039556,3427.736352639840,340.664755560364,16.766588546585,1755936.525673690718,6390.640896854290,-9326.136524667849,-153,7167847,-9338.378906250000,-12.242381582151,3432595,301942,6174465,-6109482,-2842156,3427736,1755937,6390641,-9326137,0,0
3,69.295000000000,70.902403225433,520,2026-09-06T05:21:14Z,-4852.983136000000,520000,1502,3426483.159371241461,299100.111605254468,6177889.665350435302,-6113.730977782325,-2841.600491438612,3420.780275610014,340.706176210529,16.641298511152,1762329.681249171728,6395.644911766635,-9333.439098384199,-153,7167847,-9338.378906250000,-4.939807865801,3426483,299100,6177890,-6113731,-2841600,3420780,1762330,6395645,-9333439,0,0
3,69.295000000000,70.902403225433,521,2026-09-06T05:21:15Z,-4851.983136000000,521000,1503,3420367.325736141298,296258.797911653761,6181306.988165481016,-6117.972790220392,-2841.041365934132,3413.820108158689,340.747275947435,16.516682471284,1768727.810348987579,6400.588139295684,-9340.652962463326,-153,7167847,-9338.378906250000,2.274056213326,3420367,296259,6181307,-6117973,-2841041,3413820,1768728,6400588,-9340653,0,0
3,69.295000000000,70.902403225433,522,2026-09-06T05:21:16Z,-4850.983136000000,522000,1504,3414247.253564288840,293418.045174571220,6184717.348720743321,-6122.207812243687,-2840.478456665892,3406.855857698247,340.788058937308,16.392733816290,1775130.852587711532,6405.471380541420,-9347.779285984810,-153,7167847,-9338.378906250000,9.400379734810,3414247,293418,6184717,-6122208,-2840478,3406856,1775131,6405471,-9347779,0,0
3,69.295000000000,70.902403225433,523,2026-09-06T05:21:17Z,-4849.983136000000,523000,1505,3408122.949649267830,290577.857176501304,6188120.742936620489,-6126.436038108750,-2839.911765919510,3399.887531657441,340.828529275570,16.269446011808,1781538.748375297058,6410.295424735878,-9354.819220708838,-153,7167847,-9338.378906250000,16.440314458838,3408123,290578,6188121,-6126436,-2839912,3399888,1781539,6410295,-9354819,0,0
3,69.295000000000,70.902403225433,524,2026-09-06T05:21:18Z,-4848.983136000000,524000,1506,3401994.420790408738,287738.237698760640,6191517.166740898974,-6130.657462153067,-2839.341295109250,3392.915137460477,340.868690988339,16.146812598922,1787951.438904141309,6415.061048260359,-9361.773899641954,-153,7167847,-9338.378906250000,23.394993391954,3401994,287738,6191517,-6130657,-2839341,3392915,1787951,6415061,-9361774,0,0
3,69.295000000000,70.902403225433,525,2026-09-06T05:21:19Z,-4847.983136000000,525000,1507,3395861.673792717513,284899.190520855773,6194906.616068782285,-6134.872078748685,-2838.767045362431,3385.938682542474,340.908548033858,16.024827193266,1794368.866137009347,6419.769015106393,-9368.644437709794,-153,7167847,-9338.378906250000,30.265531459794,3395862,284899,6194907,-6134872,-2838767,3385939,1794369,6419769,-9368644,0,0
3,69.295000000000,70.902403225433,526,2026-09-06T05:21:20Z,-4846.983136000000,526000,1508,3389724.715466781054,282060.719421340502,6198289.086862962693,-6139.079882237638,-2838.189018199898,3378.958174338550,340.948104303941,15.903483484153,1800790.972794581437,6424.420077344712,-9375.431932441446,-154,7167846,-9399.414062500000,-23.982130058554,3389725,282061,6198289,-6139080,-2838189,3378958,1800791,6424420,-9375432,0,0
3,69.295000000000,70.902403225433,527,2026-09-06T05:21:21Z,-4845.983136000000,527000,1509,3383583.552628753707,279222.828177308547,6201664.575073588639,-6143.280866963778,-2837.607215244418,3371.973620291101,340.987363625332,15.782775233697,1807217.702343676705,6429.014975228547,-9382.137464120226,-154,7167846,-9399.414062500000,-17.276598379774,3383584,279223,6201665,-6143281,-2837607,3371974,1807218,6429015,-9382137,0,0
3,69.295000000000,70.902403225433,528,2026-09-06T05:21:22Z,-4844.983136000000,528000,1510,3377438.192100579850,276385.520563890634,6205033.076658213511,-6147.475027347355,-2837.021637257010,3364.985027850707,341.026329761034,15.662696275952,1813648.998985572252,6433.554437018219,-9388.762095527669,-154,7167846,-9399.414062500000,-10.651966972331,3377438,276386,6205033,-6147475,-2837022,3364985,1813649,6433554,-9388762,0,0
3,69.295000000000,70.902403225433,529,2026-09-06T05:21:23Z,-4843.983136000000,529000,1511,3371288.640709711239,273548.800355522137,6208394.587581873871,-6151.662357682198,-2836.432286636352,3357.992404469769,341.065006411663,15.543240516055,1820084.807644078275,6438.039180163488,-9395.306873669004,-154,7167846,-9399.414062500000,-4.107188830996,3371289,273549,6208395,-6151662,-2836432,3357992,1820085,6438039,-9395307,0,0
3,69.295000000000,70.902403225433,530,2026-09-06T05:21:24Z,-4842.983136000000,530000,1512,3365134.905289364047,270712.671324458846,6211749.103817025200,-6155.842852417663,-2835.839163963783,3350.995757609780,341.103397216679,15.424401929370,1826525.073954654392,6442.469910146180,-9401.772828084135,-154,7167846,-9399.414062500000,2.358765584135,3365135,270713,6211749,-6155843,-2835839,3350996,1826525,6442470,-9401773,0,0
3,69.295000000000,70.902403225433,531,2026-09-06T05:21:25Z,-4841.983136000000,531000,1513,3358976.992678328883,267877.137242093682,6215096.621343584731,-6160.016505877593,-2835.242271453183,3343.995094731326,341.141505755676,15.306174560656,1832969.744252795586,6446.847322026154,-9408.160973103741,-154,7167846,-9399.414062500000,8.746910603741,3358977,267877,6215097,-6160017,-2835242,3343995,1832970,6446847,-9408161,0,0
3,69.295000000000,70.902403225433,532,2026-09-06T05:21:26Z,-4840.983136000000,532000,1514,3352814.909720966592,265042.201878245105,6218437.136148965918,-6164.183312509977,-2834.641609889445,3336.990423302268,341.179335549584,15.188552523227,1839418.765563394176,6451.172099433519,-9414.472306378584,-154,7167846,-9399.414062500000,15.058243878584,3352815,265042,6218437,-6164183,-2834642,3336990,1839419,6451172,-9414472,0,0
3,69.295000000000,70.902403225433,533,2026-09-06T05:21:27Z,-4839.983136000000,533000,1515,3346648.663267186377,262207.869001055253,6221770.644228097051,-6168.343266674128,-2834.037181207805,3329.981750802290,341.216890061850,15.071529998119,1845872.085590024712,6455.444915774569,-9420.707810639366,-154,7167846,-9399.414062500000,21.293748139366,3346649,262208,6221771,-6168343,-2834037,3329982,1845872,6455445,-9420708,0,0
3,69.295000000000,70.902403225433,534,2026-09-06T05:21:28Z,-4838.983136000000,534000,1516,3340478.260172609240,259374.142377258802,6225097.141583317891,-6172.496362816673,-2833.428986395745,3322.969084708348,341.254172699607,14.955101233281,1852329.652704084059,6459.666433580560,-9426.868452746383,-154,7167846,-9399.414062500000,27.454390246383,3340478,259374,6225097,-6172496,-2833429,3322969,1852330,6459666,-9426868,0,0
3,69.295000000000,70.902403225433,535,2026-09-06T05:21:29Z,-4837.983136000000,535000,1517,3334303.707298414316,256541.025772595342,6228416.624224454165,-6176.642595302837,-2832.817027493064,3315.952432505583,341.291186814819,14.839260542765,1858791.415934324963,6463.837305482368,-9432.955185111881,-155,7167845,-9460.449218750000,-27.494033638119,3334304,256541,6228417,-6176643,-2832817,3315952,1858791,6463837,-9432955,0,0
3,69.295000000000,70.902403225433,536,2026-09-06T05:21:30Z,-4836.983136000000,536000,1518,3328125.011511193588,253708.522950287384,6231729.088168949820,-6180.781958585158,-2832.201305590615,3308.931801681865,341.327935705348,14.724002305904,1865257.324957439676,6467.958173599298,-9438.968944808121,-155,7167845,-9460.449218750000,-21.480273941879,3328125,253709,6231729,-6180782,-2832201,3308932,1865257,6467958,-9438969,0,0
3,69.295000000000,70.902403225433,537,2026-09-06T05:21:31Z,-4835.983136000000,537000,1519,3321942.179683527909,250876.637673227931,6235034.529441491701,-6184.914447090250,-2831.581822168573,3301.907199736888,341.364422616084,14.609320966550,1871727.330086525762,6472.029670244937,-9444.910654597456,-155,7167845,-9460.449218750000,-15.538564152544,3321942,250877,6235035,-6184914,-2831582,3301907,1871727,6472030,-9444911,0,0
3,69.295000000000,70.902403225433,538,2026-09-06T05:21:32Z,-4834.983136000000,538000,1520,3315755.218693273142,248045.373702121957,6238332.944074446335,-6189.040055222449,-2830.958579085973,3294.878634166707,341.400650739959,14.495211032256,1878201.382262645755,6476.052418084112,-9450.781223161388,-155,7167845,-9460.449218750000,-9.667995588612,3315755,248045,6238333,-6189040,-2830959,3294879,1878201,6476052,-9450781,0,0
3,69.295000000000,70.902403225433,539,2026-09-06T05:21:33Z,-4833.983136000000,539000,1521,3309564.135423763655,245214.734796644916,6241624.328107706271,-6193.158777465669,-2830.331577266179,3287.846112480111,341.436623219005,14.381667073511,1884679.433044410311,6480.027029795426,-9456.581544608100,-155,7167845,-9460.449218750000,-3.867674141900,3309564,245215,6241624,-6193159,-2830332,3287846,1884679,6480027,-9456582,0,0
3,69.295000000000,70.902403225433,540,2026-09-06T05:21:34Z,-4832.983136000000,540000,1522,3303368.936764103826,242384.724714382231,6244908.677588587627,-6197.270608232429,-2829.700818670432,3280.809642184067,341.472343145323,14.268683722966,1891161.434598677326,6483.954109004230,-9462.312499833972,-155,7167845,-9460.449218750000,1.863281083972,3303369,242385,6244909,-6197271,-2829701,3280810,1891161,6483954,-9462312,0,0
3,69.295000000000,70.902403225433,541,2026-09-06T05:21:35Z,-4831.983136000000,541000,1523,3297169.629608868621,239555.347212080931,6248185.988571939059,-6201.375542006645,-2829.066304423236,3273.769230799189,341.507813562106,14.156255674678,1897647.339690849651,6487.834249717109,-9467.974955698302,-155,7167845,-9460.449218750000,7.525736948302,3297170,239555,6248186,-6201376,-2829066,3273769,1897647,6487834,-9467975,0,0
3,69.295000000000,70.902403225433,542,2026-09-06T05:21:36Z,-4830.983136000000,542000,1524,3290966.220858077984,236726.606044548476,6251456.257120203227,-6205.473573219479,-2828.428036399771,3266.724885844269,341.543037464566,14.044377683343,1904137.101676181890,6491.668037094631,-9473.569766151026,-155,7167845,-9460.449218750000,13.120547401026,3290966,236727,6251456,-6205474,-2828428,3266725,1904137,6491668,-9473570,0,0
3,69.295000000000,70.902403225433,543,2026-09-06T05:21:37Z,-4829.983136000000,543000,1525,3284758.717417446431,233898.504965162894,6254719.479303256609,-6209.564696377583,-2827.786015639106,3259.676614843556,341.578017800881,13.933044563558,1910630.674490263686,6495.456046990123,-9479.097771559613,-155,7167845,-9460.449218750000,18.648552809613,3284759,233899,6254719,-6209565,-2827786,3259677,1910631,6495456,-9479098,0,0
3,69.295000000000,70.902403225433,544,2026-09-06T05:21:38Z,-4828.983136000000,544000,1526,3278547.126198206563,231071.047725980927,6257975.651198511012,-6213.648905904392,-2827.140244309476,3252.624425331305,341.612757473112,13.822251189084,1917128.012640221044,6499.198846879001,-9484.559800065294,-155,7167845,-9460.449218750000,24.110581315294,3278547,231071,6257976,-6213649,-2827140,3252624,1917128,6499199,-9484560,0,0
3,69.295000000000,70.902403225433,545,2026-09-06T05:21:39Z,-4827.983136000000,545000,1527,3272331.454116993584,228244.238077582850,6261224.768890968524,-6217.726196345211,-2826.490723086323,3245.568324841770,341.647259338098,13.711992492109,1923629.071196119767,6502.896994969696,-9489.956666285587,-155,7167845,-9460.449218750000,29.507447535587,3272331,228244,6261225,-6217726,-2826491,3245568,1923629,6502897,-9489957,0,0
3,69.295000000000,70.902403225433,546,2026-09-06T05:21:40Z,-4826.983136000000,546000,1528,3266111.708096036222,225418.079768683354,6264466.828473152593,-6221.796562121199,-2825.837454423123,3238.508320921028,341.681526208313,13.602263462528,1930133.805782386102,6506.551041652685,-9495.289173428939,-156,7167844,-9521.484375000000,-26.195201571061,3266112,225418,6264467,-6221797,-2825837,3238508,1930134,6506551,-9495289,0,0
3,69.295000000000,70.902403225433,547,2026-09-06T05:21:41Z,-4825.983136000000,547000,1529,3259887.895063112024,222592.576546684373,6267701.826045101508,-6225.859997784028,-2825.180439103264,3231.444421110609,341.715560852735,13.493059147230,1936642.172569124959,6510.161528269682,-9500.558111498542,-156,7167844,-9521.484375000000,-20.926263501458,3259888,222593,6267702,-6225860,-2825180,3231444,1936642,6510162,-9500558,0,0
3,69.295000000000,70.902403225433,548,2026-09-06T05:21:42Z,-4824.983136000000,548000,1530,3253660.021951318718,219767.732157283026,6270929.757714492269,-6229.916497794875,-2824.519679212955,3224.376632963867,341.749365997669,13.384374649388,1943154.128264169442,6513.728988444460,-9505.764259234471,-156,7167844,-9521.484375000000,-15.720115765529,3253660,219768,6270930,-6229916,-2824520,3224377,1943154,6513729,-9505764,0,0
3,69.295000000000,70.902403225433,549,2026-09-06T05:21:43Z,-4823.983136000000,549000,1531,3247428.095699446741,216943.550344922027,6274150.619596472010,-6233.966056711779,-2823.855175642365,3217.304964040522,341.782944327574,13.276205127769,1949669.630104416749,6517.253947231980,-9510.908382871965,-156,7167844,-9521.484375000000,-10.575992128035,3247428,216944,6274151,-6233966,-2823855,3217305,1949670,6517254,-9510908,0,0
3,69.295000000000,70.902403225433,550,2026-09-06T05:21:44Z,-4822.983136000000,550000,1532,3241192.123251772486,214120.034852212353,6277364.407813741826,-6238.008668998646,-2823.186930670118,3210.229421899385,341.816298485839,13.168545796037,1956188.635848196223,6520.736922271793,-9515.991237824634,-156,7167844,-9521.484375000000,-5.493137175366,3241192,214120,6277364,-6238009,-2823187,3210229,1956189,6520737,-9515991,0,0
3,69.295000000000,70.902403225433,551,2026-09-06T05:21:45Z,-4821.983136000000,551000,1533,3234952.111557898112,211297.189420828770,6280571.118496635929,-6242.044329230339,-2822.514945106064,3203.150014108360,341.849431075594,13.061391922072,1962711.103767120745,6524.178422800140,-9521.013567242779,-156,7167844,-9521.484375000000,-0.470807757221,3234952,211297,6280571,-6242044,-2822515,3203150,1962711,6524178,-9521014,0,0
3,69.295000000000,70.902403225433,552,2026-09-06T05:21:46Z,-4820.983136000000,552000,1534,3228708.067573063076,208475.017790011450,6283770.747782990336,-6246.073031884407,-2821.839221328219,3196.066748239900,341.882344660419,12.954738827293,1969236.992638722062,6527.578950985206,-9525.976103961986,-156,7167844,-9521.484375000000,4.491728961986,3228708,208475,6283771,-6246073,-2821839,3196067,1969237,6527579,-9525976,0,0
3,69.295000000000,70.902403225433,553,2026-09-06T05:21:47Z,-4819.983136000000,553000,1535,3222459.998257786501,205653.523698226403,6286963.291818313301,-6250.094771555268,-2821.159759973966,3188.979631872826,341.915041765143,12.848581885999,1975766.261738399277,6530.939000739615,-9530.879568770144,-156,7167844,-9521.484375000000,9.395193770144,3222460,205654,6286963,-6250095,-2821160,3188980,1975766,6530939,-9530880,0,0
3,69.295000000000,70.902403225433,554,2026-09-06T05:21:48Z,-4818.983136000000,554000,1536,3216207.910578215029,202832.710881693230,6290148.746755614877,-6254.109542750939,-2820.476563246388,3181.888672588684,341.947524876523,12.742916524700,1982298.870832255809,6534.259059168603,-9535.724672520828,-156,7167844,-9521.484375000000,14.240297520828,3216208,202833,6290149,-6254110,-2820477,3181889,1982299,6534259,-9535725,0,0
3,69.295000000000,70.902403225433,555,2026-09-06T05:21:49Z,-4817.983136000000,555000,1537,3209951.811505789403,200012.583075662726,6293327.108755561523,-6258.117340031276,-2819.789632526806,3174.793877975389,341.979796443993,12.637738221477,1988834.780169446254,6537.539605739597,-9540.512114921430,-156,7167844,-9521.484375000000,19.027739921430,3209952,200013,6293327,-6258117,-2819790,3174794,1988835,6537540,-9540512,0,0
3,69.295000000000,70.902403225433,556,2026-09-06T05:21:50Z,-4816.983136000000,556000,1538,3203691.708017669618,197193.144013554382,6296498.373986282386,-6262.118157963869,-2819.098969294970,3167.695255620856,342.011858880331,12.533042505332,1995373.950474948622,6540.781112774133,-9545.242585251039,-156,7167844,-9521.484375000000,23.758210251039,3203692,197193,6296498,-6262118,-2819099,3167695,1995374,6540781,-9545243,0,0
3,69.295000000000,70.902403225433,557,2026-09-06T05:21:51Z,-4815.983136000000,557000,1539,3197427.607096198015,194374.397427207645,6299662.538623620756,-6266.111991098114,-2818.404575398176,3160.592813131188,342.043714562351,12.428824955555,2001916.342942766845,6543.984045687155,-9549.916762709656,-156,7167844,-9521.484375000000,28.432387709656,3197428,194374,6299663,-6266112,-2818405,3160593,2001916,6543984,-9549917,0,0
3,69.295000000000,70.902403225433,558,2026-09-06T05:21:52Z,-4814.983136000000,558000,1540,3191159.515729261097,191556.347046926967,6302819.598850977607,-6270.098834015243,-2817.706452235057,3153.486558101577,342.075365831567,12.325081201093,2008461.919228614308,6547.148862756416,-9554.535316081674,-157,7167843,-9582.519531250000,-27.984215168326,3191160,191556,6302820,-6270099,-2817706,3153487,2008462,6547149,-9554535,0,0
3,69.295000000000,70.902403225433,559,2026-09-06T05:21:53Z,-4813.983136000000,559000,1541,3184887.440910058562,188738.996601387742,6305969.550859415904,-6274.078681308765,-2817.004601208424,3146.376498145401,342.106814994839,12.221806919935,2015010.641443248838,6550.276015447226,-9559.098904209797,-157,7167843,-9582.519531250000,-23.420627040203,3184887,188739,6305970,-6274079,-2817005,3146376,2015011,6550276,-9559099,0,0
3,69.295000000000,70.902403225433,560,2026-09-06T05:21:54Z,-4812.983136000000,560000,1542,3178611.389637315646,185922.349817820621,6309112.390847550705,-6278.051527546268,-2816.299024270847,3139.262640870584,342.138064325012,12.118997838494,2021562.472145433770,6553.365948724359,-9563.608176450212,-157,7167843,-9582.519531250000,-18.911354799788,3178611,185922,6309112,-6278052,-2816299,3139263,2021562,6553366,-9563608,0,0
3,69.295000000000,70.902403225433,561,2026-09-06T05:21:55Z,-4811.983136000000,561000,1543,3172331.368915120605,183106.410421470151,6312248.115021649748,-6282.017367343997,-2815.589722562749,3132.144993898692,342.169116061529,12.016649731007,2028117.374335660599,6556.419100631280,-9568.063772058553,-157,7167843,-9582.519531250000,-14.455759191447,3172331,183106,6312248,-6282017,-2815590,3132145,2028117,6556419,-9568064,0,0
3,69.295000000000,70.902403225433,562,2026-09-06T05:21:56Z,-4810.983136000000,562000,1544,3166047.385752997361,180291.182136553398,6315376.719595572911,-6285.976195269541,-2814.876698317619,3125.023564853109,342.199972411058,11.914758418935,2034675.311449105851,6559.435903161793,-9572.466321461912,-157,7167843,-9582.519531250000,-10.053209788088,3166047,180291,6315377,-6285976,-2814877,3125024,2034675,6559436,-9572466,0,0
3,69.295000000000,70.902403225433,563,2026-09-06T05:21:57Z,-4809.983136000000,563000,1545,3159759.447165915743,177476.668685247190,6318498.200790787116,-6289.928005967795,-2814.159952507055,3117.898361357220,342.230635548063,11.813319770372,2041236.247349629179,6562.416781417912,-9576.816445029903,-157,7167843,-9582.519531250000,-5.703086220097,3159759,177477,6318498,-6289928,-2814160,3117898,2041236,6562417,-9576816,0,0
3,69.295000000000,70.902403225433,564,2026-09-06T05:21:58Z,-4808.983136000000,564000,1546,3153467.560174147133,174662.873788451921,6321612.554836447351,-6293.872794031813,-2813.439487100226,3110.769391047143,342.261107615410,11.712329699465,2047800.146323243156,6565.362154633355,-9581.114754568285,-157,7167843,-9582.519531250000,-1.404776681715,3153468,174663,6321613,-6293873,-2813439,3110769,2047800,6565362,-9581115,0,0
3,69.295000000000,70.902403225433,565,2026-09-06T05:21:59Z,-4807.983136000000,565000,1547,3147171.731803298928,171849.801165070676,6324719.777969351038,-6297.810554087846,-2812.715303710263,3103.636661560813,342.291390724913,11.611784165829,2054366.973072142806,6568.272435730100,-9585.361852671820,-157,7167843,-9582.519531250000,2.842321421820,3147172,171850,6324720,-6297811,-2812715,3103637,2054367,6568272,-9585362,0,0
3,69.295000000000,70.902403225433,566,2026-09-06T05:22:00Z,-4806.983136000000,566000,1548,3140871.969084438868,169037.454532886361,6327819.866433903575,-6301.741280772148,-2811.987403776754,3096.500180540716,342.321486957917,11.511679173993,2060936.692708118586,6571.148031490490,-9589.558332975441,-157,7167843,-9582.519531250000,7.038801725441,3140872,169037,6327820,-6301741,-2811987,3096500,2060937,6571148,-9589558,0,0
3,69.295000000000,70.902403225433,567,2026-09-06T05:22:01Z,-4805.983136000000,567000,1549,3134568.279053969774,166225.837607400230,6330912.816482184455,-6305.664968732344,-2811.255788745399,3089.359955632972,342.351398365811,11.412010772826,2067509.270747142145,6573.989342735181,-9593.704780413927,-157,7167843,-9582.519531250000,11.185249163927,3134568,166226,6330913,-6305665,-2811256,3089360,2067509,6573989,-9593705,0,0
3,69.295000000000,70.902403225433,568,2026-09-06T05:22:02Z,-4804.983136000000,568000,1550,3128260.668753678910,163414.954103329132,6333998.624373885803,-6309.581612568309,-2810.520461045485,3082.215994495527,342.381126970605,11.312775054992,2074084.673102732049,6576.796764818771,-9597.801771945218,-157,7167843,-9582.519531250000,15.282240695218,3128261,163415,6333999,-6309582,-2810520,3082216,2074085,6576797,-9597802,0,0
3,69.295000000000,70.902403225433,569,2026-09-06T05:22:03Z,-4803.983136000000,569000,1551,3121949.145230777096,160604.807732691348,6337077.286376359873,-6313.491206984963,-2809.781421330655,3075.068304780871,342.410674765397,11.213968156392,2080662.866080964683,6579.570686605401,-9601.849875055439,-157,7167843,-9582.519531250000,19.330343805439,3121949,160605,6337077,-6313491,-2809781,3075068,2080663,6579571,-9601850,0,0
3,69.295000000000,70.902403225433,570,2026-09-06T05:22:04Z,-4802.983136000000,570000,1552,3115633.715537716169,157795.402207093313,6340148.798764650710,-6317.393746596736,-2809.038672039179,3067.916894155132,342.440043714950,11.115586255637,2087243.816373880254,6582.311492010061,-9605.849650008211,-157,7167843,-9582.519531250000,23.330118758211,3115634,157795,6340149,-6317394,-2809039,3067917,2087244,6582311,-9605850,0,0
3,69.295000000000,70.902403225433,571,2026-09-06T05:22:05Z,-4801.983136000000,571000,1553,3109314.386732238811,154986.741235401743,6343213.157821496949,-6321.289226105819,-2808.292214103034,3060.761770286263,342.469235756131,11.017625573499,2093827.491054824088,6585.019558759762,-9609.801648036775,-157,7167843,-9582.519531250000,27.282116786775,3109314,154987,6343213,-6321289,-2808292,3060762,2093827,6585020,-9609802,0,0
3,69.295000000000,70.902403225433,572,2026-09-06T05:22:06Z,-4800.983136000000,572000,1554,3102991.165877513122,152178.828525687015,6346270.359837262891,-6325.177640147558,-2807.542049966997,3053.602940844939,342.498252798449,10.920082372399,2100413.857571956702,6587.695259704448,-9613.706413257054,-158,7167842,-9643.554687500000,-29.848274242946,3102991,152179,6346270,-6325178,-2807542,3053603,2100414,6587695,-9613706,0,0
3,69.295000000000,70.902403225433,573,2026-09-06T05:22:07Z,-4799.983136000000,573000,1555,3096664.060042087454,149371.667783671990,6349320.401109976694,-6329.058983445975,-2806.788180311514,3046.440413508208,342.527096724497,10.822952955876,2107002.883743519895,6590.338961582444,-9617.564480866024,-158,7167842,-9643.554687500000,-25.990206633976,3096664,149372,6349320,-6329059,-2806788,3046440,2107003,6590339,-9617564,0,0
3,69.295000000000,70.902403225433,574,2026-09-06T05:22:08Z,-4798.983136000000,574000,1556,3090333.076299510431,146565.262713921460,6352363.277945473790,-6332.933250646875,-2806.030607675297,3039.274195963117,342.555769390457,10.726233668077,2113594.537752260920,6592.951026582561,-9621.376379421361,-158,7167842,-9643.554687500000,-22.178308078639,3090333,146565,6352363,-6332933,-2806031,3039274,2113595,6592951,-9621376,0,0
3,69.295000000000,70.902403225433,575,2026-09-06T05:22:09Z,-4797.983136000000,575000,1557,3083998.221729193348,143759.617019214114,6355398.986657045782,-6336.800436467456,-2805.269333191546,3032.104295895806,342.584272626529,10.629920893257,2120188.788139745127,6595.531811097450,-9625.142629022157,-158,7167842,-9643.554687500000,-18.412058477843,3083998,143760,6355399,-6336800,-2805269,3032104,2120189,6595532,-9625143,0,0
3,69.295000000000,70.902403225433,576,2026-09-06T05:22:10Z,-4796.983136000000,576000,1558,3077659.503415456507,140954.734400584712,6358427.523565845564,-6340.660535589905,-2804.504358965687,3024.930720996053,342.612608237402,10.534011055267,2126785.603801922873,6598.081666779968,-9628.863742850515,-158,7167842,-9643.554687500000,-14.690944649485,3077660,140955,6358428,-6340661,-2804504,3024931,2126786,6598082,-9628864,0,0
3,69.295000000000,70.902403225433,577,2026-09-06T05:22:11Z,-4795.983136000000,577000,1559,3071316.928447906859,138150.618557400710,6361448.885000727139,-6344.513542745062,-2803.735686143455,3017.753478965460,342.640778002691,10.438500617065,2133384.953983695246,6600.600939847021,-9632.540226155628,-158,7167842,-9643.554687500000,-11.014461344372,3071317,138151,6361449,-6344514,-2803736,3017753,2133385,6600601,-9632540,0,0
3,69.295000000000,70.902403225433,578,2026-09-06T05:22:12Z,-4794.983136000000,578000,1560,3064970.503921575844,135347.273187410494,6364463.067298192531,-6348.359452636032,-2802.963316751686,3010.572577502899,342.668783677362,10.343386080232,2139986.808273764327,6603.089971901595,-9636.172577453392,-158,7167842,-9643.554687500000,-7.382110046608,3064971,135347,6364463,-6348359,-2802963,3010573,2139987,6603090,-9636173,0,0
3,69.295000000000,70.902403225433,579,2026-09-06T05:22:13Z,-4793.983136000000,579000,1561,3058620.236936775967,132544.701986773493,6367470.066802440211,-6352.198259985016,-2802.187252382566,3003.388024318156,342.696626992166,10.248663984487,2146591.136599797290,6605.549099484170,-9639.761287871772,-158,7167842,-9643.554687500000,-3.793399628228,3058620,132545,6367470,-6352198,-2802187,3003388,2146591,6605549,-9639761,0,0
3,69.295000000000,70.902403225433,580,2026-09-06T05:22:14Z,-4792.983136000000,580000,1562,3052266.134598929435,129742.908649628327,6370469.879865472205,-6356.029959525586,-2801.407494723066,2996.199827121927,342.724309654042,10.154330907209,2153197.909223918337,6607.978654367869,-9643.306841581529,-158,7167842,-9643.554687500000,-0.247845918471,3052266,129743,6370470,-6356030,-2801407,2996200,2153198,6607979,-9643307,0,0
3,69.295000000000,70.902403225433,581,2026-09-06T05:22:15Z,-4791.983136000000,581000,1563,3045908.204018889926,126941.896868586206,6373462.502846920863,-6359.854545992221,-2800.624045462385,2989.007993634004,342.751833346532,10.060383462977,2159807.096737438347,6610.378963597874,-9646.809715853724,-158,7167842,-9643.554687500000,3.255028353724,3045908,126942,6373463,-6359855,-2800624,2989008,2159807,6610379,-9646810,0,0
4,88.910000000000,88.908365362029,0,2026-09-05T18:09:25Z,-45161.983136000003,0,1564,2842900.364548733458,1194431.414340601536,6275317.899660378695,6912.081269273585,181.975737111998,-3254.933530281960,13.333878511462,10.048097400117,1999092.215106050251,-6889.040336272938,10053.472216166992,165,7168165,10070.800781250000,17.328565083008,2842900,1194431,6275318,6912081,181976,-3254934,1999092,-6889040,10053472,0,0
4,88.910000000000,88.908365362029,1,2026-09-05T18:09:26Z,-45160.983136000003,1000,1565,2849810.838619504124,1194612.192578915274,6272059.335979977623,6908.817073062892,179.586930110645,-3262.239345301168,13.338777359533,10.143018997554,1992204.068421316100,-6887.252546887430,10050.863218391074,165,7168165,10070.800781250000,19.937562858926,2849811,1194612,6272059,6908817,179587,-3262239,1992204,-6887253,10050863,0,0
4,88.910000000000,88.908365362029,2,2026-09-05T18:09:27Z,-45159.983136000003,2000,1566,2856718.044401795138,1194790.582104581641,6268793.468287683092,6905.544409774393,177.198336743231,-3269.541651232430,13.343684024119,10.238385040241,1985317.723504130496,-6885.436743035189,10048.213337901567,165,7168165,10070.800781250000,22.587443348433,2856718,1194791,6268793,6905544,177198,-3269542,1985318,-6885437,10048213,0,0
4,88.910000000000,88.908365362029,3,2026-09-05T18:09:28Z,-45158.983136000003,3000,1567,2863621.973430286627,1194966.583133573644,6265520.300096719526,6902.263282327567,174.809961738447,-3276.840439163607,13.348598620307,10.334200048254,1978433.208546448033,-6883.592569285616,10045.522056003347,165,7168165,10070.800781250000,25.278725246653,2863622,1194967,6265520,6902263,174810,-3276840,1978433,-6883593,10045522,0,0
4,88.910000000000,88.908365362029,4,2026-09-05T18:09:29Z,-45157.983136000003,4000,1568,2870522.617243322544,1195140.195885719266,6262239.834929038770,6898.973694159849,172.421808608306,-3284.135700191655,13.353521264968,10.430468600898,1971550.552097945008,-6881.719664690268,10042.788845948859,165,7168165,10070.800781250000,28.011935301141,2870523,1195140,6262240,6898974,172422,-3284136,1971551,-6881720,10042789,0,0
4,88.910000000000,88.908365362029,5,2026-09-05T18:09:30Z,-45156.983136000003,5000,1569,2877419.967382062227,1195311.420584736625,6258952.076315714978,6895.675648519500,170.033881350264,-3291.427425413531,13.358452076790,10.527195337623,1964669.783072861144,-6879.817662088663,10040.013171925060,164,7168164,10009.765625000000,-30.247546925060,2877420,1195311,6258952,6895676,170034,-3291427,1964670,-6879818,10040013,0,0
4,88.910000000000,88.908365362029,6,2026-09-05T18:09:31Z,-45155.983136000003,6000,1570,2884314.015391001012,1195480.257458681241,6255657.027796610259,6892.369148664784,167.646183962916,-3298.715605931648,13.363391176332,10.624384958982,1957790.930755562149,-6877.886188155300,10037.194489122017,164,7168164,10009.765625000000,-27.428864122017,2884314,1195480,6255657,6892369,167646,-3298716,1957791,-6877886,10037194,0,0
4,88.910000000000,88.908365362029,7,2026-09-05T18:09:32Z,-45154.983136000003,7000,1571,2891204.752817787696,1195646.706739602378,6252354.692920544185,6889.054197830774,165.258720525344,-3306.000232848419,13.368338686043,10.722042227585,1950914.024806994712,-6875.924863248028,10034.332243511652,164,7168164,10009.765625000000,-24.566618511652,2891205,1195647,6252355,6889054,165259,-3306000,1950914,-6875925,10034332,0,0
4,88.910000000000,88.908365362029,8,2026-09-05T18:09:33Z,-45153.983136000003,8000,1572,2898092.171213827562,1195810.768663150026,6249045.075245065615,6885.730799266184,162.871495116633,-3313.281297267167,13.373294730295,10.820171969093,1944039.095270461170,-6873.933301313947,10031.425871710395,164,7168164,10009.765625000000,-21.660246710395,2898092,1195811,6249045,6885731,162871,-3313281,1944039,-6873933,10031426,0,0
4,88.910000000000,88.908365362029,9,2026-09-05T18:09:34Z,-45152.983136000003,9000,1573,2904976.262133118697,1195972.443469188176,6245728.178336909041,6882.398956226552,160.484511818595,-3320.558790300311,13.378259435436,10.918779073194,1937166.172579231672,-6871.911109765829,10028.474800798858,164,7168164,10009.765625000000,-18.709175798858,2904976,1195972,6245728,6882399,160485,-3320559,1937166,-6871911,10028475,0,0
4,88.910000000000,88.908365362029,10,2026-09-05T18:09:35Z,-45151.983136000003,10000,1574,2911857.017133467365,1196131.731401772704,6242404.005771412514,6879.058672256633,158.097774049111,-3327.832703061176,13.383232929829,11.017868494639,1930295.287561938167,-6869.857889572104,10025.478448453148,164,7168164,10009.765625000000,-15.712823453148,2911857,1196132,6242404,6879059,158098,-3327833,1930295,-6869858,10025478,0,0
4,88.910000000000,88.908365362029,11,2026-09-05T18:09:36Z,-45150.983136000003,11000,1575,2918734.427775734104,1196288.632708774414,6239072.561132956296,6875.709950295459,155.711286714450,-3335.103026657634,13.388215343882,11.117445254265,1923426.471450100886,-6867.773234400083,10022.436221694532,164,7168164,10009.765625000000,-12.670596694532,2918734,1196289,6239073,6875710,155711,-3335103,1923426,-6867773,10022436,0,0
4,88.910000000000,88.908365362029,12,2026-09-05T18:09:37Z,-45149.983136000003,12000,1576,2925608.485624418594,1196443.147641819902,6235733.848014689051,6872.352794012386,153.325052982154,-3342.369752214836,13.393206810089,11.217514440052,1916559.755884420360,-6865.656731574839,10019.347518288776,164,7168164,10009.765625000000,-9.581893288776,2925608,1196443,6235734,6872353,153325,-3342370,1916560,-6865657,10019348,0,0
4,88.910000000000,88.908365362029,13,2026-09-05T18:09:38Z,-45148.983136000003,13000,1577,2932479.182246778160,1196595.276456930209,6232387.870018848218,6868.987206538350,150.939077347175,-3349.632870851565,13.398207463088,11.318081208185,1909695.172922634054,-6863.507960901428,10016.211725027370,164,7168164,10009.765625000000,-6.446100027370,2932479,1196595,6232388,6868987,150939,-3349633,1909695,-6863508,10016212,0,0
4,88.910000000000,88.908365362029,14,2026-09-05T18:09:39Z,-45147.983136000003,14000,1578,2939346.509214069229,1196745.019414149225,6229034.630756206810,6865.613191359444,148.553363470910,-3356.892373688424,13.403217439696,11.419150784162,1902832.755045435391,-6861.326495248964,10013.028218579873,164,7168164,10009.765625000000,-3.262593579873,2939347,1196745,6229035,6865613,148553,-3356892,1902833,-6861326,10013028,0,0
4,88.910000000000,88.908365362029,15,2026-09-05T18:09:40Z,-45146.983136000003,15000,1579,2946210.458100320306,1196892.376777155790,6225674.133846786804,6862.230751770312,146.167915516344,-3364.148251851475,13.408236878940,11.520728463881,1895972.535165055655,-6859.111899969424,10009.796364645781,164,7168164,10009.765625000000,-0.030739645781,2946210,1196892,6225674,6862231,146168,-3364148,1895973,-6859112,10009796,0,0
4,88.910000000000,88.908365362029,16,2026-09-05T18:09:41Z,-45145.983136000003,16000,1580,2953071.020483522676,1197037.348813639488,6222306.382919159718,6858.839891072421,143.782737643505,-3371.400496473143,13.413265922116,11.622819614796,1889114.546631446807,-6856.863732911580,10006.515517974827,164,7168164,10009.765625000000,3.250107025173,2953071,1197037,6222306,6858840,143783,-3371400,1889115,-6856864,10006516,0,0
4,88.910000000000,88.908365362029,17,2026-09-05T18:09:42Z,-45144.983136000003,17000,1581,2959928.187944301870,1197179.935795772355,6218931.381611051038,6855.440612718212,141.397833681367,-3378.649098683127,13.418304712847,11.725429677040,1882258.823241198901,-6854.581544378334,10003.185022304735,164,7168164,10009.765625000000,6.580602695265,2959928,1197180,6218931,6855441,141398,-3378649,1882259,-6854582,10003185,0,0
4,88.910000000000,88.908365362029,18,2026-09-05T18:09:43Z,-45143.983136000003,18000,1582,2966781.952067526523,1197320.137998983962,6215549.133568764664,6852.032920205602,139.013207370454,-3385.894049614762,13.423353397097,11.828564164626,1875405.399243742228,-6852.264876892450,9999.804210019343,164,7168164,10009.765625000000,9.961414980657,2966782,1197320,6215549,6852033,139013,-3385894,1875405,-6852265,9999804,0,0
4,88.910000000000,88.908365362029,19,2026-09-05T18:09:44Z,-45142.983136000003,19000,1583,2973632.304440567736,1197457.955703600077,6212159.642447736114,6848.616816700087,136.628863294618,-3393.135340413210,13.428412123267,11.932228666609,1868554.309350875905,-6849.913264742504,9996.372401485982,164,7168164,10009.765625000000,13.393223514018,2973632,1197458,6212160,6848617,136629,-3393135,1868554,-6849913,9996372,0,0
4,88.910000000000,88.908365362029,20,2026-09-05T18:09:45Z,-45141.983136000003,20000,1584,2980479.236655070912,1197593.389193036593,6208762.911911999807,6845.192305894216,134.244804771242,-3400.372962212714,13.433481042191,12.036428848330,1861705.588743174681,-6847.526234494067,9992.888905801476,164,7168164,10009.765625000000,16.876719198524,2980479,1197593,6208763,6845192,134245,-3400373,1861706,-6847526,9992889,0,0
4,88.910000000000,88.908365362029,21,2026-09-05T18:09:46Z,-45140.983136000003,21000,1585,2987322.740305546205,1197726.438755447976,6205358.945634586737,6841.759390976677,131.861036386226,-3407.606906162073,13.438560307239,12.141170452629,1854859.273079513106,-6845.103304016525,9989.353019371920,164,7168164,10009.765625000000,20.412605628080,2987323,1197726,6205359,6841759,131861,-3407607,1854859,-6845103,9989353,0,0
4,88.910000000000,88.908365362029,22,2026-09-05T18:09:47Z,-45139.983136000003,22000,1586,2994162.806989956647,1197857.104682292556,6201947.747297495604,6838.318075559528,129.477561706608,-3414.837163402808,13.443650074326,12.246459301112,1848015.398504953366,-6842.643983043361,9985.764026730354,164,7168164,10009.765625000000,24.001598269646,2994163,1197857,6201948,6838318,129478,-3414837,1848015,-6842644,9985764,0,0
4,88.910000000000,88.908365362029,23,2026-09-05T18:09:48Z,-45138.983136000003,23000,1587,3000999.428309837822,1197985.387269720668,6198529.320591386408,6834.868362921497,127.094385150713,-3422.063725085536,13.448750502006,12.352301295437,1841174.001659096684,-6840.147772403561,9982.121199415091,164,7168164,10009.765625000000,27.644425584909,3000999,1197985,6198529,6834868,127094,-3422064,1841174,-6840148,9982121,0,0
4,88.910000000000,88.908365362029,24,2026-09-05T18:09:49Z,-45137.983136000003,24000,1588,3007832.595870613586,1198111.286817108979,6195103.669215679169,6831.410256767867,124.711510112775,-3429.286582369969,13.453861751484,12.458702418620,1834335.119684581645,-6837.614164455937,9978.423796603556,163,7168163,9948.730468750000,-29.693327853556,3007833,1198111,6195104,6831410,124712,-3429287,1834335,-6837614,9978424,0,0
4,88.910000000000,88.908365362029,25,2026-09-05T18:09:50Z,-45136.983136000003,25000,1589,3014662.301280137617,1198234.803628735477,6191670.796878995374,6827.943760296421,122.328941267369,-3436.505726407631,13.458983986726,12.565668736345,1827498.790237358771,-6835.042642146325,9974.671063736423,163,7168163,9948.730468750000,-25.940594986423,3014662,1198235,6191671,6827944,122329,-3436506,1827499,-6835043,9974671,0,0
4,88.910000000000,88.908365362029,26,2026-09-05T18:09:51Z,-45135.983136000003,26000,1590,3021488.536150634754,1198355.938012128463,6188230.707298480906,6824.468877235176,119.946682007139,-3443.721148356417,13.464117374465,12.673206398344,1820665.051493936218,-6832.432679666105,9970.862233478605,163,7168163,9948.730468750000,-22.131764728605,3021489,1198356,6188231,6824469,119947,-3443721,1820665,-6832433,9970862,0,0
4,88.910000000000,88.908365362029,27,2026-09-05T18:09:52Z,-45134.983136000003,27000,1591,3028311.292097568978,1198474.690279054455,6184783.404200209305,6820.985610941079,117.564736663780,-3450.932839378765,13.469262084290,12.781321639756,1813833.942161740270,-6829.783741540295,9966.996524388478,163,7168163,9948.730468750000,-18.266055638478,3028311,1198475,6184783,6820986,117565,-3450933,1813834,-6829784,9966997,0,0
4,88.910000000000,88.908365362029,28,2026-09-05T18:09:53Z,-45133.983136000003,28000,1592,3035130.560739926528,1198591.060745007358,6181328.891319124028,6817.493964958430,115.183109140844,-3458.140790644393,13.474418288694,12.890020782537,1807005.501488322858,-6827.095282883579,9963.073141291519,163,7168163,9948.730468750000,-14.342672541519,3035131,1198591,6181329,6817494,115183,-3458141,1807006,-6827095,9963073,0,0
4,88.910000000000,88.908365362029,29,2026-09-05T18:09:54Z,-45132.983136000003,29000,1593,3041946.333699888550,1198705.049730153522,6177867.172399015166,6813.993942875186,112.801803256161,-3465.344993315739,13.479586163167,12.999310236883,1800179.769271280384,-6824.366749077137,9959.091274808679,163,7168163,9948.730468750000,-10.360806058679,3041946,1198705,6177867,6813994,112802,-3465345,1800180,-6824367,9959091,0,0
4,88.910000000000,88.908365362029,30,2026-09-05T18:09:55Z,-45131.983136000003,30000,1594,3048758.602603663690,1198816.657557974802,6174398.251192391850,6810.485548019187,110.420823516506,-3472.545438568886,13.484765886214,13.109196502693,1793356.785867401166,-6821.597575338024,9955.050100727969,163,7168163,9948.730468750000,-6.319631977969,3048759,1198817,6174398,6810486,110421,-3472545,1793357,-6821598,9955050,0,0
4,88.910000000000,88.908365362029,31,2026-09-05T18:09:56Z,-45130.983136000003,31000,1595,3055567.359080628026,1198925.884556272766,6170922.131460697390,6806.968784101628,108.040173478457,-3479.742117575370,13.489957639457,13.219686171042,1786536.592203502310,-6818.787187017389,9950.948780439659,163,7168163,9948.730468750000,-2.218311689659,3055567,1198926,6170922,6806969,108040,-3479742,1786537,-6818787,9950949,0,0
4,88.910000000000,88.908365362029,32,2026-09-05T18:09:57Z,-45129.983136000003,32000,1596,3062372.594763873611,1199032.731056848541,6167438.816974127665,6803.443654710463,105.659857043293,-3486.935021514000,13.495161607693,13.330785925694,1779719.229786204174,-6815.934998989280,9946.786460044334,163,7168163,9948.730468750000,1.944008705666,3062373,1199033,6167439,6803444,105660,-3486935,1779719,-6815935,9946786,0,0
4,88.910000000000,88.908365362029,33,2026-09-05T18:09:58Z,-45128.983136000003,33000,1597,3069174.301289912313,1199137.197395390831,6163948.311511769891,6799.910163376808,103.279878283274,-3494.124141564498,13.500377978955,13.442502544633,1772904.740712697851,-6813.040415483818,9942.562270109445,163,7168163,9948.730468750000,6.168198640555,3069174,1199137,6163948,6799910,103280,-3494124,1772905,-6813040,9942562,0,0
4,88.910000000000,88.908365362029,34,2026-09-05T18:09:59Z,-45127.983136000003,34000,1598,3075972.470299036242,1199239.283911410486,6160450.618861446157,6796.368313508083,100.900241622412,-3501.309468912950,13.505606944591,13.554842901634,1766093.167681106366,-6810.102829815649,9938.275325273014,163,7168163,9948.730468750000,10.455143476986,3075972,1199239,6160451,6796368,100900,-3501309,1766093,-6810103,9938275,0,0
4,88.910000000000,88.908365362029,35,2026-09-05T18:10:00Z,-45126.983136000003,35000,1599,3082767.093434968498,1199338.990948573453,6156945.742819856852,6792.818108862321,98.520950610691,-3508.490994744534,13.510848699337,13.667813967850,1759284.554001767188,-6807.121624534433,9933.924724463264,163,7168163,9948.730468750000,14.805744286736,3082767,1199339,6156946,6792818,98521,-3508491,1759285,-6807122,9933925,0,0
4,88.910000000000,88.908365362029,36,2026-09-05T18:10:01Z,-45125.983136000003,36000,1600,3089558.162345029879,1199436.318854799261,6153433.687192428857,6789.259553072043,96.142009146888,-3515.668710249884,13.516103441407,13.781422813434,1752478.943608178291,-6804.096170814665,9929.509550008146,163,7168163,9948.730468750000,19.220918741854,3089558,1199436,6153434,6789260,96142,-3515669,1752479,-6804096,9929510,0,0
4,88.910000000000,88.908365362029,37,2026-09-05T18:10:02Z,-45124.983136000003,37000,1601,3096345.668680134695,1199531.267981459852,6149914.455793533474,6785.692649611065,93.763421567019,-3522.842606626000,13.521371372536,13.895676609193,1745676.381068503251,-6801.025828192994,9925.028867252007,163,7168163,9948.730468750000,23.701601497993,3096346,1199531,6149914,6785693,93763,-3522843,1745676,-6801026,9925029,0,0
4,88.910000000000,88.908365362029,38,2026-09-05T18:10:03Z,-45123.983136000003,38000,1602,3103129.604094995186,1199623.838684275979,6146388.052446152084,6782.117402273798,91.385191415156,-3530.012675064427,13.526652698093,14.010582628269,1738876.911596892634,-6797.909944700751,9920.481724748988,163,7168163,9948.730468750000,28.248744001012,3103130,1199624,6146388,6782117,91385,-3530013,1738877,-6797910,9920482,0,0
4,88.910000000000,88.908365362029,39,2026-09-05T18:10:04Z,-45122.983136000003,39000,1603,3109909.960247583687,1199714.031322842231,6142854.480982294306,6778.533814486309,89.007323204896,-3537.178906765803,13.531947627147,14.126148247847,1732080.581065973965,-6794.747856075552,9915.867153112484,162,7168162,9887.695312500000,-28.171840612484,3109910,1199714,6142854,6778534,89007,-3537179,1732081,-6794748,9915867,0,0
4,88.910000000000,88.908365362029,40,2026-09-05T18:10:05Z,-45121.983136000003,40000,1604,3116686.728800021112,1199801.846260676859,6139313.745242503472,6774.941890066202,86.629820478947,-3544.341292938043,13.537256372554,14.242380950911,1725287.436018068576,-6791.538886113848,9911.184165529636,162,7168162,9887.695312500000,-23.488853029636,3116687,1199802,6139314,6774942,86630,-3544341,1725287,-6791539,9911184,0,0
4,88.910000000000,88.908365362029,41,2026-09-05T18:10:06Z,-45120.983136000003,41000,1605,3123459.901417466812,1199887.283865610603,6135765.849076372571,6771.341632497297,84.252687664275,-3551.499824782695,13.542579151052,14.359288328001,1718497.523678676225,-6788.282345820015,9906.431756519560,162,7168162,9887.695312500000,-18.736444019560,3123460,1199887,6135766,6771342,84253,-3551500,1718498,-6788282,9906432,0,0
4,88.910000000000,88.908365362029,42,2026-09-05T18:10:07Z,-45119.983136000003,42000,1606,3130229.469769236166,1199970.344508937094,6132210.796342117712,6767.733045686327,81.875928121235,-3558.654493511312,13.547916183325,14.476878079040,1711710.891968057258,-6784.977533759422,9901.608902448597,162,7168162,9887.695312500000,-13.913589948597,3130229,1199970,6132211,6767733,81876,-3558654,1711711,-6784978,9901609,0,0
4,88.910000000000,88.908365362029,43,2026-09-05T18:10:08Z,-45118.983136000003,43000,1607,3136995.425528192427,1200051.028566200519,6128648.590906779282,6764.116133039806,79.499546543502,-3565.805290332719,13.553267694122,14.595158015166,1704927.589514736086,-6781.623735034912,9896.714560036644,162,7168162,9887.695312500000,-9.019247536644,3136995,1200051,6128649,6764116,79500,-3565805,1704928,-6781624,9896715,0,0
4,88.910000000000,88.908365362029,44,2026-09-05T18:10:09Z,-45117.983136000003,44000,1608,3143757.760370745324,1200129.336417007493,6125079.236646210775,6760.490898518583,77.123546200482,-3572.952206470291,13.558633912340,14.714136060609,1698147.665668671019,-6778.220221870098,9891.747667208385,162,7168162,9887.695312500000,-4.052354708385,3143758,1200129,6125079,6760491,77124,-3572952,1698148,-6778220,9891748,0,0
4,88.910000000000,88.908365362029,45,2026-09-05T18:10:10Z,-45116.983136000003,45000,1609,3150516.465976786334,1200205.268445030786,6121502.737445149571,6756.857345553726,74.747931787442,-3580.095233139218,13.564015071125,14.833820254595,1691371.170514825266,-6774.766252433455,9886.707141377241,162,7168162,9887.695312500000,0.988171122759,3150516,1200205,6121503,6756857,74748,-3580095,1691371,-6774766,9886707,0,0
4,88.910000000000,88.908365362029,46,2026-09-05T18:10:11Z,-45115.983136000003,46000,1610,3157271.534030836076,1200278.825037417468,6117919.097196716815,6753.215478095171,72.372706658371,-3587.234361562878,13.569411407947,14.954218753311,1684598.154885816388,-6771.261071402555,9881.591880268776,162,7168162,9887.695312500000,6.103432231224,3157272,1200279,6117919,6753215,72373,-3587234,1684598,-6771261,9881592,0,0
4,88.910000000000,88.908365362029,47,2026-09-05T18:10:12Z,-45114.983136000003,47000,1611,3164022.956219878979,1200350.006586056901,6114328.319803326391,6749.565299696769,69.997875242734,-3594.369582968284,13.574823164748,15.075339831854,1677828.670378067531,-6767.703908927601,9876.400760408142,162,7168162,9887.695312500000,11.294552091858,3164023,1200350,6114328,6749565,69998,-3594370,1677829,-6767704,9876401,0,0
4,88.910000000000,88.908365362029,48,2026-09-05T18:10:13Z,-45113.983136000003,48000,1612,3170770.724235641304,1200418.813485953724,6110730.409175801091,6745.906814298451,67.623440978878,-3601.500888582450,13.580250587990,15.197191886278,1671062.769364004955,-6764.093980949096,9871.132637583663,162,7168162,9887.695312500000,16.562674916337,3170771,1200419,6110730,6745907,67623,-3601501,1671063,-6764094,9871133,0,0
4,88.910000000000,88.908365362029,49,2026-09-05T18:10:14Z,-45112.983136000003,49000,1613,3177514.829773087986,1200485.246136705857,6107125.369233860634,6742.240025307183,65.249408746467,-3608.628269638757,13.585693928816,15.319783435625,1664300.505008117063,-6760.430488153205,9865.786345322362,162,7168162,9887.695312500000,21.908967177638,3177515,1200485,6107125,6742240,65249,-3608628,1664301,-6760430,9865786,0,0
4,88.910000000000,88.908365362029,50,2026-09-05T18:10:15Z,-45111.983136000003,50000,1614,3184255.264531068504,1200549.304941529874,6103513.203905993141,6738.564936820239,62.875781622552,-3615.751717375133,13.591153443120,15.443123124029,1657541.931281384081,-6756.712616631638,9860.360695852936,162,7168162,9887.695312500000,27.334616647064,3184255,1200549,6103513,6738565,62876,-3615752,1657542,-6756713,9860361,0,0
4,88.910000000000,88.908365362029,51,2026-09-05T18:10:16Z,-45110.983136000003,51000,1615,3190992.020212035161,1200610.990308255190,6099893.917129413225,6734.881552437400,60.502564036369,-3622.871223030415,13.596629391706,15.567219722838,1650787.102976805298,-6752.939536596641,9854.854478230505,161,7168161,9826.660156250000,-28.194321980505,3190992,1200611,6099894,6734882,60503,-3622871,1650787,-6752940,9854854,0,0
4,88.910000000000,88.908365362029,52,2026-09-05T18:10:17Z,-45109.983136000003,52000,1616,3197725.088522630744,1200670.302647881676,6096267.512850020081,6731.189876039934,58.129759692747,-3629.986777845261,13.602122040346,15.692082132790,1644036.075724550290,-6749.110402671523,9849.266458760585,161,7168161,9826.660156250000,-22.606302510585,3197725,1200670,6096268,6731190,58130,-3629987,1644036,-6749110,9849266,0,0
4,88.910000000000,88.908365362029,53,2026-09-05T18:10:18Z,-45108.983136000003,53000,1617,3204454.461172526237,1200727.242375899572,6092633.995022766292,6727.489911184421,55.757373204187,-3637.098373069421,13.607631659952,15.817719386202,1637288.906009017956,-6745.224353066134,9843.595379795823,161,7168161,9826.660156250000,-16.935223545823,3204454,1200727,6092634,6727490,55757,-3637098,1637289,-6745224,9843595,0,0
4,88.910000000000,88.908365362029,54,2026-09-05T18:10:19Z,-45107.983136000003,54000,1618,3211180.129876139574,1200781.809911266668,6088993.367610959336,6723.781661980411,53.385407727319,-3644.205999949918,13.613158526661,15.944140649247,1630545.651183540467,-6741.280509918776,9837.839960234973,161,7168161,9826.660156250000,-11.179803984973,3211180,1200782,6088993,6723782,53385,-3644206,1630546,-6741281,9837840,0,0
4,88.910000000000,88.908365362029,55,2026-09-05T18:10:20Z,-45106.983136000003,55000,1619,3217902.086350983474,1200834.005677810172,6085345.634586849250,6720.065132069067,51.013867692973,-3651.309649741961,13.618702922016,16.071355224216,1623806.369488606928,-6737.277978127589,9831.998893817470,161,7168161,9826.660156250000,-5.338737567470,3217902,1200834,6085346,6720065,51014,-3651310,1623806,-6737278,9831999,0,0
4,88.910000000000,88.908365362029,56,2026-09-05T18:10:21Z,-45105.983136000003,56000,1620,3224620.322318793274,1200883.830102326116,6081690.799931408837,6716.340325349393,48.642756893514,-3658.409313699849,13.624265133028,16.199372551861,1617071.120067934971,-6733.215845552595,9826.070849418300,161,7168161,9826.660156250000,0.589306831700,3224620,1200884,6081691,6716340,48643,-3658409,1617071,-6733216,9826071,0,0
4,88.910000000000,88.908365362029,57,2026-09-05T18:10:22Z,-45104.983136000003,57000,1621,3231334.829504650086,1200931.283616401022,6078028.867634453811,6712.607245518939,46.272079669279,-3665.504983084247,13.629845452375,16.328202213756,1610339.962986649480,-6729.093182280883,9820.054469975648,161,7168161,9826.660156250000,6.605686274352,3231335,1200931,6078029,6712607,46272,-3665505,1610340,-6729093,9820054,0,0
4,88.910000000000,88.908365362029,58,2026-09-05T18:10:23Z,-45103.983136000003,58000,1622,3238045.599638066255,1200976.366654970916,6074359.841694335453,6708.865896631323,43.901839442469,-3672.596649159459,13.635444178493,16.457853934732,1603612.959248105530,-6724.909040679886,9813.948372568633,161,7168161,9826.660156250000,12.711783681367,3238046,1200976,6074360,6708866,43902,-3672597,1603613,-6724909,9813948,0,0
4,88.910000000000,88.908365362029,59,2026-09-05T18:10:24Z,-45102.983136000003,59000,1623,3244752.624452019110,1201019.079657393042,6070683.726118273102,6705.116282411836,41.532040553193,-3679.684303191607,13.641061615756,16.588337585316,1596890.170812997269,-6720.662454453523,9807.751147039917,161,7168161,9826.660156250000,18.909009210083,3244753,1201019,6070684,6705116,41532,-3679684,1596890,-6720662,9807751,0,0
4,88.910000000000,88.908365362029,60,2026-09-05T18:10:25Z,-45101.983136000003,60000,1624,3251455.895683524199,1201059.423066534102,6067000.524922201410,6701.358406764939,39.162686881355,-3686.767936448632,13.646698074591,16.719663184241,1590171.660617431859,-6716.352438643648,9801.461355997808,161,7168161,9826.660156250000,25.198800252192,3251456,1201059,6067001,6701358,39163,-3686768,1590172,-6716352,9801461,0,0
4,88.910000000000,88.908365362029,61,2026-09-05T18:10:26Z,-45100.983136000003,61000,1625,3258155.405073359143,1201097.397329788888,6063310.242130727507,6697.592273537794,36.793782490577,-3693.847540208480,13.652353871670,16.851840900998,1583457.492592152441,-6711.977989032129,9795.077533943688,160,7168160,9765.625000000000,-29.452533943688,3258155,1201097,6063310,6697592,36794,-3693848,1583457,-6711978,9795078,0,0
4,88.910000000000,88.908365362029,62,2026-09-05T18:10:27Z,-45099.983136000003,62000,1626,3264851.144366294146,1201133.002898059785,6059612.881777221337,6693.817886763100,34.425330981549,-3700.923105749098,13.658029330027,16.984881058421,1576747.731681823498,-6707.538081900406,9788.598186921125,160,7168160,9765.625000000000,-22.973186921125,3264851,1201133,6059613,6693818,34425,-3700923,1576748,-6707538,9788598,0,0
4,88.910000000000,88.908365362029,63,2026-09-05T18:10:28Z,-45098.983136000003,63000,1627,3271543.105310791638,1201166.240226682974,6055908.447903795168,6690.035250142046,32.057336880825,-3707.994624343883,13.663724779254,17.118794135335,1570042.443865125766,-6703.031673178999,9782.021791274723,160,7168160,9765.625000000000,-16.396791274723,3271543,1201166,6055908,6690035,32057,-3707995,1570042,-6703032,9782022,0,0
4,88.910000000000,88.908365362029,64,2026-09-05T18:10:29Z,-45097.983136000003,64000,1628,3278231.279659576714,1201197.109774312936,6052196.944561207667,6686.244367725976,29.689803785459,-3715.062087284423,13.669440555628,17.253590769241,1563341.696174563840,-6698.457698565560,9775.346793822386,160,7168160,9765.625000000000,-9.721793822386,3278231,1201197,6052197,6686244,29690,-3715062,1563342,-6698458,9775347,0,0
4,88.910000000000,88.908365362029,65,2026-09-05T18:10:30Z,-45096.983136000003,65000,1629,3284915.659169060178,1201225.612004231196,6048478.375808921643,6682.445243407983,27.322735756570,-3722.125485857759,13.675177002331,17.389281759048,1556645.556717703817,-6693.815072642802,9768.571610568088,160,7168160,9765.625000000000,-2.946610568088,3284916,1201226,6048478,6682445,27323,-3722125,1556646,-6693815,9768572,0,0
4,88.910000000000,88.908365362029,66,2026-09-05T18:10:31Z,-45095.983136000003,66000,1630,3291596.235599469393,1201251.747383297421,6044752.745715261437,6678.637881198028,24.956136575838,-3729.184811353662,13.680934469587,17.525878067856,1549954.094698347384,-6689.102688636684,9761.694626348970,160,7168160,9765.625000000000,3.930373651030,3291596,1201252,6044753,6678638,24956,-3729185,1549954,-6689103,9761695,0,0
4,88.910000000000,88.908365362029,67,2026-09-05T18:10:32Z,-45094.983136000003,67000,1631,3298273.000715143513,1201275.516382539645,6041020.058357120492,6674.822284806396,22.590010866452,-3736.240055068265,13.686713314869,17.663390825796,1543267.380437873304,-6684.319417610314,9754.714193658976,160,7168160,9765.625000000000,10.910806341024,3298273,1201276,6041020,6674822,22590,-3736240,1543267,-6684319,9754714,0,0
4,88.910000000000,88.908365362029,68,2026-09-05T18:10:33Z,-45093.983136000003,68000,1632,3304945.946284509730,1201296.919476668816,6037280.317820062861,6670.998458468148,20.224361843475,-3743.291208297705,13.692513903065,17.801831332910,1536585.485397459473,-6679.464108625779,9747.628632885015,160,7168160,9765.625000000000,17.996367114985,3304946,1201297,6037280,6670998,20224,-3743291,1536585,-6679464,9747629,0,0
4,88.910000000000,88.908365362029,69,2026-09-05T18:10:34Z,-45092.983136000003,69000,1633,3311615.064079745673,1201315.957144543994,6033533.528198441491,6667.166406054093,17.859193754930,-3750.338262347213,13.698336606695,17.941211062077,1529908.482201074017,-6674.535587541153,9740.436230551386,160,7168160,9765.625000000000,25.188769448614,3311615,1201316,6033534,6667166,17859,-3750338,1529908,-6674536,9740436,0,0
4,88.910000000000,88.908365362029,70,2026-09-05T18:10:35Z,-45091.983136000003,70000,1634,3318280.345876982436,1201332.629869181663,6029779.693595282733,6663.326131651957,15.494510283361,-3757.381208521110,13.704181806110,18.081541662006,1523236.444658443565,-6669.532656952280,9733.135239234813,159,7168159,9704.589843750000,-28.545395484813,3318280,1201333,6029780,6663326,15495,-3757381,1523236,-6669533,9733135,0,0
4,88.910000000000,88.908365362029,71,2026-09-05T18:10:36Z,-45090.983136000003,71000,1635,3324941.783456440084,1201346.938137372723,6026018.818122286350,6659.477638983844,13.130316146317,-3764.420038130993,13.710049889680,18.222834960270,1516569.447788639227,-6664.454095210423,9725.723876130865,159,7168159,9704.589843750000,-21.134032380865,3324942,1201347,6026019,6659478,13130,-3764420,1516569,-6664454,9725724,0,0
4,88.910000000000,88.908365362029,72,2026-09-05T18:10:37Z,-45089.983136000003,72000,1636,3331599.368602468632,1201358.882439591223,6022250.905899808742,6655.620932295733,10.766614646855,-3771.454742485730,13.715941254011,18.365102966401,1509907.567844256526,-6659.298656583460,9718.200323289200,159,7168159,9704.589843750000,-13.610479539200,3331599,1201359,6022251,6655621,10767,-3771455,1509908,-6659299,9718200,0,0
4,88.910000000000,88.908365362029,73,2026-09-05T18:10:38Z,-45088.983136000003,73000,1637,3338253.093103026971,1201368.463270832552,6018475.961057011038,6651.756015503452,8.403410033225,-3778.485312905104,13.721856304193,18.508357875019,1503250.882336666109,-6654.065070036670,9710.562725834294,159,7168159,9704.589843750000,-5.972882084294,3338253,1201368,6018476,6651756,8403,-3778485,1503251,-6654065,9710563,0,0
4,88.910000000000,88.908365362029,74,2026-09-05T18:10:39Z,-45087.983136000003,74000,1638,3344902.948750571348,1201375.681129687699,6014693.987731537782,6647.882892773850,6.040705885198,-3785.511740708898,13.727795453991,18.652612069047,1496599.470060512889,-6648.752039121474,9702.809191803099,159,7168159,9704.589843750000,1.780651946901,3344903,1201376,6014694,6647883,6041,-3785512,1496599,-6648752,9702809,0,0
4,88.910000000000,88.908365362029,75,2026-09-05T18:10:40Z,-45086.983136000003,75000,1639,3351548.927341294475,1201380.536518795183,6010904.990069861524,6644.001567943178,3.678506735696,-3792.534017223261,13.733759126100,18.797878122951,1489953.411120348610,-6643.358240940945,9694.937790635358,159,7168159,9704.589843750000,9.652053114642,3351549,1201381,6010905,6644002,3679,-3792534,1489953,-6643358,9694938,0,0
4,88.910000000000,88.908365362029,76,2026-09-05T18:10:41Z,-45085.983136000003,76000,1640,3358191.020675502717,1201383.029944659211,6007108.972227116115,6640.112045198293,1.316816164262,-3799.552133772522,13.739747752377,18.944168806048,1483312.786956757540,-6637.882326093981,9686.946553092128,159,7168159,9704.589843750000,17.643290657872,3358191,1201383,6007109,6640112,1317,-3799552,1483313,-6637882,9686947,0,0
4,88.910000000000,88.908365362029,77,2026-09-05T18:10:42Z,-45084.983136000003,77000,1641,3364829.220557533205,1201383.161918032216,6003305.938367038965,6636.214328572350,-1.044361773438,-3806.566081690107,13.745761774112,19.091497085875,1476677.680373470299,-6632.322917675488,9678.833469796715,159,7168159,9704.589843750000,25.756373953285,3364829,1201383,6003306,6636214,-1044,-3806566,1476678,-6632323,9678833,0,0
4,88.910000000000,88.908365362029,78,2026-09-05T18:10:43Z,-45083.983136000003,78000,1642,3371463.518795862794,1201380.932953338372,5999495.892662063241,6632.308422172173,-3.405023215237,-3813.575852310350,13.751801642255,19.239876131603,1470048.175565022277,-6626.678610833926,9670.596490588974,158,7168158,9643.554687500000,-27.041803088974,3371464,1201381,5999496,6632308,-3405,-3813576,1470048,-6626679,9670596,0,0
4,88.910000000000,88.908365362029,79,2026-09-05T18:10:44Z,-45082.983136000003,79000,1643,3378093.907202844974,1201376.343569149263,5995678.839293357916,6628.394329914954,-5.765163722572,-3820.581436973043,13.757867817711,19.389319317516,1463424.358145290054,-6620.947971928779,9662.233523295776,158,7168158,9643.554687500000,-18.678835795776,3378094,1201376,5995679,6628394,-5765,-3820581,1463424,-6620948,9662234,0,0
4,88.910000000000,88.908365362029,80,2026-09-05T18:10:45Z,-45081.983136000003,80000,1644,3384720.377595351078,1201369.394287713803,5991854.782450557686,6624.472056236300,-8.124780299340,-3827.582827019796,13.763960771589,19.539840226550,1456806.315175850177,-6615.129538441862,9653.742433601563,158,7168158,9643.554687500000,-10.187746101563,3384720,1201369,5991855,6624472,-8125,-3827583,1456806,-6615130,9653742,0,0
4,88.910000000000,88.908365362029,81,2026-09-05T18:10:46Z,-45080.983136000003,81000,1645,3391342.921794069000,1201360.085635520285,5988023.726332061924,6620.541604906975,-10.483868026995,-3834.580013797677,13.770080985516,19.691452653882,1450194.135196269257,-6609.221817373601,9645.121042707988,158,7168158,9643.554687500000,-1.566355207988,3391343,1201360,5988024,6620542,-10484,-3834580,1450194,-6609222,9645121,0,0
4,88.910000000000,88.908365362029,82,2026-09-05T18:10:47Z,-45079.983136000003,82000,1646,3397961.531623643823,1201348.418142813491,5984185.675145047717,6616.602980216612,-12.842423431266,-3841.572988656480,13.776228951910,19.844170610572,1443587.908254283946,-6603.223285502799,9636.367127712980,158,7168158,9643.554687500000,7.187559787020,3397962,1201348,5984186,6616603,-12842,-3841573,1443588,-6603223,9636367,0,0
4,88.910000000000,88.908365362029,83,2026-09-05T18:10:48Z,-45078.983136000003,83000,1647,3404576.198913044296,1201334.392344187014,5980340.633105136454,6612.656186227014,-15.200442364176,-3848.561742950551,13.782405174306,19.998008327293,1436987.725936375791,-6597.132388096892,9627.478419728592,158,7168158,9643.554687500000,16.076267771408,3404576,1201334,5980341,6612656,-15200,-3848562,1436988,-6597132,9627478,0,0
4,88.910000000000,88.908365362029,84,2026-09-05T18:10:49Z,-45077.983136000003,84000,1648,3411186.915495449211,1201318.008777512237,5976488.604436695576,6608.701227252823,-17.557921355319,-3855.546268038779,13.788610167634,20.152980258091,1430393.681399662513,-6590.947538579276,9618.452603395490,158,7168158,9643.554687500000,25.102084104510,3411187,1201318,5976489,6608701,-17558,-3855546,1430394,-6590948,9618453,0,0
4,88.910000000000,88.908365362029,85,2026-09-05T18:10:50Z,-45076.983136000003,85000,1649,3417793.673207946587,1201299.267985387938,5972629.593372708187,6604.738107141657,-19.914855578918,-3862.526555279146,13.794844458596,20.309101084214,1423805.869404493598,-6584.667117225852,9609.287314980786,157,7168157,9582.519531250000,-26.767783730786,3417794,1201299,5972630,6604738,-19915,-3862527,1423806,-6584667,9609287,0,0
4,88.910000000000,88.908365362029,86,2026-09-05T18:10:51Z,-45075.983136000003,86000,1650,3424396.463892038446,1201278.170513682766,5968763.604154764675,6600.766830295925,-22.271241762610,-3869.502596039638,13.801108585951,20.466385718008,1417224.386347188381,-6578.289471236634,9599.980142482529,157,7168157,9582.519531250000,-17.460611232529,3424396,1201278,5968764,6600767,-22271,-3869503,1417224,-6578289,9599980,0,0
4,88.910000000000,88.908365362029,87,2026-09-05T18:10:52Z,-45074.983136000003,87000,1651,3430995.279393304605,1201254.716912417207,5964890.641033137217,6596.787400789708,-24.627075662920,-3876.474381690059,13.807403100895,20.624849306871,1410649.330294260522,-6571.812913263712,9590.528623481496,157,7168157,9582.519531250000,-8.009092231496,3430995,1201255,5964891,6596787,-24627,-3876474,1410649,-6571813,9590529,0,0
4,88.910000000000,88.908365362029,88,2026-09-05T18:10:53Z,-45073.983136000003,88000,1652,3437590.111561303027,1201228.907736039953,5961010.708266708069,6592.799822915822,-26.982353620269,-3883.441903603853,13.813728567435,20.784507237254,1404080.801017109072,-6565.235721063216,9580.930244633297,157,7168157,9582.519531250000,1.589286616703,3437590,1201229,5961011,6592800,-26982,-3883442,1404081,-6565236,9580930,0,0
4,88.910000000000,88.908365362029,89,2026-09-05T18:10:54Z,-45072.983136000003,89000,1653,3444180.952249996364,1201200.743542472133,5957123.810122969560,6588.804100800189,-29.337071491682,-3890.405153154461,13.820085562724,20.945375138750,1397518.900027176365,-6558.556136389673,9571.182440054854,157,7168157,9582.519531250000,11.337091195146,3444181,1201201,5957124,6588804,-29337,-3890405,1397519,-6558556,9571182,0,0
4,88.910000000000,88.908365362029,90,2026-09-05T18:10:55Z,-45071.983136000003,90000,1654,3450767.793317631353,1201170.224893581588,5953229.950877988711,6584.800238591015,-31.691225129634,-3897.364121725332,13.826474677465,21.107468888227,1390963.730612304760,-6551.772364328833,9561.282590350769,157,7168157,9582.519531250000,21.236940899231,3450768,1201170,5953230,6584800,-31691,-3897364,1390964,-6551772,9561283,0,0
4,88.910000000000,88.908365362029,91,2026-09-05T18:10:56Z,-45070.983136000003,91000,1655,3457350.626626456622,1201137.352355179144,5949329.134816567414,6580.788240573838,-34.044810784280,-3904.318800698093,13.832896516313,21.270804614015,1384415.397874115966,-6544.882572547995,9551.228021519299,156,7168156,9521.484375000000,-29.743646519299,3457351,1201137,5949329,6580788,-34045,-3904319,1384415,-6544883,9551228,0,0
4,88.910000000000,88.908365362029,92,2026-09-05T18:10:57Z,-45069.983136000003,92000,1656,3463929.444043093827,1201102.126497027231,5945421.366232042201,6576.768111085585,-36.397824802179,-3911.269181465286,13.839351698290,21.435398700180,1377874.008765613427,-6537.884890374864,9541.016003608080,156,7168156,9521.484375000000,-19.531628608080,3463929,1201102,5945421,6576768,-36398,-3911269,1377874,-6537885,9541016,0,0
4,88.910000000000,88.908365362029,93,2026-09-05T18:10:58Z,-45068.983136000003,93000,1657,3470504.237438206561,1201064.547893326031,5941506.649426355027,6572.739854198971,-38.750262745225,-3918.215255419454,13.845840857237,21.601267790832,1371339.672130275518,-6530.777407666066,9530.643749062907,156,7168156,9521.484375000000,-9.159374062907,3470504,1201065,5941507,6572740,-38750,-3918215,1371340,-6530777,9530644,0,0
4,88.910000000000,88.908365362029,94,2026-09-05T18:10:59Z,-45067.983136000003,94000,1658,3477074.998687040061,1201024.617121629417,5937584.988709981553,6568.703474203176,-41.102120766027,-3925.157013952230,13.852364642208,21.768428794518,1364812.498741326388,-6523.558174286264,9520.108411967591,156,7168156,9521.484375000000,1.375963032409,3477075,1201025,5937585,6568703,-41102,-3925157,1364812,-6523558,9520108,0,0
4,88.910000000000,88.908365362029,95,2026-09-05T18:11:00Z,-45066.983136000003,95000,1659,3483641.719668694772,1200982.334763533203,5933656.388402231038,6564.658975400107,-43.453395018105,-3932.094448468888,13.858923717964,21.936898888656,1358292.601343032438,-6516.225199043169,9509.407086489768,156,7168156,9521.484375000000,12.077288510232,3483642,1200982,5933656,6564659,-43453,-3932094,1358293,-6516225,9509407,0,0
4,88.910000000000,88.908365362029,96,2026-09-05T18:11:01Z,-45065.983136000003,96000,1660,3490204.392266797367,1200937.701404878870,5929720.852830772288,6560.606362238104,-45.804082053564,-3939.027550369246,13.865518765463,22.106695524048,1351780.094691536389,-6508.776448837174,9498.536805639933,156,7168156,9521.484375000000,22.947569360067,3490204,1200938,5929721,6560606,-45804,-3939028,1351780,-6508776,9498537,0,0
4,88.910000000000,88.908365362029,97,2026-09-05T18:11:02Z,-45064.983136000003,97000,1661,3496763.008369321469,1200890.717635251116,5925778.386331882328,6556.545638562056,-48.154176639400,-3945.956311064947,13.872150482327,22.277836429444,1345275.095597597538,-6501.209847127803,9487.494539033445,155,7168155,9460.449218750000,-27.045320283445,3496763,1200891,5925778,6556546,-48154,-3945956,1345275,-6501210,9487495,0,0
4,88.910000000000,88.908365362029,98,2026-09-05T18:11:03Z,-45063.983136000003,98000,1662,3503317.559868220706,1200841.384047968779,5921828.993250642903,6552.476809115888,-50.503676125800,-3952.880721968540,13.878819583361,22.450339616160,1338777.722970396280,-6493.523274124147,9476.277193168464,155,7168155,9460.449218750000,-15.827974418464,3503318,1200841,5921829,6552477,-50504,-3952881,1338778,-6493523,9476277,0,0
4,88.910000000000,88.908365362029,99,2026-09-05T18:11:04Z,-45062.983136000003,99000,1663,3509868.038660237566,1200789.701240408700,5917872.677940429188,6548.399877972770,-52.852575875477,-3959.800774492578,13.885526801096,22.624223382780,1332288.097861201037,-6485.714564545617,9464.881608158094,155,7168155,9460.449218750000,-4.432389408094,3509868,1200790,5917873,6548400,-52853,-3959801,1332288,-6485715,9464882,0,0
4,88.910000000000,88.908365362029,100,2026-09-05T18:11:05Z,-45061.983136000003,100000,1664,3516414.436645848677,1200735.669814370805,5913909.444763419218,6544.314849592411,-55.200872345267,-3966.716460056887,13.892272886366,22.799506319876,1325806.343509811908,-6477.781507435448,9453.304557458241,155,7168155,9460.449218750000,7.144661291759,3516414,1200736,5913909,6544315,-55201,-3966716,1325806,-6477782,9453305,0,0
4,88.910000000000,88.908365362029,101,2026-09-05T18:11:06Z,-45060.983136000003,101000,1665,3522956.745730164461,1200679.290375200799,5909939.298090278171,6540.221728173037,-57.548561198246,-3973.627770090388,13.899058608834,22.976207314834,1319332.585390277905,-6469.721844604910,9441.542745597182,155,7168155,9460.449218750000,18.906473152818,3522957,1200679,5909939,6540222,-57549,-3973628,1319333,-6469722,9441543,0,0
4,88.910000000000,88.908365362029,102,2026-09-05T18:11:07Z,-45059.983136000003,102000,1666,3529494.957822804805,1200620.563531681662,5905962.242300232872,6536.120518262578,-59.895639096794,-3980.534696018367,13.905884757586,23.154345556707,1312866.951258572051,-6461.533270030584,9429.592807295974,154,7168154,9399.414062500000,-30.178744795974,3529495,1200621,5905962,6536121,-59896,-3980535,1312867,-6461533,9429593,0,0
4,88.910000000000,88.908365362029,103,2026-09-05T18:11:08Z,-45058.983136000003,103000,1667,3536029.064837480895,1200559.489897543797,5901978.281781040132,6532.011223879636,-62.242101100082,-3987.437229272473,13.912752141821,23.333940541123,1306409.571201573825,-6453.213428078860,9417.451304877395,154,7168154,9399.414062500000,-18.037242377395,3536029,1200559,5901978,6532011,-62242,-3987437,1306410,-6453213,9417451,0,0
4,88.910000000000,88.908365362029,104,2026-09-05T18:11:09Z,-45057.983136000003,104000,1668,3542559.058692321647,1200496.070089636138,5897987.420929145068,6527.893849765405,-64.587944376626,-3994.335361292542,13.919661591405,23.515012075265,1299960.577686604578,-6444.759913372427,9405.114728071101,154,7168154,9399.414062500000,-5.700665571101,3542559,1200496,5897987,6527894,-64588,-3994335,1299961,-6444760,9405115,0,0
4,88.910000000000,88.908365362029,105,2026-09-05T18:11:10Z,-45056.983136000003,105000,1669,3549084.931309603620,1200430.304729252588,5893989.664149581455,6523.768399992605,-66.933164085412,-4001.229083512044,13.926613957603,23.697580282884,1293520.105612496380,-6436.170268545338,9392.579490737508,154,7168154,9399.414062500000,6.834571762492,3549085,1200430,5893990,6523768,-66933,-4001229,1293520,-6436170,9392579,0,0
4,88.910000000000,88.908365362029,106,2026-09-05T18:11:11Z,-45055.983136000003,106000,1670,3555606.674616761506,1200362.194440924330,5889985.015855610371,6519.634879190107,-69.277756998190,-4008.118387384457,13.933610113712,23.881665609406,1287088.292360723484,-6427.441984056878,9379.841930596147,154,7168154,9399.414062500000,19.572131903853,3555607,1200362,5889985,6519635,-69278,-4008118,1287088,-6427442,9379842,0,0
4,88.910000000000,88.908365362029,107,2026-09-05T18:11:12Z,-45054.983136000003,107000,1671,3562124.280544533394,1200291.739854414482,5885973.480469454080,6515.493291589337,-71.621718675488,-4015.003264348707,13.940650955880,24.067288827009,1280665.277850316372,-6418.572496227984,9366.898306360139,153,7168153,9338.378906250000,-28.519400110139,3562124,1200292,5885973,6515493,-71622,-4015003,1280665,-6418572,9366898,0,0
4,88.910000000000,88.908365362029,108,2026-09-05T18:11:13Z,-45053.983136000003,108000,1672,3568637.741028972901,1200218.941602118313,5881955.062421576120,6511.343641840540,-73.965045894738,-4021.883705862820,13.947737403724,24.254471039849,1274251.204590459121,-6409.559186690226,9353.744796932062,153,7168153,9338.378906250000,-15.365890682062,3568638,1200219,5881955,6511344,-73965,-4021884,1274251,-6409559,9353745,0,0
4,88.910000000000,88.908365362029,109,2026-09-05T18:11:14Z,-45052.983136000003,109000,1673,3575147.048009923194,1200143.800321056042,5877929.766151239164,6507.185933926394,-76.307733406111,-4028.759703382093,13.954870401210,24.443233689241,1267846.217737527331,-6400.399380280368,9340.377498331398,153,7168153,9338.378906250000,-1.998592081398,3575147,1200144,5877930,6507186,-76308,-4028760,1267846,-6400399,9340377,0,0
4,88.910000000000,88.908365362029,110,2026-09-05T18:11:15Z,-45051.983136000003,110000,1674,3581652.193432124332,1200066.316651583184,5873897.596106074750,6503.020172724973,-78.649778597764,-4035.631248369100,13.962050917398,24.633598558952,1261450.465150976554,-6391.090344999870,9326.792423635432,153,7168153,9338.378906250000,11.586482614568,3581652,1200066,5873898,6503020,-78650,-4035631,1261450,-6391090,9326792,0,0
4,88.910000000000,88.908365362029,111,2026-09-05T18:11:16Z,-45050.983136000003,111000,1675,3588153.169244369492,1199986.491238996619,5869858.556742280722,6498.846362510903,-80.991177033638,-4042.498332287323,13.969279947360,24.825587780489,1255064.097452247515,-6381.629289552634,9312.985499385970,153,7168153,9338.378906250000,25.393406864030,3588153,1199986,5869859,6498846,-80991,-4042498,1255064,-6381629,9312985,0,0
4,88.910000000000,88.908365362029,112,2026-09-05T18:11:17Z,-45049.983136000003,112000,1676,3594649.967400270980,1199904.324731502449,5865812.652524562553,6494.664507642028,-83.331924477761,-4049.360946605702,13.976558512958,25.019223838457,1248687.268083630828,-6372.013362563479,9298.952564448842,152,7168152,9277.343750000000,-21.608814448842,3594650,1199904,5865813,6494665,-83332,-4049361,1248687,-6372013,9298953,0,0
4,88.910000000000,88.908365362029,113,2026-09-05T18:11:18Z,-45048.983136000003,113000,1677,3601142.579857505858,1199819.817781846737,5861759.887926272117,6490.474612755861,-85.672017512707,-4056.219082796815,13.983887663837,25.214529575920,1242320.133369716583,-6362.239651389822,9284.689368279729,152,7168152,9277.343750000000,-7.345618279729,3601143,1199820,5861760,6490475,-85672,-4056219,1242320,-6362240,9284689,0,0
4,88.910000000000,88.908365362029,114,2026-09-05T18:11:19Z,-45047.983136000003,114000,1678,3607630.998578790575,1199732.971046093386,5857700.267429064028,6486.276682298467,-88.011452111914,-4063.072732340515,13.991268478310,25.411528199840,1235962.852578699822,-6352.305180386563,9270.191568392029,152,7168152,9277.343750000000,7.152181607971,3607631,1199733,5857700,6486277,-88011,-4063073,1235963,-6352305,9270192,0,0
4,88.910000000000,88.908365362029,115,2026-09-05T18:11:20Z,-45046.983136000003,115000,1679,3614115.215530546382,1199643.785185247194,5853633.795523390174,6482.070720729098,-90.350224246777,-4069.921886714837,13.998702064429,25.610243286476,1229615.587987126550,-6342.206909663872,9255.454728544051,152,7168152,9277.343750000000,21.889021455949,3614115,1199644,5853634,6482071,-90350,-4069922,1229616,-6342207,9255455,0,0
4,88.910000000000,88.908365362029,116,2026-09-05T18:11:21Z,-45045.983136000003,116000,1680,3620595.222684325185,1199552.260863219388,5849560.476708018221,6477.856732514283,-92.688329889597,-4076.766537409640,14.006189560915,25.810698786888,1223278.504943582695,-6331.941733673619,9240.474316676133,151,7168151,9216.308593750000,-24.165722926133,3620595,1199552,5849560,6477857,-92688,-4076767,1223279,-6331942,9240474,0,0
4,88.910000000000,88.908365362029,117,2026-09-05T18:11:22Z,-45044.983136000003,117000,1681,3627071.012015851680,1199458.398748353589,5845480.315490337089,6473.634722135557,-95.025765014270,-4083.606675912961,14.013732138302,26.012919032391,1216951.771935943281,-6321.506479754717,9225.245702787790,151,7168151,9216.308593750000,-8.937109037790,3627071,1199458,5845480,6473635,-95026,-4083607,1216952,-6321506,9225246,0,0
4,88.910000000000,88.908365362029,118,2026-09-05T18:11:23Z,-45043.983136000003,118000,1682,3633542.575505665969,1199362.199512608116,5841393.316386105493,6469.404694287277,-97.362526213374,-4090.442293717388,14.021331000015,26.216928740070,1210635.560658635572,-6310.897906818613,9209.764157019397,151,7168151,9216.308593750000,6.544436730603,3633543,1199362,5841393,6469405,-97363,-4090442,1210636,-6310898,9209764,0,0
4,88.910000000000,88.908365362029,119,2026-09-05T18:11:24Z,-45042.983136000003,119000,1683,3640009.905138511676,1199263.663832592312,5837299.483919668011,6465.166653369124,-99.698609152711,-4097.273382324602,14.028987383591,26.422753018270,1204330.046082550194,-6300.112703462461,9194.024846898672,151,7168151,9216.308593750000,22.283746851328,3640010,1199264,5837299,6465167,-99699,-4097273,1204330,-6300113,9194025,0,0
4,88.910000000000,88.908365362029,120,2026-09-05T18:11:25Z,-45041.983136000003,120000,1684,3646472.992903751787,1199162.792387893191,5833198.822623984888,6460.920603964041,-102.034010016268,-4104.099933233556,14.036702561803,26.630417372117,1198035.406525546918,-6289.147486801045,9178.022835636037,150,7168150,9155.273437500000,-22.749398136037,3646473,1199163,5833199,6460921,-102034,-4104100,1198035,-6289147,9178023,0,0
4,88.910000000000,88.908365362029,121,2026-09-05T18:11:26Z,-45040.983136000003,121000,1685,3652931.830795556773,1199059.585862544132,5829091.337040241808,6456.666550660884,-104.368724987808,-4110.921937957755,14.044477844007,26.839947709033,1191751.823724597925,-6277.998800795606,9161.753079685806,150,7168150,9155.273437500000,-6.479642185806,3652932,1199060,5829091,6456667,-104369,-4110922,1191752,-6277999,9161753,0,0
4,88.910000000000,88.908365362029,122,2026-09-05T18:11:27Z,-45039.983136000003,122000,1686,3659386.410812381189,1198954.044944493566,5824977.031718292274,6452.404497931639,-106.702749838632,-4117.739388000700,14.052314577434,27.051370344222,1185479.482910287566,-6266.663114557514,9145.210426270671,150,7168150,9155.273437500000,10.063011229329,3659386,1198954,5824977,6452404,-106703,-4117739,1185479,-6266663,9145210,0,0
4,88.910000000000,88.908365362029,123,2026-09-05T18:11:28Z,-45038.983136000003,123000,1687,3665836.724957197439,1198846.170325399609,5820855.911216565408,6448.134450424277,-109.036080858004,-4124.552274883172,14.060214148562,27.264712006162,1179218.572882152395,-6255.136821000260,9128.389611414486,150,7168150,9155.273437500000,26.883826085514,3665837,1198846,5820856,6448134,-109036,-4124552,1179219,-6255137,9128390,0,0
4,88.910000000000,88.908365362029,124,2026-09-05T18:11:29Z,-45037.983136000003,124000,1688,3672282.765237946995,1198735.962700730655,5816727.980101722293,6443.856412799505,-111.368714339505,-4131.360590125041,14.068177984557,27.479999842081,1172969.286085366039,-6243.416235067232,9111.285257355989,149,7168149,9094.238281250000,-17.046976105989,3672283,1198736,5816728,6443856,-111369,-4131361,1172969,-6243416,9111285,0,0
4,88.910000000000,88.908365362029,125,2026-09-05T18:11:30Z,-45036.983136000003,125000,1689,3678724.523666800931,1198623.422770291800,5812593.242949079722,6439.570389523396,-113.700645951212,-4138.164325246180,14.076207554812,27.697261423369,1166731.818690274376,-6231.497591925664,9093.891869913145,149,7168149,9094.238281250000,0.346411336855,3678725,1198623,5812593,6439570,-113701,-4138164,1166732,-6231498,9093892,0,0
4,88.910000000000,88.908365362029,126,2026-09-05T18:11:31Z,-45035.983136000003,126000,1690,3685161.992260624655,1198508.551237690728,5808451.704342359677,6435.276385414454,-116.031872406211,-4144.963471781011,14.084304372487,27.916524750987,1160506.370672380086,-6219.377045721627,9076.203836666271,149,7168149,9094.238281250000,18.034444583729,3685162,1198509,5808452,6435276,-116032,-4144963,1160506,-6219377,9076204,0,0
4,88.910000000000,88.908365362029,127,2026-09-05T18:11:32Z,-45034.983136000003,127000,1691,3691595.163040844724,1198391.348810346564,5804303.368873829022,6430.974404759581,-118.362388744572,-4151.758021257592,14.092469996151,28.137818260806,1154293.145894669695,-6207.050667187885,9058.215423467056,148,7168148,9033.203125000000,-25.012298467056,3691595,1198391,5804303,6430974,-118362,-4151758,1154293,-6207051,9058215,0,0
4,88.910000000000,88.908365362029,128,2026-09-05T18:11:33Z,-45033.983136000003,128000,1692,3698024.028034002054,1198271.816199179739,5800148.241143991239,6426.664452569185,-120.692192208480,-4158.547965216712,14.100706031484,28.361170828916,1148092.352190942969,-6194.514442898890,9039.920773351358,148,7168148,9033.203125000000,-6.717648351358,3698024,1198272,5800148,6426664,-120692,-4158548,1148092,-6194514,9039921,0,0
4,88.910000000000,88.908365362029,129,2026-09-05T18:11:34Z,-45032.983136000003,129000,1693,3704448.579270286486,1198149.954120053910,5795986.325762219727,6422.346533185191,-123.021277941689,-4165.333295198252,14.109014133154,28.586611776802,1141904.201452704845,-6181.764272457377,9021.313902433471,148,7168148,9033.203125000000,11.889222566529,3704449,1198150,5795986,6422347,-123021,-4165333,1141904,-6181764,9021314,0,0
4,88.910000000000,88.908365362029,130,2026-09-05T18:11:35Z,-45031.983136000003,130000,1694,3710868.808785479516,1198025.763291700976,5791817.627345964313,6418.020651575262,-125.349642983338,-4172.114002747549,14.117396006576,28.814170876545,1135728.909714796348,-6168.795967718294,9002.388698773582,147,7168147,8972.167968750000,-30.220730023582,3710869,1198026,5791818,6418021,-125350,-4172114,1135729,-6168796,9002389,0,0
4,88.910000000000,88.908365362029,131,2026-09-05T18:11:36Z,-45030.983136000003,131000,1695,3717284.708619827405,1197899.244437295245,5787642.150521142408,6413.686812031756,-127.677282264585,-4178.890079417215,14.125853409969,29.043878355841,1129566.697245483287,-6155.605250025262,8983.138918344810,147,7168147,8972.167968750000,-10.970949594810,3717285,1197899,5787642,6413687,-127677,-4178890,1129567,-6155605,8983139,0,0
4,88.910000000000,88.908365362029,132,2026-09-05T18:11:37Z,-45029.983136000003,132000,1696,3723696.270817858167,1197770.398283583578,5783459.899922432378,6409.345019579632,-130.004192934393,-4185.661516759865,14.134388156360,29.275764902940,1123417.788637578953,-6142.187749468207,8963.558183949846,147,7168147,8972.167968750000,8.609784800154,3723696,1197770,5783460,6409345,-130004,-4185662,1123418,-6142188,8963558,0,0
4,88.910000000000,88.908365362029,133,2026-09-05T18:11:38Z,-45028.983136000003,133000,1697,3730103.487428899389,1197639.225561970845,5779270.880192727782,6404.995278671322,-132.330370345244,-4192.428306337206,14.143002115809,29.509861671503,1117282.412900605705,-6128.539002087965,8943.639981141501,147,7168147,8972.167968750000,28.527987608499,3730103,1197639,5779271,6404995,-132330,-4192428,1117282,-6128539,8943640,0,0
4,88.910000000000,88.908365362029,134,2026-09-05T18:11:39Z,-45027.983136000003,134000,1698,3736506.350507414434,1197505.727006921312,5775075.095983245410,6400.637594352702,-134.655811654511,-4199.190439711856,14.151697217567,29.746200285306,1111160.803555108840,-6114.654448914735,8923.377656819495,146,7168146,8911.132812500000,-12.244844319495,3736506,1197506,5775075,6400638,-134656,-4199190,1111161,-6114654,8923378,0,0
4,88.910000000000,88.908365362029,135,2026-09-05T18:11:40Z,-45026.983136000003,135000,1699,3742904.852112103719,1197369.903357114410,5770872.551953877322,6396.271970794260,-136.980511260617,-4205.947908450071,14.160475452507,29.984812842772,1105053.198729823111,-6100.529433020080,8902.764414928293,146,7168146,8911.132812500000,8.368397571707,3742905,1197370,5770873,6396272,-136981,-4205948,1105053,-6100529,8902764,0,0
4,88.910000000000,88.908365362029,136,2026-09-05T18:11:41Z,-45025.983136000003,136000,1700,3749298.984306531958,1197231.755355028436,5766663.252772879787,6391.898413197850,-139.304466746353,-4212.700704127201,14.169338875585,30.225731921388,1098959.841259337962,-6086.159199098689,8881.793315846780,146,7168146,8911.132812500000,29.339496653220,3749299,1197232,5766663,6391898,-139304,-4212701,1098960,-6086159,8881793,0,0
4,88.910000000000,88.908365362029,137,2026-09-05T18:11:42Z,-45024.983136000003,137000,1701,3755688.739159228280,1197091.283747046487,5762447.203116765246,6387.516926097305,-141.627673574703,-4219.448818317687,14.178289608443,30.468990581924,1092880.978784071514,-6071.538890310610,8860.457271779973,145,7168145,8850.097656250000,-10.359615529973,3755689,1197091,5762447,6387517,-141628,-4219449,1092881,-6071539,8860457,0,0
4,88.910000000000,88.908365362029,138,2026-09-05T18:11:43Z,-45023.983136000003,138000,1702,3762074.108742846642,1196948.489284083480,5758224.407670735382,6383.127514276111,-143.950127950347,-4226.192242606885,14.187329842172,30.714622372420,1086816.863853001269,-6056.663547109403,8838.749045048904,145,7168145,8850.097656250000,11.348611201096,3762074,1196948,5758224,6383128,-143950,-4226192,1086817,-6056664,8838749,0,0
4,88.910000000000,88.908365362029,139,2026-09-05T18:11:44Z,-45022.983136000003,139000,1703,3768455.085135473404,1196803.372720002430,5753994.871128175408,6378.730182459549,-146.271825867643,-4232.930968580149,14.196461840085,30.962661332046,1080767.754026387352,-6041.528105117558,8816.661244990131,144,7168144,8789.062500000000,-27.598744990131,3768455,1196803,5753995,6378730,-146272,-4232931,1080768,-6041528,8816661,0,0
4,88.910000000000,88.908365362029,140,2026-09-05T18:11:45Z,-45021.983136000003,140000,1704,3774831.660419632681,1196655.934813094093,5749758.598190966062,6374.324935587993,-148.592763966008,-4239.664987824654,14.205687940805,31.213141994627,1074733.911982316757,-6026.127393450964,8794.186325510553,144,7168144,8789.062500000000,-5.123825510553,3774832,1196656,5749759,6374325,-148593,-4239665,1074734,-6026127,8794186,0,0
4,88.910000000000,88.908365362029,141,2026-09-05T18:11:46Z,-45020.983136000003,141000,1705,3781203.826682498213,1196506.176325435052,5745515.593569507822,6369.911778136611,-150.912937382145,-4246.394291936667,14.215010561387,31.466099391966,1068715.605624174234,-6010.456132334341,8771.316581607514,144,7168144,8789.062500000000,17.745918392486,3781204,1196506,5745516,6369912,-150913,-4246394,1068716,-6010456,8771317,0,0
4,88.910000000000,88.908365362029,142,2026-09-05T18:11:47Z,-45019.983136000003,142000,1706,3787571.576016350184,1196354.098023112165,5741265.861982364208,6365.490715138549,-153.232342973524,-4253.118872518826,14.224432200650,31.721569056898,1062713.108189683175,-5994.508931980220,8748.044147732850,143,7168143,8728.027343750000,-20.016803982850,3787572,1196354,5741266,6365491,-153232,-4253119,1062713,-5994509,8748044,0,0
4,88.910000000000,88.908365362029,143,2026-09-05T18:11:48Z,-45018.983136000003,143000,1707,3793934.900518003386,1196199.700675564120,5737009.408156786114,6361.061751295892,-155.550976521909,-4259.838721173764,14.233955442616,31.979587025989,1056726.698362854775,-5978.280290050886,8724.360994088993,143,7168143,8728.027343750000,3.666349661007,3793935,1196200,5737009,6361062,-155551,-4259839,1056727,-5978280,8724361,0,0
4,88.910000000000,88.908365362029,144,2026-09-05T18:11:49Z,-45017.983136000003,144000,1708,3800293.792289391160,1196042.985057097161,5732746.236827992834,6356.624891490355,-157.868834351120,-4266.553829510485,14.243582960278,32.240189841968,1050756.660386569798,-5961.764590180616,8700.258924472408,143,7168143,8728.027343750000,27.768419277592,3800294,1196043,5732746,6356625,-157869,-4266554,1050757,-5961765,8700259,0,0
4,88.910000000000,88.908365362029,145,2026-09-05T18:11:50Z,-45016.983136000003,145000,1709,3806648.243436741643,1195883.951945253881,5728476.352740094066,6352.180140584096,-160.185912677662,-4273.264189137080,14.253317519350,32.503414555735,1044803.284178564907,-5944.956099973777,8675.729573352133,142,7168142,8666.992187500000,-8.737385852133,3806648,1195884,5728476,6352180,-160186,-4273264,1044803,-5944956,8675730,0,0
4,88.910000000000,88.908365362029,146,2026-09-05T18:11:51Z,-45015.983136000003,146000,1710,3812998.246071583591,1195722.602121472592,5724199.760645245202,6347.727503278747,-162.502207178704,-4279.969791682561,14.263161982373,32.769298728062,1038866.865447345190,-5927.848969092284,8650.764403078727,142,7168142,8666.992187500000,16.227784421273,3812998,1195723,5724200,6347728,-162502,-4279970,1038867,-5927849,8650764,0,0
4,88.910000000000,88.908365362029,147,2026-09-05T18:11:52Z,-45014.983136000003,147000,1711,3819343.792310272809,1195558.936370868701,5719916.465304065496,6343.266984421462,-164.817713964567,-4286.670628759566,14.273119312970,33.037880430828,1032947.705811439781,-5910.437227643243,8625.354701531280,141,7168141,8605.957031250000,-19.397670281280,3819344,1195559,5719916,6343267,-164818,-4286671,1032948,-5910437,8625355,0,0
4,88.910000000000,88.908365362029,148,2026-09-05T18:11:53Z,-45013.983136000003,148000,1712,3825684.874273636844,1195392.955483414000,5715626.471485570073,6338.798589045382,-167.132429689900,-4293.366692001655,14.283192580429,33.309198247808,1027046.112920136191,-5892.714784464331,8599.491579615205,141,7168141,8605.957031250000,6.465451634795,3825685,1195393,5715626,6338799,-167132,-4293367,1027046,-5892715,8599492,0,0
4,88.910000000000,88.908365362029,149,2026-09-05T18:11:54Z,-45012.983136000003,149000,1713,3832021.484087522607,1195224.660251880763,5711329.783967285417,6334.322321916716,-169.446350142152,-4300.057973035109,14.293384964317,33.583291275020,1021162.400575437117,-5874.675425025902,8573.165968200681,140,7168140,8544.921875000000,-28.244093200681,3832021,1195225,5711330,6334322,-169446,-4300058,1021162,-5874675,8573166,0,0
4,88.910000000000,88.908365362029,150,2026-09-05T18:11:55Z,-45011.983136000003,150000,1714,3838353.613883150276,1195054.051473480882,5707026.407534628175,6329.838187850328,-171.759471219048,-4306.744463501673,14.303699759589,33.860199120561,1015296.888855622616,-5856.312809976678,8546.368616000329,140,7168140,8544.921875000000,-1.446741000329,3838354,1195054,5707026,6329838,-171759,-4306744,1015297,-5856313,8546369,0,0
4,88.910000000000,88.908365362029,151,2026-09-05T18:11:56Z,-45010.983136000003,151000,1715,3844681.255795935169,1194881.129948972724,5702716.346981927752,6325.346191808421,-174.071789252594,-4313.426155041270,14.314140381809,34.139961903825,1009449.904242121731,-5837.620473547814,8519.090087240182,140,7168140,8544.921875000000,25.831787759818,3844681,1194881,5702716,6325346,-174072,-4313426,1009450,-5837620,8519090,0,0
4,88.910000000000,88.908365362029,152,2026-09-05T18:11:57Z,-45009.983136000003,152000,1716,3851004.401966268197,1194705.896483767079,5698399.607111671939,6320.846338796855,-176.383300688713,-4320.103039294736,14.324710372794,34.422620254223,1003621.779746059328,-5818.591821873249,8491.320759208513,139,7168139,8483.886718750000,-7.434040458513,3851004,1194706,5698400,6320846,-176383,-4320103,1003622,-5818592,8491321,0,0
4,88.910000000000,88.908365362029,153,2026-09-05T18:11:58Z,-45008.983136000003,153000,1717,3857323.044540001545,1194528.351886177203,5694076.192734486423,6316.338633561372,-178.694001099757,-4326.775107921094,14.335413406387,34.708215309254,997812.855036763591,-5799.220131239608,8463.050819701837,139,7168139,8483.886718750000,20.835899048163,3857323,1194528,5694076,6316339,-178694,-4326775,997813,-5799220,8463051,0,0
4,88.910000000000,88.908365362029,154,2026-09-05T18:11:59Z,-45007.983136000003,154000,1718,3863637.175667308271,1194348.496969041182,5689746.108669639565,6311.823081060993,-181.003886713142,-4333.442352568454,14.346253294771,34.996788711853,992023.476573196822,-5779.498546930610,8434.270265338502,138,7168138,8422.851562500000,-11.418702838502,3863637,1194348,5689746,6311823,-181004,-4333442,992023,-5779499,8434270,0,0
4,88.910000000000,88.908365362029,155,2026-09-05T18:12:00Z,-45006.983136000003,155000,1719,3869946.787503603846,1194166.332548539853,5685409.359744642861,6307.299686270653,-183.312953760606,-4340.104764899479,14.357233994968,35.288382607104,986253.997735013138,-5759.420081700626,8404.968899331096,138,7168138,8422.851562500000,17.882663168904,3869947,1194166,5685409,6307300,-183313,-4340105,986254,-5759420,8404969,0,0
4,88.910000000000,88.908365362029,156,2026-09-05T18:12:01Z,-45005.983136000003,156000,1720,3876251.872209279798,1193981.859445278766,5681065.950795189478,6302.768454238048,-185.621198694662,-4346.762336578649,14.368359615859,35.583039638155,980504.778955940390,-5738.977614491533,8375.136329613890,137,7168137,8361.816406250000,-13.319923363890,3876252,1193982,5681066,6302768,-185621,-4346762,980505,-5738978,8375136,0,0
4,88.910000000000,88.908365362029,157,2026-09-05T18:12:02Z,-45004.983136000003,157000,1721,3882552.421949308831,1193795.078483623452,5676715.886665595695,6298.229389687094,-187.928616867566,-4353.415059277722,14.379634425485,35.880802941309,974776.187858687364,-5718.163888926893,8344.761966645325,137,7168137,8361.816406250000,17.054439604675,3882552,1193795,5676716,6298229,-187929,-4353415,974776,-5718164,8344762,0,0
4,88.910000000000,88.908365362029,158,2026-09-05T18:12:03Z,-45003.983136000003,158000,1722,3888848.428894041106,1193605.990491604200,5672359.172208255157,6293.682497858754,-190.235205285944,-4360.062924667545,14.391062858832,36.181716140320,969068.599389866809,-5696.971512788009,8313.835022643410,136,7168136,8300.781250000000,-13.053772643410,3888848,1193606,5672359,6293682,-190235,-4360063,969069,-5696972,8313835,0,0
4,88.910000000000,88.908365362029,159,2026-09-05T18:12:04Z,-45002.983136000003,159000,1723,3895139.885218687821,1193414.596301230602,5667995.812283961102,6289.127783499680,-192.540959304324,-4366.705924428061,14.402649526091,36.485823339718,963382.395957199507,-5675.392956290621,8282.344509070826,136,7168136,8300.781250000000,18.436740929174,3895140,1193415,5667996,6289128,-192541,-4366706,963382,-5675393,8282345,0,0
4,88.910000000000,88.908365362029,160,2026-09-05T18:12:05Z,-45001.983136000003,160000,1724,3901426.783103166614,1193220.896748493426,5663625.811761958525,6284.565251771255,-194.845875602368,-4373.344050241940,14.414399221396,36.793169117190,957717.967567263753,-5653.420551851212,8250.279236293880,135,7168135,8239.746093750000,-10.533142543880,3901427,1193221,5663626,6284565,-194846,-4373344,957718,-5653421,8250279,0,0
4,88.910000000000,88.908365362029,161,2026-09-05T18:12:06Z,-45000.983136000003,161000,1725,3907709.114732861519,1193024.892672817688,5659249.175519595854,6279.994907506989,-197.149949755385,-4379.977293799129,14.426316932054,37.103798514975,952075.711963385576,-5631.046492811758,8217.627811721482,135,7168135,8239.746093750000,22.118282028518,3907709,1193025,5659249,6279995,-197150,-4379977,952076,-5631046,8217628,0,0
4,88.910000000000,88.908365362029,162,2026-09-05T18:12:07Z,-44999.983136000003,162000,1726,3913986.872297941241,1192826.584918049397,5654865.908442556858,6275.416755962851,-199.453178670183,-4386.605646793214,14.438407848447,37.417757030118,946456.034765318851,-5608.262833372976,8184.378639707731,134,7168134,8178.710937500000,-5.667702207731,3913987,1192827,5654866,6275417,-199453,-4386606,946456,-5608263,8184379,0,0
4,88.910000000000,88.908365362029,163,2026-09-05T18:12:08Z,-44998.983136000003,163000,1727,3920260.047993412707,1192625.974331792211,5650476.015424993820,6270.830801890497,-201.755557588513,-4393.229100922326,14.450677374419,37.735090603612,940859.349608927616,-5585.061487510404,8150.519919970107,134,7168134,8178.710937500000,28.191017529893,3920260,1192626,5650476,6270831,-201756,-4393229,940859,-5585061,8150520,0,0
4,88.910000000000,88.908365362029,164,2026-09-05T18:12:09Z,-44997.983136000003,164000,1728,3926528.634019478690,1192423.061765407678,5646079.501369243488,6266.237050599557,-204.057083535417,-4399.847647889146,14.463131138367,38.055845608350,935286.078285850934,-5561.434229459708,8116.039648297698,133,7168133,8117.675781250000,1.636132952302,3926529,1192423,5646080,6266237,-204057,-4399848,935286,-5561434,8116040,0,0
4,88.910000000000,88.908365362029,165,2026-09-05T18:12:10Z,-44996.983136000003,165000,1729,3932792.622581561096,1192217.848073789384,5641676.371185891330,6261.635506902167,-206.357751864061,-4406.461279399991,14.475775005011,38.380068835777,929736.650883710361,-5537.372692906219,8080.925615368452,132,7168132,8056.640625000000,-24.284990368452,3932793,1192218,5641676,6261636,-206358,-4406461,929737,-5537373,8080926,0,0
4,88.910000000000,88.908365362029,166,2026-09-05T18:12:11Z,-44995.983136000003,166000,1730,3939052.005889726803,1192010.334116362268,5637266.629793951288,6257.026175959254,-208.657559044241,-4413.069987166637,14.488615088005,38.707807481187,924211.505926696700,-5512.868371723654,8045.165407827234,132,7168132,8056.640625000000,11.475217172766,3939052,1192010,5637267,6257026,-208658,-4413070,924212,-5512868,8045165,0,0
4,88.910000000000,88.908365362029,167,2026-09-05T18:12:12Z,-44994.983136000003,167000,1731,3945306.776159494650,1191800.520756081911,5632850.282120528631,6252.409062944025,-210.956501549390,-4419.673762910861,14.501657763207,39.039109127654,918711.090514828102,-5487.912620097431,8008.746408465774,131,7168131,7995.605468750000,-13.140939715774,3945307,1191801,5632850,6252409,-210957,-4419674,918711,-5487913,8008746,0,0
4,88.910000000000,88.908365362029,168,2026-09-05T18:12:13Z,-44993.983136000003,168000,1732,3951556.925611163955,1191588.408859652700,5628427.333101219498,6247.784172731826,-213.254574846360,-4426.272598351716,14.514909682904,39.374021728410,913235.860463920166,-5462.496652904684,7971.655796777246,131,7168131,7995.605468750000,23.949671972754,3951557,1191588,5628427,6247784,-213255,-4426273,913236,-5462497,7971656,0,0
4,88.910000000000,88.908365362029,169,2026-09-05T18:12:14Z,-44992.983136000003,169000,1733,3957802.446470425464,1191373.999297529459,5623997.787679720670,6243.151510520420,-215.551775409722,-4432.866485218256,14.528377790960,39.712593587712,907786.280443783267,-5436.611547006992,7933.880550842806,130,7168130,7934.570312500000,0.689761657194,3957802,1191374,5623998,6243152,-215552,-4432866,907786,-5436612,7933881,0,0
4,88.910000000000,88.908365362029,170,2026-09-05T18:12:15Z,-44991.983136000003,170000,1734,3964043.330967795569,1191157.292944472283,5619561.650808078237,6238.511081479373,-217.848099607636,-4439.455415242264,14.542069339012,40.054873340015,902362.824116348522,-5410.248242142974,7895.407448634186,129,7168129,7873.535156250000,-21.872292384186,3964043,1191157,5619562,6238511,-217848,-4439455,902363,-5410248,7895407,0,0
4,88.910000000000,88.908365362029,171,2026-09-05T18:12:16Z,-44990.983136000003,171000,1735,3970279.571338853799,1190938.290678988444,5615118.927446668968,6233.862890688215,-220.143543469021,-4446.039380159164,14.555991903660,40.400909927446,896965.974271931569,-5383.397542313584,7856.223070035316,129,7168129,7873.535156250000,17.312086214684,3970280,1190938,5615119,6233863,-220144,-4446039,896966,-5383398,7856223,0,0
4,88.910000000000,88.908365362029,172,2026-09-05T18:12:17Z,-44989.983136000003,172000,1736,3976511.159824555740,1190716.993383330759,5610669.622563959099,6229.206943108693,-222.438102574188,-4452.618371712560,14.570153404885,40.750752575472,891596.222963773762,-5356.050117513077,7816.313799368399,128,7168128,7812.500000000000,-3.813799368399,3976511,1190717,5610670,6229207,-222438,-4452618,891596,-5356050,7816314,0,0
4,88.910000000000,88.908365362029,173,2026-09-05T18:12:18Z,-44988.983136000003,173000,1737,3982738.088670927100,1190493.401943264529,5606213.741136783734,6224.543244040888,-224.731773632811,-4459.192381649700,14.584562125695,41.104450766644,886254.071641241433,-5328.196506132035,7775.665828900757,127,7168127,7751.464843750000,-24.200985150757,3982738,1190493,5606214,6224543,-224732,-4459192,886254,-5328197,7775666,0,0
4,88.910000000000,88.908365362029,174,2026-09-05T18:12:19Z,-44987.983136000003,174000,1738,3988960.350128961261,1190267.517249089433,5601751.288150211796,6219.871798669828,-227.024552904595,-4465.761401722375,14.599226733259,41.462054212356,880940.031280513504,-5299.827117084375,7734.265161948852,127,7168127,7751.464843750000,17.199681801148,3988960,1190268,5601751,6219872,-227025,-4465761,880940,-5299827,7734265,0,0
4,88.910000000000,88.908365362029,175,2026-09-05T18:12:20Z,-44986.983136000003,175000,1739,3995177.936454946641,1190039.340194389690,5597282.268597579561,6215.192612050942,-229.316436199724,-4472.325423687835,14.614156301325,41.823612822554,875654.622512377100,-5270.932232638967,7692.097617010591,126,7168126,7690.429687500000,-1.667929510591,3995178,1190039,5597282,6215193,-229316,-4472325,875655,-5270932,7692098,0,0
4,88.910000000000,88.908365362029,176,2026-09-05T18:12:21Z,-44985.983136000003,176000,1740,4001390.839910212904,1189808.871677170275,5592806.687480415218,6210.505689391084,-231.607419779493,-4478.884439305148,14.629360334447,42.189176673247,870398.375747344224,-5241.502011840700,7649.148832757849,125,7168125,7629.394531250000,-19.754301507849,4001391,1189809,5592807,6210506,-231607,-4478884,870398,-5241502,7649149,0,0
4,88.910000000000,88.908365362029,177,2026-09-05T18:12:22Z,-44984.983136000003,177000,1741,4007599.052761427592,1189576.112598600565,5588324.549808507785,6205.811035835268,-233.897499681689,-4485.438440345206,14.644848793741,42.558795971773,865171.831296999357,-5211.526494055636,7605.404273210038,125,7168125,7629.394531250000,23.990258039962,4007599,1189576,5588325,6205811,-233897,-4485438,865172,-5211526,7605404,0,0
4,88.910000000000,88.908365362029,178,2026-09-05T18:12:23Z,-44983.983136000003,178000,1742,4013802.567280343734,1189341.063864270924,5583835.860599837266,6201.108656743145,-236.186672629628,-4491.987418578901,14.660632124744,42.932521019691,859975.539491783129,-5180.995603274928,7560.849234015023,124,7168124,7568.359375000000,7.510140984977,4013803,1189341,5583836,6201109,-236187,-4491987,859976,-5180996,7560849,0,0
4,88.910000000000,88.908365362029,179,2026-09-05T18:12:24Z,-44982.983136000003,179000,1743,4020001.375744007062,1189103.726383041590,5579340.624880644493,6196.398556982331,-238.474933635189,-4498.531365779854,14.676721287122,43.310402173234,854810.060794092715,-5149.899152266749,7515.468848508199,123,7168123,7507.324218750000,-8.144629758199,4020001,1189104,5579341,6196399,-238475,-4498531,854810,-5149899,7515469,0,0
4,88.910000000000,88.908365362029,180,2026-09-05T18:12:25Z,-44981.983136000003,180000,1744,4026195.470434383024,1188864.101068424061,5574838.847685446031,6191.680742136214,-240.762280111312,-4505.070273735328,14.693127786815,43.692489801174,849675.965906927828,-5118.226848529782,7469.248096400675,122,7168122,7446.289062500000,-22.959033900675,4026195,1188864,5574839,6191681,-240762,-4505070,849676,-5118227,7469248,0,0
4,88.910000000000,88.908365362029,181,2026-09-05T18:12:26Z,-44980.983136000003,181000,1745,4032384.843639089726,1188622.188836736837,5570330.534056852572,6186.955217129707,-243.048707184926,-4511.604134227127,14.709863710325,44.078834240104,844573.835876294179,-5085.968299034616,7422.171810698603,122,7168122,7446.289062500000,24.117251801397,4032385,1188622,5570331,6186955,-243049,-4511604,844574,-5085968,7422172,0,0
4,88.910000000000,88.908365362029,182,2026-09-05T18:12:27Z,-44979.983136000003,182000,1746,4038569.487650493626,1188377.990609407891,5565815.689045778476,6182.221987462981,-245.334211930640,-4518.132939051611,14.726941762025,44.469485746879,839504.262188879191,-5053.113017320081,7374.224688059148,121,7168121,7385.253906250000,11.029218190852,4038569,1188378,5565816,6182222,-245334,-4518133,839504,-5053113,7374225,0,0
4,88.910000000000,88.908365362029,183,2026-09-05T18:12:28Z,-44978.983136000003,183000,1747,4044749.394766687881,1188131.507310439600,5561294.317711260170,6177.481058119611,-247.618789591343,-4524.656680005137,14.744375303893,44.864494448301,834467.846861811006,-5019.650429600821,7325.391297703556,120,7168120,7324.218750000000,-1.172547703556,4044749,1188132,5561294,6177481,-247619,-4524657,834468,-5019650,7325391,0,0
4,88.910000000000,88.908365362029,184,2026-09-05T18:12:29Z,-44977.983136000003,184000,1748,4050924.557290503755,1187882.739868706325,5556766.425120669417,6172.732434620684,-249.902437247329,-4531.175348888610,14.762178398846,45.263910287764,829465.202526618843,-4985.569882963227,7275.656093377811,119,7168119,7263.183593750000,-12.472499627811,4050925,1187883,5556766,6172732,-249902,-4531175,829465,-4985570,7275656,0,0
4,88.910000000000,88.908365362029,185,2026-09-05T18:12:30Z,-44976.983136000003,185000,1749,4057094.967530659866,1187631.689216006082,5552232.016349326819,6167.976122003438,-252.185150256309,-4537.688937508392,14.780365857111,45.667782968963,824496.952503899462,-4950.860652835079,7225.003424253413,118,7168118,7202.148437500000,-22.854986753413,4057095,1187632,5552232,6167976,-252185,-4537689,824497,-4950861,7225003,0,0
4,88.910000000000,88.908365362029,186,2026-09-05T18:12:31Z,-44975.983136000003,186000,1750,4063260.617800396401,1187378.356288883835,5547691.096481082961,6163.212125716200,-254.466925357974,-4544.197437679031,14.798953286716,46.076161896323,819563.730871270294,-4915.511952427426,7173.417548706308,118,7168118,7202.148437500000,28.730888793692,4063261,1187378,5547691,6163212,-254467,-4544197,819564,-4915512,7173418,0,0
4,88.910000000000,88.908365362029,187,2026-09-05T18:12:32Z,-44974.983136000003,187000,1751,4069421.500418930780,1187122.742026692955,5543143.670607696287,6158.440450878516,-256.747758142183,-4550.700841220532,14.817957147733,46.489096112364,814666.182520090486,-4879.512941820760,7120.882647576753,117,7168117,7141.113281250000,20.230633673247,4069422,1187123,5543144,6158440,-256748,-4550701,814666,-4879513,7120883,0,0
4,88.910000000000,88.908365362029,188,2026-09-05T18:12:33Z,-44973.983136000003,188000,1752,4075577.607710288838,1186864.847373881377,5538589.743829177693,6153.661102964179,-259.027645352944,-4557.199139950171,14.837394811458,46.906634231574,809804.963204078493,-4842.852738723677,7067.382839869871,116,7168116,7080.078125000000,12.695285130129,4075578,1186865,5538590,6153661,-259028,-4557199,809805,-4842853,7067383,0,0
4,88.910000000000,88.908365362029,189,2026-09-05T18:12:34Z,-44972.983136000003,189000,1753,4081728.932004050352,1186604.673277576221,5534029.321253784001,6148.874087217337,-261.306582928228,-4563.692325699776,14.857284624087,47.328824370996,804980.739575944957,-4805.520429244273,7012.902198474818,115,7168115,7019.042968750000,6.140770275182,4081729,1186605,5534029,6148874,-261307,-4563692,804981,-4805520,7012902,0,0
4,88.910000000000,88.908365362029,190,2026-09-05T18:12:35Z,-44971.983136000003,190000,1754,4087875.465635010973,1186342.220689427573,5529462.407997845672,6144.079409094957,-263.584567503813,-4570.180390301175,14.877645976269,47.755714077243,800194.189213113044,-4767.505080097078,6957.424767978890,114,7168114,6958.007812500000,0.583044521110,4087875,1186342,5529462,6144079,-263585,-4570180,800194,-4767505,6957425,0,0
4,88.910000000000,88.908365362029,191,2026-09-05T18:12:36Z,-44970.983136000003,191000,1755,4094017.200943441596,1186077.490564452950,5524889.009185882285,6139.277073531957,-265.861593856926,-4576.663325592563,14.898499378370,48.187350249982,795446.000630818889,-4728.795750945962,6900.934582680057,113,7168113,6896.972656250000,-3.961926430057,4094017,1186077,5524889,6139277,-265862,-4576663,795446,-4728796,6900935,0,0
4,88.910000000000,88.908365362029,192,2026-09-05T18:12:37Z,-44969.983136000003,192000,1756,4100154.130274703726,1185810.483861844754,5520309.129950651899,6134.467086306358,-268.137659672448,-4583.141123419409,14.919866542554,48.623779061720,790736.873282266315,-4689.381508943316,6843.415687804597,112,7168112,6835.937500000000,-7.478187804597,4100154,1185810,5520309,6134467,-268138,-4583141,790737,-4689382,6843416,0,0
4,88.910000000000,88.908365362029,193,2026-09-05T18:12:38Z,-44968.983136000003,193000,1757,4106286.245979606174,1185541.201544382609,5515722.775433054194,6129.649452575904,-270.412760427462,-4589.613775625367,14.941770472039,49.065045873924,786067.517544235103,-4649.251442399102,6784.852159454949,111,7168111,6774.902343750000,-9.949815704949,4106286,1185541,5515723,6129649,-270413,-4589614,786068,-4649251,6784852,0,0
4,88.910000000000,88.908365362029,194,2026-09-05T18:12:39Z,-44967.983136000003,194000,1758,4112413.540414507966,1185269.644579025218,5511129.950781899504,6124.824177773917,-272.686892532192,-4596.081274069547,14.964235558560,49.511195149352,781438.654687711620,-4608.394676896550,6725.228128128028,110,7168110,6713.867187500000,-11.360940628028,4112414,1185270,5511130,6124824,-272687,-4596081,781439,-4608395,6725228,0,0
4,88.910000000000,88.908365362029,195,2026-09-05T18:12:40Z,-44966.983136000003,195000,1759,4118536.005940857809,1184995.813936205348,5506530.661154455505,6119.991267146361,-274.960051696326,-4602.543610610155,14.987287688632,49.962270360505,776851.016833043192,-4566.800391502431,6664.527802371578,109,7168109,6652.832031250000,-11.695771121578,4118536,1184996,5506531,6119991,-274960,-4602544,776851,-4566800,6664528,0,0
4,88.910000000000,88.908365362029,196,2026-09-05T18:12:41Z,-44965.983136000003,196000,1760,4124653.634925679304,1184719.710590287112,5501924.911715934053,6115.150726317552,-277.232234919666,-4609.000777109941,15.010954359881,50.418313894282,772305.346887229127,-4524.457836618891,6602.735494836113,108,7168108,6591.796875000000,-10.938619836113,4124654,1184720,5501925,6115151,-277232,-4609001,772305,-4524458,6602735,0,0
4,88.910000000000,88.908365362029,197,2026-09-05T18:12:42Z,-44964.983136000003,197000,1761,4130766.419741232414,1184441.335519339889,5497312.707639838569,6110.302560452510,-279.503437563562,-4615.452765438931,15.035264808308,50.879366952671,767802.398463934893,-4481.356352012725,6539.835648585821,107,7168107,6530.761718750000,-9.073929835821,4130766,1184441,5497313,6110303,-279503,-4615453,767802,-4481356,6539836,0,0
4,88.910000000000,88.908365362029,198,2026-09-05T18:12:43Z,-44963.983136000003,198000,1762,4136874.352765252348,1184160.689705722267,5492694.054107624106,6105.446775063683,-281.773656161249,-4621.899567474429,15.060250147920,51.345469449560,763342.935783920228,-4437.485386864671,6475.812866357343,106,7168106,6469.726562500000,-6.086303857343,4136874,1184161,5492694,6105447,-281774,-4621900,763343,-4437485,6475813,0,0
4,88.910000000000,88.908365362029,199,2026-09-05T18:12:44Z,-44962.983136000003,199000,1763,4142977.426380995661,1183877.774135019630,5488068.956308933906,6100.583375604401,-284.042887016312,-4628.341175091919,15.085943523816,51.816659903590,758927.733555656043,-4392.834520151207,6410.651940303826,105,7168105,6408.691406250000,-1.960534053826,4142977,1183878,5488069,6100583,-284043,-4628341,758928,-4392835,6410652,0,0
4,88.910000000000,88.908365362029,200,2026-09-05T18:12:45Z,-44961.983136000003,200000,1764,4149075.632976986468,1183592.589796626940,5483437.419441625476,6095.712367546184,-286.311126432338,-4634.777580181435,15.112380280717,52.292975327074,754557.576834837440,-4347.393482410374,6344.337883758698,104,7168104,6347.656250000000,3.318366241302,4149076,1183593,5483437,6095712,-286311,-4634778,754558,-4347393,6344338,0,0
4,88.910000000000,88.908365362029,201,2026-09-05T18:12:46Z,-44960.983136000003,201000,1765,4155168.964947263710,1183305.137684349902,5478799.448711499572,6090.833756160464,-288.578370008509,-4641.208774633014,15.139598148558,52.774451111036,750233.260861369432,-4301.152178410914,6276.855964317737,103,7168103,6286.621093750000,9.765129432263,4155169,1183305,5478799,6090834,-288578,-4641209,750233,-4301152,6276856,0,0
4,88.910000000000,88.908365362029,202,2026-09-05T18:12:47Z,-44959.983136000003,202000,1766,4161257.414691263810,1183015.418795444770,5474155.049332560040,6085.947547037904,-290.844614404023,-4647.634750339421,15.167637446960,53.261120906353,745955.590873243869,-4254.100711342489,6208.191739140880,102,7168102,6225.585937500000,17.394198359120,4161257,1183015,5474155,6085948,-290845,-4647635,745956,-4254101,6208192,0,0
4,88.910000000000,88.908365362029,203,2026-09-05T18:12:48Z,-44958.983136000003,203000,1767,4167340.974613963161,1182723.434130507289,5469504.226526971906,6081.053745614554,-293.109855693501,-4654.055499207061,15.196541311248,53.753016501101,741725.381895826431,-4206.229407557850,6138.331091059534,101,7168101,6164.550781250000,26.219690190466,4167341,1182723,5469504,6081054,-293110,-4654055,741725,-4206229,6138331,0,0
4,88.910000000000,88.908365362029,204,2026-09-05T18:12:49Z,-44957.983136000003,204000,1768,4173419.637125745881,1182429.184695126954,5464846.985524764284,6076.152357399224,-295.374090187806,-4660.471013137794,15.226355942771,54.250167694138,737543.458505639690,-4157.528842793432,6067.260266841425,99,7168099,6042.480468750000,-24.779798091425,4173420,1182429,5464847,6076152,-295374,-4660471,737543,-4157529,6067260,0,0
4,88.910000000000,88.908365362029,205,2026-09-05T18:12:50Z,-44956.983136000003,205000,1769,4179493.394642425235,1182132.671497508185,5460183.331564354710,6071.243387775212,-297.637313723953,-4666.881284047122,15.257130885839,54.752602165027,733410.654567590565,-4107.989869279150,5994.965916753076,98,7168098,5981.445312500000,-13.520604253076,4179493,1182133,5460183,6071243,-297637,-4666881,733411,-4107990,5994966,0,0
4,88.910000000000,88.908365362029,206,2026-09-05T18:12:51Z,-44955.983136000003,206000,1770,4185562.239585285075,1181833.895550377667,5455513.269892109558,6066.326842345006,-299.899522856094,-4673.286303856003,15.288919335856,55.260345340435,729327.812944265665,-4057.603644201844,5921.435136097743,97,7168097,5920.410156250000,-1.024979847743,4185562,1181834,5455513,6066327,-299900,-4673286,729328,-4057604,5921435,0,0
4,88.910000000000,88.908365362029,207,2026-09-05T18:12:52Z,-44954.983136000003,207000,1771,4191626.164381566923,1181532.857869432773,5450836.805762318894,6061.402726551933,-302.160713542207,-4679.686064479938,15.321778481646,55.773420257138,725295.785176243982,-4006.361658842839,5846.655507737097,96,7168096,5859.375000000000,12.719492262903,4191626,1181533,5450837,6061403,-302161,-4679686,725296,-4006362,5846656,0,0
4,88.910000000000,88.908365362029,208,2026-09-05T18:12:53Z,-44953.983136000003,208000,1772,4197685.161463167518,1181229.559475718997,5446153.944437646307,6056.471046080333,-304.420882577688,-4686.080557850801,15.355769887592,56.291847421633,721315.431133521721,-3954.255769228356,5770.615146820691,95,7168095,5798.339843750000,27.724696929309,4197685,1181230,5446154,6056471,-304421,-4686081,721315,-3954256,5770615,0,0
4,88.910000000000,88.908365362029,209,2026-09-05T18:12:54Z,-44952.983136000003,209000,1773,4203739.223268178292,1180924.001392649021,5441464.691188627854,6051.531806131607,-306.680024970319,-4692.469775904101,15.390959919705,56.815644666874,717387.618634411367,-3901.278227119737,5693.302746011325,93,7168093,5676.269531250000,-17.033214761325,4203739,1180924,5441465,6051532,-306680,-4692470,717388,-3901278,5693303,0,0
4,88.910000000000,88.908365362029,210,2026-09-05T18:12:55Z,-44951.983136000003,210000,1774,4209788.342240117490,1180616.184647914721,5436769.051293833181,6046.585012578362,-308.938138116218,-4698.853710578078,15.427420223219,57.344827005952,713513.223033848801,-3847.421713024190,5614.707623659043,92,7168092,5615.234375000000,0.526751340957,4209788,1180616,5436769,6046585,-308938,-4698854,713513,-3847422,5614708,0,0
4,88.910000000000,88.908365362029,211,2026-09-05T18:12:56Z,-44950.983136000003,211000,1775,4215832.510827853344,1180306.110272765160,5432067.030040105805,6041.630670774794,-311.195217502700,-4705.232353815518,15.465228257883,57.879406483139,709693.126778511913,-3792.679368862531,5534.819771474562,91,7168091,5554.199218750000,19.379447275438,4215833,1180306,5432067,6041631,-311195,-4705232,709693,-3792679,5534820,0,0
4,88.910000000000,88.908365362029,212,2026-09-05T18:12:57Z,-44949.983136000003,212000,1776,4221871.721486045979,1179993.779302836629,5427358.632722013630,6036.668786451628,-313.451259934482,-4711.605697570121,15.504467899997,58.419392022558,705928.218927779817,-3737.044832614111,5453.629905088118,89,7168089,5432.128906250000,-21.500998838118,4221872,1179994,5427359,6036669,-313451,-4711606,705928,-3737045,5453630,0,0
4,88.910000000000,88.908365362029,213,2026-09-05T18:12:58Z,-44948.983136000003,213000,1777,4227905.966674697585,1179679.192776969401,5422643.864642483182,6031.699364951237,-315.706260780189,-4717.973733793769,15.545230120434,58.964789274589,702219.394640788203,-3680.512272881602,5371.129514491325,88,7168088,5371.093750000000,-0.035764491325,4227906,1179679,5422644,6031699,-315706,-4717974,702219,-3680512,5371130,0,0
4,88.910000000000,88.908365362029,214,2026-09-05T18:12:59Z,-44947.983136000003,214000,1778,4233935.238859363832,1179362.351738267578,5417922.731112407520,6026.722412123490,-317.960217207656,-4724.336454449258,15.587613750881,59.515600460445,698567.554627641221,-3623.076425048859,5287.310916803905,87,7168087,5310.058593750000,22.747676946095,4233935,1179362,5417923,6026722,-317960,-4724336,698568,-3623076,5287311,0,0
4,88.910000000000,88.908365362029,215,2026-09-05T18:13:00Z,-44946.983136000003,215000,1779,4239959.530511508696,1179043.257233267417,5413195.237450515851,6021.737933300756,-320.213124467045,-4730.693851503020,15.631726351189,60.071824215153,694973.604564557667,-3564.732627074577,5202.167308508901,85,7168085,5187.988281250000,-14.179027258901,4239960,1179043,5413195,6021738,-320213,-4730694,694974,-3564733,5202167,0,0
4,88.910000000000,88.908365362029,216,2026-09-05T18:13:01Z,-44945.983136000003,216000,1780,4245978.834107942879,1178721.910312531982,5408461.388983738609,6016.745934389292,-322.464979855113,-4737.045916928764,15.677685194376,60.633455429157,691438.454473002581,-3505.476856912300,5115.692820061308,84,7168084,5126.953125000000,11.260304938692,4245979,1178722,5408461,6016746,-322465,-4737046,691438,-3505477,5115693,0,0
4,88.910000000000,88.908365362029,217,2026-09-05T18:13:02Z,-44944.983136000003,217000,1781,4251993.142131052911,1178398.312029933091,5403721.191047137603,6011.746420640520,-324.715778259133,-4743.392642702020,15.725618387807,61.200485089008,687963.018061189563,-3445.305769191018,5027.882569417641,82,7168082,5004.882812500000,-22.999756917641,4251993,1178398,5403721,6011746,-324716,-4743393,687963,-3445306,5027883,0,0
4,88.910000000000,88.908365362029,218,2026-09-05T18:13:03Z,-44943.983136000003,218000,1782,4258002.447069054469,1178072.463443847839,5398974.648983499967,6006.739398085301,-326.965517342842,-4749.734020807409,15.775666153645,61.772900117391,684548.212028174079,-3384.216733513174,4938.732717925858,81,7168081,4943.847656250000,5.114938324142,4258002,1178072,5398975,6006739,-326966,-4749734,684548,-3384217,4938733,0,0
4,88.910000000000,88.908365362029,219,2026-09-05T18:13:04Z,-44942.983136000003,219000,1783,4264006.741415712051,1177744.365615588846,5394221.768143860623,6001.724871960505,-329.214191875963,-4756.070043232285,15.827982294661,62.350683212737,681194.955330525874,-3322.207871489982,4848.240524372588,79,7168079,4821.777343750000,-26.463180622588,4264007,1177744,5394222,6001725,-329214,-4756070,681195,-3322208,4848241,0,0
4,88.910000000000,88.908365362029,220,2026-09-05T18:13:05Z,-44941.983136000003,220000,1784,4270006.017670093104,1177414.019611586584,5389462.553887235932,5996.702848251516,-331.461799284625,-4762.400701971274,15.882735878793,62.933812688778,677904.168411112274,-3259.278095284397,4756.404401230547,78,7168078,4760.742187500000,4.337786269453,4270006,1177414,5389463,5996703,-331462,-4762401,677904,-3259278,4756404,0,0
4,88.910000000000,88.908365362029,221,2026-09-05T18:13:06Z,-44940.983136000003,221000,1785,4276000.268337418325,1177081.426500712754,5384697.011580545455,5991.673332420760,-333.708335065012,-4768.725989026279,15.940113179726,63.522262314397,674676.772389632766,-3195.427144719967,4663.223968813069,76,7168076,4638.671875000000,-24.552093813069,4276000,1177081,5384697,5991673,-333708,-4768726,674677,-3195427,4663224,0,0
4,88.910000000000,88.908365362029,222,2026-09-05T18:13:07Z,-44939.983136000003,222000,1786,4281989.485928452574,1176746.587355984375,5379925.146598725580,5986.636330340843,-335.953796168951,-4775.045896401025,16.000319921997,64.116001153767,671513.688216262730,-3130.655625129872,4568.700110508848,75,7168075,4577.636718750000,8.936608241152,4281989,1176747,5379925,5986636,-335954,-4775046,671514,-3130656,4568700,0,0
4,88.910000000000,88.908365362029,223,2026-09-05T18:13:08Z,-44938.983136000003,223000,1787,4287973.662959426641,1176409.503254435491,5375146.964324808680,5981.591847393247,-338.198177727008,-4781.360416106509,16.063583886449,64.714993407120,668415.835787813994,-3064.965043929436,4472.835026153754,73,7168073,4455.566406250000,-17.268619903754,4287974,1176410,5375147,5981592,-338198,-4781360,668416,-3064965,4472835,0,0
4,88.910000000000,88.908365362029,224,2026-09-05T18:13:09Z,-44937.983136000003,224000,1788,4293952.791952397674,1176070.175276877591,5370362.470149706118,5976.539889505148,-340.441476815386,-4787.669540160095,16.130157945770,65.319198252185,665384.133027042029,-2998.357847388967,4375.632285695036,72,7168072,4394.531250000000,18.898964304964,4293953,1176070,5370362,5976540,-340441,-4787670,665384,-2998358,4375632,0,0
4,88.910000000000,88.908365362029,225,2026-09-05T18:13:10Z,-44936.983136000003,225000,1789,4299926.865435173735,1175728.604507278185,5365571.669472393580,5971.480462284489,-342.683689297928,-4793.973260582788,16.200323615144,65.928569686184,662419.494926241110,-2930.837455741110,4277.096880424976,70,7168070,4272.460937500000,-4.635942924976,4299927,1175729,5365572,5971480,-342684,-4793973,662419,-2930837,4277097,0,0
4,88.910000000000,88.908365362029,226,2026-09-05T18:13:11Z,-44935.983136000003,226000,1790,4305895.875941166654,1175384.792034482816,5360774.567699676380,5966.413571543853,-344.924811770852,-4800.271569404686,16.274395223536,66.543056368175,659522.832555874134,-2862.408297861312,4177.235273591587,68,7168068,4150.390625000000,-26.844648591587,4305896,1175385,5360775,5966414,-344925,-4800272,659523,-2862408,4177235,0,0
4,88.910000000000,88.908365362029,227,2026-09-05T18:13:12Z,-44934.983136000003,227000,1791,4311859.816009597853,1175038.738950243453,5355971.170246424153,5961.339222943934,-347.164840222604,-4806.564458657704,16.352724834409,67.162601461344,656695.052039213129,-2793.075844292493,4076.055448592925,67,7168067,4089.355468750000,13.300020157075,4311860,1175039,5355971,5961339,-347165,-4806564,656695,-2793076,4076055,0,0
4,88.910000000000,88.908365362029,228,2026-09-05T18:13:13Z,-44933.983136000003,228000,1792,4317818.678185142577,1174690.446350451792,5351161.482535618357,5956.257422187264,-349.403770763047,-4812.851920383764,16.435708079469,67.787142474436,653937.053494773456,-2722.846639052923,3973.566955395701,65,7168065,3967.285156250000,-6.281799145701,4317819,1174690,5351161,5956257,-349404,-4812852,653937,-2722847,3973567,0,0
4,88.910000000000,88.908365362029,229,2026-09-05T18:13:14Z,-44932.983136000003,229000,1793,4323772.455018782057,1174339.915334148798,5346345.509997881949,5951.168174990926,-351.641599504092,-4819.133946623879,16.523791107788,68.416611101367,651249.729947330663,-2651.728329607511,3869.780954273659,63,7168063,3845.214843750000,-24.566110523659,4323772,1174340,5346346,5951168,-351642,-4819134,651250,-2651728,3869781,0,0
4,88.910000000000,88.908365362029,230,2026-09-05T18:13:15Z,-44931.983136000003,230000,1794,4329721.139066580683,1173987.147005366161,5341523.258072054014,5946.071487243898,-353.878323174513,-4825.410529430883,16.617478908395,69.050933057085,648633.966210762039,-2579.729695029522,3764.710256905181,62,7168062,3784.179687500000,19.469430594819,4329721,1173987,5341523,5946071,-353878,-4825411,648634,-2579730,3764710,0,0
4,88.910000000000,88.908365362029,231,2026-09-05T18:13:16Z,-44930.983136000003,231000,1795,4335664.722890739329,1173632.142470673891,5336694.732204889879,5940.967364719654,-356.113938014460,-4831.681660861250,16.717345331638,69.690027907821,646090.637742946972,-2506.860671761497,3658.369363967304,60,7168060,3662.109375000000,3.740011032696,4335665,1173632,5336695,5940967,-356114,-4831682,646091,-2506861,3658369,0,0
4,88.910000000000,88.908365362029,232,2026-09-05T18:13:17Z,-44929.983136000003,232000,1796,4341603.199059320614,1173274.902841131901,5331859.937850838527,5935.855813030685,-358.348439646534,-4837.947332976000,16.824045230198,70.333808892215,643620.609476463287,-2433.132377106906,3550.774499418098,58,7168058,3540.039062500000,-10.735436918098,4341603,1173275,5331860,5935856,-358348,-4837947,643621,-2433132,3550774,0,0
4,88.910000000000,88.908365362029,233,2026-09-05T18:13:18Z,-44928.983136000003,233000,1797,4347536.560146000236,1172915.429230947979,5327018.880472560413,5930.736838066878,-360.581824685369,-4844.207537843431,16.938329258989,70.982182729095,641224.734627144760,-2358.557130241060,3441.943641158791,56,7168056,3417.968750000000,-23.974891158791,4347537,1172915,5327019,5930737,-360582,-4844208,641225,-2358557,3441944,0,0
4,88.910000000000,88.908365362029,234,2026-09-05T18:13:19Z,-44927.983136000003,234000,1798,4353464.798730227165,1172553.722758825170,5322171.565540512092,5925.610445729944,-362.814089745143,-4850.462267539115,17.061062040217,71.635049406053,638903.853482995997,-2283.148470071711,3331.896547098504,55,7168055,3356.933593750000,25.037046651496,4353465,1172554,5322172,5925610,-362814,-4850462,638904,-2283148,3331897,0,0
4,88.910000000000,88.908365362029,235,2026-09-05T18:13:20Z,-44926.983136000003,235000,1799,4359387.907397222705,1172189.784546727082,5317317.998533199541,5920.476641634195,-365.045230329770,-4856.711514139533,17.193244618541,72.292301940672,636658.792176748975,-2206.921169995162,3220.654776688490,53,7168053,3234.863281250000,14.208504561510,4359388,1172190,5317318,5920477,-365045,-4856712,636659,-2206921,3220655,0,0
4,88.910000000000,88.908365362029,236,2026-09-05T18:13:21Z,-44925.983136000003,236000,1800,4365305.878738144413,1171823.615720618749,5312458.184936884791,5915.335431731364,-367.275243182576,-4862.955269730264,17.336042436921,72.953826103502,634490.361445151037,-2129.891249642006,3108.241708063175,51,7168051,3112.792968750000,4.551260686825,4365306,1171824,5312458,5915335,-367275,-4862955,634490,-2129891,3108242,0,0
4,88.910000000000,88.908365362029,237,2026-09-05T18:13:22Z,-44924.983136000003,237000,1801,4371218.705349979922,1171455.217409715755,5307592.130245856941,5910.186821795833,-369.504124305422,-4869.193526404160,17.490820480640,73.619500087672,632399.355378616368,-2052.075982666152,2994.682549407035,49,7168049,2990.722656250000,-3.959893157035,4371219,1171455,5307592,5910187,-369504,-4869194,632399,-2052076,2994683,0,0
4,88.910000000000,88.908365362029,238,2026-09-05T18:13:23Z,-44923.983136000003,238000,1802,4377126.379835606553,1171084.590747609967,5302719.839962133206,5905.030817802071,-371.731870447093,-4875.426276256803,17.659187825778,74.289194104553,630386.550164666725,-1973.493901097524,2880.004345306668,47,7168047,2868.652343750000,-11.352001556668,4377126,1171085,5302720,5905031,-371732,-4875426,630387,-1973494,2880004,0,0
4,88.910000000000,88.908365362029,239,2026-09-05T18:13:24Z,-44922.983136000003,239000,1803,4383028.894803367555,1170711.736871510278,5297841.319595954381,5899.867425374396,-373.958476989856,-4881.653511390141,17.843054658471,74.962769876686,628452.702829258866,-1894.164795451582,2764.235976910623,45,7168045,2746.582031250000,-17.653945660623,4383029,1170712,5297841,5899867,-373958,-4881654,628453,-1894165,2764236,0,0
4,88.910000000000,88.908365362029,240,2026-09-05T18:13:25Z,-44921.983136000003,240000,1804,4388926.242867861874,1170336.656922252616,5292956.574665178545,5894.696650671904,-376.183941310956,-4887.875223912488,18.044706030526,75.640079987979,626598.549979539239,-1814.109711152407,2647.408156709459,43,7168043,2624.511718750000,-22.896437959459,4388926,1170337,5292957,5894697,-376184,-4887875,626599,-1814110,2647408,0,0
4,88.910000000000,88.908365362029,241,2026-09-05T18:13:26Z,-44920.983136000003,241000,1805,4394818.416649660096,1169959.352044031955,5288065.610695530660,5889.518499216138,-378.408258295849,-4894.091405940344,18.266898364319,76.320967033857,624824.806552851689,-1733.350940064782,2529.553416178142,41,7168041,2502.441406250000,-27.112009928142,4394818,1169959,5288066,5889518,-378408,-4894091,624825,-1733351,2529553,0,0
4,88.910000000000,88.908365362029,242,2026-09-05T18:13:27Z,-44919.983136000003,242000,1806,4400705.408774536103,1169579.823385799769,5283168.433220970444,5884.332977221675,-380.631425450247,-4900.302049588390,18.512987317941,77.005262489401,623132.164576224983,-1651.912008373160,2410.706088087305,39,7168039,2380.371093750000,-30.334994337305,4400705,1169580,5283168,5884333,-380631,-4900302,623132,-1651912,2410706,0,0
4,88.910000000000,88.908365362029,243,2026-09-05T18:13:28Z,-44918.983136000003,243000,1807,4406587.211874861270,1169198.072098986246,5278265.047783022746,5879.140090389228,-382.853438287611,-4906.507146988588,18.787099545782,77.692785175870,621521.291939988034,-1569.817659184704,2290.902281115117,38,7168038,2319.335937500000,28.433656384883,4406587,1169198,5278265,5879140,-382853,-4906507,621521,-1569818,2290902,0,0
4,88.910000000000,88.908365362029,244,2026-09-05T18:13:29Z,-44917.983136000003,244000,1808,4412463.818588919938,1168814.099339381093,5273355.459930917248,5873.939844756933,-385.074293571279,-4912.706690270170,19.094366951696,78.383339146781,619992.831191332429,-1487.093831105870,2170.179848583176,36,7168036,2197.265625000000,27.085776416824,4412464,1168814,5273355,5873940,-385074,-4912707,619993,-1487094,2170180,0,0
4,88.910000000000,88.908365362029,245,2026-09-05T18:13:30Z,-44916.983136000003,245000,1809,4418335.221560236998,1168427.906267019920,5268439.675222211517,5868.732246117361,-387.293987063231,-4918.900671570555,19.441251575914,79.076710723057,618547.398351846030,-1403.767631782540,2048.578349842481,34,7168034,2075.195312500000,26.616962657519,4418335,1168428,5268440,5868732,-387294,-4918901,618547,-1403768,2048578,0,0
4,88.910000000000,88.908365362029,246,2026-09-05T18:13:31Z,-44915.983136000003,246000,1810,4424201.413438732736,1168039.494045044295,5263517.699222080410,5863.517300595959,-389.512515784872,-4925.089083030798,19.836004680783,79.772664257275,617185.581763236551,-1319.867307017363,1926.139005205049,32,7168032,1953.125000000000,26.985994794951,4424201,1168039,5263518,5863517,-389513,-4925089,617186,-1319867,1926139,0,0
4,88.910000000000,88.908365362029,247,2026-09-05T18:13:32Z,-44914.983136000003,247000,1811,4430062.386880271137,1167648.863840201637,5258589.537503542379,5858.295013837051,-391.729874873590,-4931.271916804690,20.289329180862,80.470935957601,615907.940966800903,-1235.422204871250,1802.904643555682,30,7168030,1831.054687500000,28.150043944318,4430062,1167649,5258590,5858295,-391730,-4931272,615908,-1235422,1802905,0,0
4,88.910000000000,88.908365362029,248,2026-09-05T18:13:33Z,-44913.983136000003,248000,1812,4435918.134546629153,1167256.016823215876,5253655.195647443645,5853.065392024291,-393.946061479710,-4937.449165046928,20.815358277644,81.171224675750,614715.005620898912,-1150.462735510529,1678.919643755203,28,7168028,1708.984375000000,30.064731244797,4435918,1167256,5253655,5853065,-393946,-4937449,614715,-1150463,1678920,0,0
4,88.910000000000,88.908365362029,249,2026-09-05T18:13:34Z,-44912.983136000003,249000,1813,4441768.649105413817,1166860.954168796306,5248714.679242536426,5847.828441086676,-396.161071750385,-4943.620819916760,21.433140418888,81.873177804708,613607.274461090798,-1065.020326057069,1554.229868751294,25,7168025,1525.878906250000,-28.350962501294,4441769,1166861,5248715,5847828,-396161,-4943621,613607,-1065020,1554230,0,0
4,88.910000000000,88.908365362029,250,2026-09-05T18:13:35Z,-44911.983136000003,250000,1814,4447613.923230276443,1166463.677055001725,5243767.993885392323,5842.584166901361,-398.374901581747,-4949.786873584344,22.168962511474,82.576369031316,612585.214307404356,-979.127371163295,1428.882593450504,23,7168023,1403.808593750000,-25.073999700504,4447614,1166464,5243768,5842584,-398375,-4949787,612585,-979127,1428883,0,0
4,88.910000000000,88.908365362029,251,2026-09-05T18:13:36Z,-44910.983136000003,251000,1815,4453453.949600825086,1166064.186663737288,5238815.145180437714,5837.332575513756,-400.587547502255,-4955.947318219842,23.060115056763,83.280261982258,611649.259123436525,-892.817179213000,1302.926426206784,21,7168021,1281.738281250000,-21.188144956784,4453454,1166064,5238815,5837333,-400588,-4955947,611649,-892817,1302926,0,0
4,88.910000000000,88.908365362029,252,2026-09-05T18:13:37Z,-44909.983136000003,252000,1816,4459288.720902761444,1165662.484180508414,5233856.138739831746,5832.073672955630,-402.799005916449,-4962.102146002508,24.161249868189,83.984148295340,610799.809131260146,-806.123914239707,1176.411224060453,19,7168019,1159.667968750000,-16.743255310453,4459289,1165662,5233856,5832074,-402799,-4962102,610800,-806124,1176411,0,0
4,88.910000000000,88.908365362029,253,2026-09-05T18:13:38Z,-44908.983136000003,253000,1817,4465118.229827439412,1165258.570795043604,5228890.980183743872,5826.807465264210,-405.009273232281,-4968.251349119782,25.555646215953,84.687036744743,610037.229986550985,-719.082533912399,1049.388002238117,17,7168017,1037.597656250000,-11.790345988117,4465118,1165259,5228891,5826807,-405009,-4968251,610037,-719083,1049388,0,0
4,88.910000000000,88.908365362029,254,2026-09-05T18:13:39Z,-44907.983136000003,254000,1818,4470942.469072778709,1164852.447700158227,5223919.675139823928,5821.533958321197,-407.218345224919,-4974.394919762744,27.376350482352,85.387442424440,609361.852017430938,-631.728723695650,921.908838069726,15,7168015,915.527343750000,-6.381494319726,4470942,1164852,5223920,5821534,-407218,-4974395,609362,-631729,921909,0,0
4,88.910000000000,88.908365362029,255,2026-09-05T18:13:40Z,-44906.983136000003,255000,1819,4476761.431342226453,1164444.116092513548,5218942.229243902490,5816.253158159270,-409.426218176577,-4980.532850127929,29.848644034941,86.082955228343,608773.969531126437,-544.098827612125,794.026769947311,13,7168013,793.457031250000,-0.569738697311,4476761,1164444,5218942,5816253,-409426,-4980533,608774,-544099,794027,0,0
4,88.910000000000,88.908365362029,256,2026-09-05T18:13:41Z,-44905.983136000003,256000,1820,4482575.109345506877,1164033.577172734542,5213958.648139358498,5810.965070972088,-411.632889011116,-4986.665132418238,33.382552562361,86.769272037598,608273.840191374999,-456.229775742677,665.795691522771,11,7168011,671.386718750000,5.591027227229,4482575,1164034,5213959,5810965,-411633,-4986665,608274,-456230,665796,0,0
4,88.910000000000,88.908365362029,257,2026-09-05T18:13:42Z,-44904.983136000003,257000,1821,4488383.495798378251,1163620.832144779619,5208968.937477441505,5805.669702680461,-413.838353507344,-4992.791758845669,38.793717003704,87.437765241120,607861.684469861211,-368.159008778259,537.270241603237,9,7168009,549.316406250000,12.046164646763,4488383,1163621,5208969,5805670,-413838,-4992792,607862,-368159,537270,0,0
4,88.910000000000,88.908365362029,258,2026-09-05T18:13:43Z,-44903.983136000003,258000,1822,4494186.583422469907,1163205.882217210252,5203973.102917159908,5800.367059374366,-416.042608081398,-4998.912721621309,47.874974940011,88.068492483320,607537.685174372164,-279.924400171586,408.505690543652,7,7168007,427.246093750000,18.740403206348,4494187,1163206,5203973,5800367,-416043,-4998913,607538,-279924,408506,0,0
4,88.910000000000,88.908365362029,259,2026-09-05T18:13:44Z,-44902.983136000003,259000,1823,4499984.364945596084,1162788.728601025185,5198971.150125461631,5795.057147160151,-418.245649153505,-5005.028012968978,64.769133516984,88.607649525342,607301.987055859296,-191.564176038286,279.557823355083,5,7168005,305.175781250000,25.617957894917,4499984,1162789,5198971,5795057,-418246,-5005028,607302,-191564,279558,0,0
4,88.910000000000,88.908365362029,260,2026-09-05T18:13:45Z,-44901.983136000003,260000,1824,4505776.833101650700,1162369.372512069764,5193963.084776815027,5789.739972009556,-420.447472635942,-5011.137625116135,95.726542115348,88.908365362029,607154.696496639517,-103.116833300863,150.482820248692,2,7168002,122.070312500000,-28.412507748692,4505777,1162369,5193963,5789740,-420447,-5011138,607155,-103117,150483,0,0
4,88.910000000000,88.908365362029,261,2026-09-05T18:13:46Z,-44900.983136000003,261000,1825,4511563.980630739592,1161947.815169006586,5188948.912553541362,5784.415540120790,-422.648075206553,-5017.241550295694,131.645217424569,88.778728616989,607095.881281066337,-14.621056477136,21.337135201537,0,7168000,0.000000000000,-21.337135201537,4511564,1161948,5188949,5784416,-422648,-5017242,607096,-14621,21337,0,0
4,88.910000000000,88.908365362029,262,2026-09-05T18:13:47Z,-44899.983136000003,262000,1826,4517345.800278707407,1161524.057794841472,5183928.639145905152,5779.083857559272,-424.847453035909,-5023.339780749666,153.988961857361,88.315158762186,607125.570450002560,73.884366488188,-107.822626874030,-2,7167998,-122.070312500000,-14.247685625970,4517346,1161524,5183929,5779084,-424847,-5023340,607126,73884,-107823,0,0
4,88.910000000000,88.908365362029,263,2026-09-05T18:13:48Z,-44898.983136000003,263000,1827,4523122.284797908738,1161098.101615380030,5178902.270251754671,5773.744930369503,-427.045602167937,-5029.432308720061,165.700301483769,87.712513665124,607243.754239675356,162.360628933371,-236.939833751088,-4,7167996,-244.140625000000,-7.200791248912,4523122,1161098,5178902,5773745,-427046,-5029432,607244,162361,-236940,0,0
4,88.910000000000,88.908365362029,264,2026-09-05T18:13:49Z,-44897.983136000003,264000,1828,4528893.426946318708,1160669.947861922905,5173869.811576735228,5768.398764938865,-429.242519932586,-5035.519126462532,172.369240251143,87.055272987350,607450.384105420904,250.768990235188,-365.957949575551,-6,7167994,-366.210937500000,-0.252987924449,4528893,1160670,5173870,5768399,-429243,-5035519,607450,250769,-365958,0,0
4,88.910000000000,88.908365362029,265,2026-09-05T18:13:50Z,-44896.983136000003,265000,1829,4534659.219488668256,1160239.597767414525,5168831.268834117800,5763.045366967162,-431.438200962020,-5041.600226235460,176.569327301253,86.373403623248,607745.372829957749,339.070860306983,-494.820658177815,-8,7167992,-488.281250000000,6.539408177815,4534659,1160240,5168831,5763045,-431438,-5041600,607745,339071,-494821,0,0
4,88.910000000000,88.908365362029,266,2026-09-05T18:13:51Z,-44895.983136000003,266000,1830,4540419.655195306055,1159807.052569781430,5163786.647745113820,5757.684743000937,-433.632643106876,-5047.675600300863,179.429537980516,85.679023827182,608128.594715886866,427.227883231572,-623.471985121830,-10,7167990,-610.351562500000,13.120422621830,4540420,1159807,5163787,5757685,-433633,-5047676,608129,427228,-623472,0,0
4,88.910000000000,88.908365362029,267,2026-09-05T18:13:52Z,-44894.983136000003,267000,1831,4546174.726843120530,1159372.313509733416,5158735.954038484953,5752.316898891877,-435.825841517499,-5053.745240928038,181.493761282421,84.977842209075,608599.885861202725,515.202019778077,-751.856418125464,-12,7167988,-732.421875000000,19.434543125464,4546175,1159372,5158736,5752317,-435826,-5053745,608600,515202,-751856,0,0
4,88.910000000000,88.908365362029,268,2026-09-05T18:13:53Z,-44893.983136000003,268000,1832,4551924.427214539610,1158935.381832974963,5153679.193451012485,5746.941841100124,-438.017793662766,-5059.809140397192,183.050270242649,84.272912523266,609159.044516596943,602.955628273684,-879.919025080133,-14,7167986,-854.492187500000,25.426837580133,4551924,1158935,5153679,5746942,-438018,-5059809,609159,602956,-879919,0,0
4,88.910000000000,88.908365362029,269,2026-09-05T18:13:54Z,-44892.983136000003,269000,1833,4557668.749098915607,1158496.258787464350,5148616.371726819314,5741.559575445535,-440.208494435183,-5065.867290990354,184.264447450286,83.566047242372,609805.831522680935,690.451543516970,-1007.605569212400,-17,7167983,-1037.597656250000,-29.992087037600,4557669,1158496,5148616,5741560,-440208,-5065867,609806,690452,-1007606,0,0
4,88.910000000000,88.908365362029,270,2026-09-05T18:13:55Z,-44891.983136000003,270000,1834,4563407.685291273519,1158054.945626017638,5143547.494617935270,5736.170108435545,-442.397941442096,-5071.919684995919,185.237419935202,82.858419696958,610539.970824892865,777.653153276206,-1134.862620721233,-19,7167981,-1159.667968750000,-24.805348028767,4563408,1158055,5143547,5736170,-442398,-5071920,610540,777653,-1134863,0,0
4,88.910000000000,88.908365362029,271,2026-09-05T18:13:56Z,-44890.983136000003,271000,1835,4569141.228593096137,1157611.443603966851,5138472.567884127609,5730.773446071908,-444.586130224479,-5077.966314709556,186.034297328604,82.150847642058,611361.150063637178,864.524472071130,-1261.637664450916,-21,7167979,-1281.738281250000,-20.100616799084,4569141,1157611,5138473,5730773,-444586,-5077966,611361,864524,-1261638,0,0
4,88.910000000000,88.908365362029,272,2026-09-05T18:13:57Z,-44889.983136000003,272000,1836,4574869.371811762452,1157165.753981753485,5133391.597292796709,5725.369594791118,-446.773058008148,-5084.007172433303,186.698809344466,81.443938019806,612269.021236650995,951.030211903248,-1387.879203110809,-23,7167977,-1403.808593750000,-15.929390639191,4574869,1157166,5133392,5725370,-446773,-5084007,612269,951030,-1387879,0,0
4,88.910000000000,88.908365362029,273,2026-09-05T18:13:58Z,-44888.983136000003,273000,1837,4580592.107761193067,1156717.878022205783,5128304.588619056158,5719.958560384839,-448.958719424127,-5090.042250473743,187.261375970525,80.738165861045,613263.201430495596,1037.135849549387,-1513.536855479722,-25,7167975,-1525.878906250000,-12.342050770278,4580592,1156718,5128305,5719959,-448959,-5090042,613263,1037136,-1513537,0,0
4,88.910000000000,88.908365362029,274,2026-09-05T18:13:59Z,-44887.983136000003,274000,1838,4586309.429261296056,1156267.816992473556,5123211.547645753250,5714.540349471463,-451.143112356704,-5096.071541145648,187.743793635549,80.033919664872,614343.273617470288,1122.807690324296,-1638.561449457409,-27,7167973,-1647.949218750000,-9.387769292591,4586309,1156268,5123212,5714540,-451143,-5096072,614343,1122808,-1638561,0,0
4,88.910000000000,88.908365362029,275,2026-09-05T18:14:00Z,-44886.983136000003,275000,1839,4592021.329138316214,1155815.572163384641,5118112.480163326487,5709.114968160975,-453.326232609697,-5102.095036771061,188.162078588382,79.331528690162,615508.787514400668,1208.012927799287,-1762.905109214550,-29,7167971,-1770.019531250000,-7.114422035450,4592021,1155816,5118112,5709115,-453326,-5102095,615509,1208013,-1762905,0,0
4,88.910000000000,88.908365362029,276,2026-09-05T18:14:01Z,-44885.983136000003,276000,1840,4597727.800224833190,1155361.144808920333,5113007.391969932243,5703.682422766178,-455.508076771821,-5108.112729672939,188.528258239125,78.631279995721,616759.260499111959,1292.719699517983,-1886.521336501125,-31,7167969,-1892.089843750000,-5.568507248875,4597728,1155361,5113007,5703682,-455508,-5108113,616759,1292720,-1886521,0,0
4,88.910000000000,88.908365362029,277,2026-09-05T18:14:02Z,-44884.983136000003,277000,1841,4603428.835359276272,1154904.536207519704,5107896.288871557452,5698.242719353402,-457.688640387914,-5114.124612187879,188.851536956305,77.933429422824,618094.178580353502,1376.897138324350,-2009.365085551629,-33,7167967,-2014.160156250000,-4.795070698371,4603429,1154905,5107896,5698243,-457689,-5114125,618094,1376897,-2009365,0,0
4,88.910000000000,88.908365362029,278,2026-09-05T18:14:03Z,-44883.983136000003,278000,1842,4609124.427386951633,1154445.747640761081,5102779.176681451499,5692.795864484651,-459.867920965735,-5120.130676654298,189.139076536648,77.238208867862,619512.997417219914,1460.515419390629,-2131.392831714933,-35,7167965,-2136.230468750000,-4.837637035067,4609124,1154446,5102779,5692796,-459868,-5120131,619513,1460515,-2131393,0,0
4,88.910000000000,88.908365362029,279,2026-09-05T18:14:04Z,-44882.983136000003,279000,1843,4614814.569158925675,1153984.780394027708,5097656.061220926233,5687.341864109840,-462.045913530346,-5126.130915417889,189.396531855919,76.545831212350,621015.143382714363,1543.545802448356,-2252.562633083837,-37,7167963,-2258.300781250000,-5.738148166163,4614815,1153985,5097656,5687342,-462046,-5126131,621015,1543546,-2252563,0,0
4,88.910000000000,88.908365362029,280,2026-09-05T18:14:05Z,-44881.983136000003,280000,1844,4620499.253532727249,1153521.635756498668,5092526.948318770155,5681.880724753682,-464.222615333483,-5132.125320828891,189.628426672060,75.856493733346,622600.014667851501,1625.960669686375,-2372.834185801262,-39,7167961,-2380.371093750000,-7.536907948738,4620499,1153522,5092527,5681881,-464223,-5132125,622600,1625961,-2372834,0,0
4,88.910000000000,88.908365362029,281,2026-09-05T18:14:06Z,-44880.983136000003,281000,1845,4626178.473372168839,1153056.315020492300,5087391.843811523169,5676.412452652585,-466.398022451131,-5138.113885250277,189.838422498901,75.170380505865,624266.982420871733,1707.733558678191,-2492.168872112548,-41,7167959,-2502.441406250000,-10.272534137452,4626178,1153056,5087392,5676412,-466398,-5138114,624267,1707734,-2492169,0,0
4,88.910000000000,88.908365362029,282,2026-09-05T18:14:07Z,-44879.983136000003,282000,1846,4631852.221547557972,1152588.819482508814,5082250.753543100320,5670.937054146634,-468.572131354676,-5144.096601039564,190.029514382894,74.487664123102,626015.391917379573,1788.839190798529,-2610.529801834962,-43,7167957,-2624.511718750000,-13.981916915038,4631852,1152589,5082251,5670937,-468572,-5144097,626015,1788839,-2610530,0,0
4,88.910000000000,88.908365362029,283,2026-09-05T18:14:08Z,-44878.983136000003,283000,1847,4637520.490935097449,1152119.150442974875,5077103.683365343139,5665.454535463141,-470.744937990730,-5150.073460573367,190.204175729967,73.808506947510,627844.563756126794,1869.253494844208,-2727.881846828652,-45,7167955,-2746.582031250000,-18.700184421348,4637520,1152119,5077104,5665455,-470745,-5150073,627845,1869253,-2727882,0,0
4,88.910000000000,88.908365362029,284,2026-09-05T18:14:09Z,-44877.983136000003,284000,1848,4643183.274417555891,1151647.309205320198,5071950.639137664810,5659.964903033142,-472.916439097844,-5156.044456227391,190.364466988414,73.133062034462,629753.795076566865,1948.953626136357,-2844.191668873325,-47,7167953,-2868.652343750000,-24.460674876675,4643183,1151647,5071951,5659965,-472916,-5156044,629754,1948954,-2844192,0,0
4,88.910000000000,88.908365362029,285,2026-09-05T18:14:10Z,-44876.983136000003,285000,1849,4648840.564884105697,1151173.297077013180,5066791.626726937480,5654.468163133060,-475.086630759506,-5162.009580386439,190.512118277864,72.461473825174,631742.360792943509,2027.917980926740,-2959.427740692025,-48,7167952,-2929.687500000000,29.740240692025,4648841,1151173,5066792,5654468,-475087,-5162010,631742,2027918,-2959428,0,0
4,88.910000000000,88.908365362029,286,2026-09-05T18:14:11Z,-44875.983136000003,286000,1850,4654492.355230309069,1150697.115368787432,5061626.652007701807,5648.964322249412,-477.255509852284,-5167.968825442586,190.648592963948,71.793878675543,633809.514840611024,2106.126206486409,-3073.560360673929,-50,7167950,-3051.757812500000,21.802548173929,4654492,1150697,5061627,5648964,-477256,-5167969,633810,2106126,-3073560,0,0
4,88.910000000000,88.908365362029,287,2026-09-05T18:14:12Z,-44874.983136000003,287000,1851,4660138.638357801363,1150218.765395423863,5056455.720862274058,5643.453386552210,-479.423071933525,-5173.922183786999,190.775137109108,71.130405267652,635954.491430118331,2183.559206679121,-3186.561661007882,-52,7167948,-3173.828125000000,12.733536007882,4660139,1150219,5056456,5643453,-479423,-5173922,635954,2183559,-3186562,0,0
4,88.910000000000,88.908365362029,288,2026-09-05T18:14:13Z,-44873.983136000003,288000,1852,4665779.407174812630,1149738.248475214466,5051278.839180381969,5637.935362540702,-481.589313884569,-5179.869647828127,190.892818326775,70.471174937117,638176.506305132993,2260.199143585817,-3298.405610053055,-54,7167946,-3295.898437500000,2.507172553055,4665779,1149738,5051279,5637935,-481589,-5179870,638177,2260199,-3298406,0,0
4,88.910000000000,88.908365362029,289,2026-09-05T18:14:14Z,-44872.983136000003,289000,1853,4671414.654596010223,1149255.565929831471,5046096.012859354727,5632.410256537696,-483.754231797093,-5185.811209974418,191.002556593998,69.816301940295,640474.757999619818,2336.029434892539,-3409.068008527038,-56,7167944,-3417.968750000000,-8.900741472962,4671415,1149256,5046096,5632410,-483754,-5185811,640475,2336029,-3409068,0,0
4,88.910000000000,88.908365362029,290,2026-09-05T18:14:15Z,-44871.983136000003,290000,1854,4677044.373542049900,1148770.719085530611,5040907.247804285027,5626.878075104287,-485.917822689089,-5191.746862639775,191.105148897644,69.165893678619,642848.429090483347,2411.034747615197,-3518.526480348111,-58,7167942,-3540.039062500000,-21.512582151889,4677044,1148771,5040907,5626878,-485918,-5191747,642848,2411035,-3518526,0,0
4,88.910000000000,88.908365362029,291,2026-09-05T18:14:16Z,-44870.983136000003,291000,1855,4682668.556940387934,1148283.709271002561,5035712.549927718937,5621.338824347731,-488.080081727276,-5197.676598249018,191.201289107402,68.520050892583,645296.687442367431,2485.200987937160,-3626.760457804804,-59,7167941,-3601.074218750000,25.686239054804,4682669,1148284,5035713,5621339,-488080,-5197677,645297,2485201,-3626760,0,0
4,88.910000000000,88.908365362029,292,2026-09-05T18:14:17Z,-44869.983136000003,292000,1856,4688287.197724800557,1147794.537819379941,5030511.925149697810,5615.792510919164,-490.241006201586,-5203.600409232422,191.291584117951,67.878867834844,647818.687440428883,2558.515288048629,-3733.751162350039,-61,7167939,-3723.144531250000,10.606631100039,4688287,1147795,5030512,5615793,-490241,-5203600,647819,2558515,-3733751,0,0
4,88.910000000000,88.908365362029,293,2026-09-05T18:14:18Z,-44868.983136000003,293000,1857,4693900.288835522719,1147303.206066631246,5025305.379397953860,5610.239141143211,-492.400592077956,-5209.518288022991,191.376567053690,67.242432429155,650413.571208116249,2630.965989288545,-3839.481579999383,-63,7167937,-3845.214843750000,-5.733263750617,4693900,1147303,5025305,5610239,-492401,-5209518,650414,2630966,-3839482,0,0
4,88.910000000000,88.908365362029,294,2026-09-05T18:14:19Z,-44867.983136000003,294000,1858,4699507.823218931444,1146809.715353564126,5020092.918607790954,5604.678721589153,-494.558836254328,-5215.430227062825,191.456708139420,66.610826420151,653080.469806807465,2702.542622696526,-3943.936432949658,-65,7167935,-3967.285156250000,-23.348723300342,4699508,1146810,5020093,5604679,-494559,-5215430,653080,2702543,-3943936,0,0
4,88.910000000000,88.908365362029,295,2026-09-05T18:14:20Z,-44866.983136000003,295000,1859,4705109.793828202412,1146314.067023679847,5014874.548721950501,5599.111258507946,-496.715734299414,-5221.336218804936,191.532423705784,65.984125517610,655818.504414697411,2773.235886506230,-4047.102146734043,-66,7167934,-4028.320312500000,18.781834234043,4705110,1146314,5014875,5599111,-496716,-5221336,655819,2773236,-4047102,0,0
4,88.910000000000,88.908365362029,296,2026-09-05T18:14:21Z,-44865.983136000003,296000,1860,4710706.193622623570,1145816.262424520450,5009650.275690935552,5593.536758457958,-498.871282984283,-5227.236255699609,191.604083690804,65.362399537992,658626.787481583073,2843.037621468496,-4148.966814210073,-68,7167932,-4150.390625000000,-1.423810789927,4710706,1145816,5009650,5593537,-498871,-5227236,658627,2843038,-4148967,0,0
4,88.910000000000,88.908365362029,297,2026-09-05T18:14:22Z,-44864.983136000003,297000,1861,4716297.015568335541,1145316.302906842669,5004420.105472507887,5587.955227972998,-501.025478948804,-5233.130330210770,191.672017923464,64.745712544915,661504.423858240480,2911.940783628315,-4249.520155831898,-70,7167930,-4272.460937500000,-22.940781668102,4716297,1145316,5004420,5587955,-501025,-5233130,661504,2911941,-4249520,0,0
4,88.910000000000,88.908365362029,298,2026-09-05T18:14:23Z,-44863.983136000003,298000,1862,4721882.252637714148,1144814.189825569512,4999184.044032082893,5582.366673459546,-503.178318300343,-5239.018434809623,191.736521413133,64.134122990157,664450.511897051125,2979.939415114787,-4348.753477022825,-71,7167929,-4333.496093750000,15.257383272825,4721882,1144814,4999184,5582367,-503178,-5239018,664451,2979939,-4348753,0,0
4,88.910000000000,88.908365362029,299,2026-09-05T18:14:24Z,-44862.983136000003,299000,1863,4727461.897809600458,1144309.924538585590,4993942.097342761233,5576.771101315899,-505.329797013701,-5244.900561965551,191.797858824244,63.527683855834,667464.144522830611,3047.028613224931,-4446.659623057987,-73,7167927,-4455.566406250000,-8.906783192013,4727462,1144310,4993942,5576771,-505330,-5244901,667464,3047029,-4446660,0,0
4,88.910000000000,88.908365362029,300,2026-09-05T18:14:25Z,-44861.983136000003,300000,1864,4733035.944069371559,1143803.508408188121,4988694.271384930238,5571.168518271406,-507.479912408371,-5250.776704163400,191.856268278053,62.926442798370,670544.410271959030,3113.204497983223,-4543.232931722585,-74,7167926,-4516.601562500000,26.631369222585,4733036,1143804,4988694,5571169,-507480,-5250777,670544,3113204,-4543233,0,0
4,88.910000000000,88.908365362029,301,2026-09-05T18:14:26Z,-44860.983136000003,301000,1865,4738604.384408907034,1143294.942799634067,4983440.572146668099,5565.558930567931,-509.628659791360,-5256.646853892562,191.911964597566,62.330442294591,673690.394298081286,3178.464177971005,-4638.469183445283,-76,7167924,-4638.671875000000,-0.202691554717,4738604,1143295,4983441,5565559,-509629,-5256647,673690,3178464,-4638469,0,0
4,88.910000000000,88.908365362029,302,2026-09-05T18:14:27Z,-44859.983136000003,302000,1866,4744167.211826420389,1142784.229082469828,4978181.005623566918,5559.942344993942,-511.776036620859,-5262.511003646068,191.965142087517,61.739719789950,676901.179343366646,3242.805715670970,-4732.365550723925,-78,7167922,-4760.742187500000,-28.376636776075,4744167,1142784,4978181,5559942,-511776,-5262511,676901,3242806,-4732366,0,0
4,88.910000000000,88.908365362029,303,2026-09-05T18:14:28Z,-44858.983136000003,303000,1867,4749724.419327178039,1142271.368628901895,4972915.577818427235,5554.318767847690,-513.922038343935,-5268.369145925135,192.015976926224,61.154307848799,680175.846674642875,3306.228091140671,-4824.920545112725,-79,7167921,-4821.777343750000,3.143201362725,4749724,1142271,4972916,5554319,-513922,-5268369,680176,3306228,-4824921,0,0
4,88.910000000000,88.908365362029,304,2026-09-05T18:14:29Z,-44857.983136000003,304000,1868,4755275.999922404997,1141756.362815702800,4967644.294741876423,5548.688205833969,-516.066662020648,-5274.221273240073,192.064629230038,60.574234306745,683513.476982327062,3368.731165657590,-4916.133964167957,-81,7167919,-4943.847656250000,-27.713692082043,4755276,1141756,4967644,5548688,-516067,-5274221,683513,3368731,-4916134,0,0
4,88.910000000000,88.908365362029,305,2026-09-05T18:14:30Z,-44856.983136000003,305000,1869,4760821.946630098857,1141239.213022714714,4962367.162411934696,5543.050665341070,-518.209903367506,-5280.067378102103,192.111244842557,59.999522424505,686913.151243327069,3430.315644248514,-5006.006836765469,-82,7167918,-5004.882812500000,1.124024265469,4760822,1141239,4962367,5543051,-518210,-5280067,686913,3430316,-5006007,0,0
4,88.910000000000,88.908365362029,306,2026-09-05T18:14:31Z,-44855.983136000003,306000,1870,4766362.252474762499,1140719.920633659465,4957084.186854111031,5537.406153129268,-520.351759588721,-5285.907453036998,192.155956889621,59.430191043226,690373.951546039898,3490.983038381200,-5094.541368655028,-83,7167917,-5065.917968750000,28.623399905028,4766362,1140720,4957084,5537406,-520352,-5285907,690374,3490983,-5094541,0,0
4,88.910000000000,88.908365362029,307,2026-09-05T18:14:32Z,-44854.983136000003,307000,1871,4771896.910487529822,1140198.487035455182,4951795.374101390131,5531.754675601405,-522.492226403756,-5291.741490571439,192.198887135629,58.866254740791,693894.961877805996,3550.735627927357,-5181.740886951261,-85,7167915,-5187.988281250000,-6.247394298739,4771897,1140198,4951795,5531755,-522492,-5291741,693895,3550736,-5181741,0,0
4,88.910000000000,88.908365362029,308,2026-09-05T18:14:33Z,-44853.983136000003,308000,1872,4777425.913706289604,1139674.913618889404,4946500.730193994008,5526.096239475919,-524.631300751935,-5297.569483237567,192.240147169771,58.307723988764,697475.268874696572,3609.576423660224,-5267.609785404768,-86,7167914,-5249.023437500000,18.586347904768,4777426,1139675,4946501,5526096,-524631,-5297569,697475,3609576,-5267610,0,0
4,88.910000000000,88.908365362029,309,2026-09-05T18:14:34Z,-44852.983136000003,309000,1873,4782949.255175071768,1139149.201778633287,4941200.261179991066,5520.430851244782,-526.768978626478,-5303.391423582980,192.279839446803,57.754605309683,701113.962533033919,3667.509129352819,-5352.153469090467,-88,7167912,-5371.093750000000,-18.940280909533,4782949,1139149,4941200,5520431,-526769,-5303391,701114,3667509,-5352153,0,0
4,88.910000000000,88.908365362029,310,2026-09-05T18:14:35Z,-44851.983136000003,310000,1874,4788466.927944688126,1138621.352912680246,4935893.973114768974,5514.758517608243,-528.905256838470,-5309.207304149822,192.318058202762,57.206901434102,704810.136884134263,3724.538104569914,-5435.378300108328,-89,7167911,-5432.128906250000,3.249393858328,4788467,1138621,4935894,5514759,-528905,-5309207,704810,3724538,-5435378,0,0
4,88.910000000000,88.908365362029,311,2026-09-05T18:14:36Z,-44850.983136000003,311000,1875,4793978.925072847866,1138091.368422342231,4930581.872060950845,5509.079244957320,-531.040130839074,-5315.017117498428,192.354890262641,56.664611457192,708562.890631549642,3780.668327414623,-5517.291543217866,-90,7167910,-5493.164062500000,24.127480717866,4793979,1138091,4930582,5509079,-531040,-5315017,708563,3780668,-5517292,0,0
4,88.910000000000,88.908365362029,312,2026-09-05T18:14:37Z,-44849.983136000003,312000,1876,4799485.239623378962,1137559.249712944496,4925263.964088977315,5503.393040167794,-533.173598124449,-5320.820856186401,192.390415754591,56.127730994545,712371.327750924509,3835.905358322980,-5597.901313002022,-92,7167908,-5615.234375000000,-17.333061997978,4799485,1137559,4925264,5503393,-533174,-5320821,712371,3835905,-5597901,0,0
4,88.910000000000,88.908365362029,313,2026-09-05T18:14:38Z,-44848.983136000003,313000,1877,4804985.864667094313,1137024.998192989966,4919940.255276500247,5497.699909844414,-535.305654971353,-5326.618512784989,192.424708743304,55.596252336607,716234.558054653578,3890.255303810543,-5677.216520961019,-93,7167907,-5676.269531250000,0.946989711019,4804986,1137025,4919940,5497700,-535306,-5326619,716235,3890255,-5677217,0,0
4,88.910000000000,88.908365362029,314,2026-09-05T18:14:39Z,-44847.983136000003,314000,1878,4810480.793281345628,1136488.615275516873,4914610.751708444208,5491.999860438227,-537.436296968281,-5332.410079868168,192.457837792579,55.070164601658,720151.697720140102,3943.724781250622,-5755.246824111722,-94,7167906,-5737.304687500000,17.942136611722,4810481,1136489,4914611,5492000,-537436,-5332410,720152,3943725,-5755247,0,0
4,88.910000000000,88.908365362029,315,2026-09-05T18:14:40Z,-44846.983136000003,315000,1879,4815970.018550128676,1135950.102375800023,4909275.459477479570,5486.292898860484,-539.565521625946,-5338.195550019918,192.489866466890,54.549453886888,724121.869783350150,3996.320884659078,-5832.002575055929,-96,7167904,-5859.375000000000,-27.372424944071,4815970,1135950,4909275,5486293,-539566,-5338196,724122,3996321,-5832003,0,0
4,88.910000000000,88.908365362029,316,2026-09-05T18:14:41Z,-44845.983136000003,316000,1880,4821453.533563976176,1135409.460913924268,4903934.384683529846,5480.579031549496,-541.693324401422,-5343.974915827857,192.520853778447,54.034103417284,728144.204598422861,4048.051150615230,-5907.494772247283,-97,7167903,-5920.410156250000,-12.915384002717,4821454,1135409,4903934,5480579,-541693,-5343975,728144,4048051,-5907495,0,0
4,88.910000000000,88.908365362029,317,2026-09-05T18:14:42Z,-44844.983136000003,317000,1881,4826931.331420410424,1134866.692312453408,4898587.533433863893,5474.858265311923,-543.819702262454,-5349.748169888699,192.550854587747,53.524093692063,732217.840264180209,4098.923525893992,-5981.735012755462,-98,7167902,-5981.445312500000,0.289700255462,4826931,1134867,4898588,5474858,-543820,-5349748,732218,4098924,-5981735,0,0
4,88.910000000000,88.908365362029,318,2026-09-05T18:14:43Z,-44843.983136000003,318000,1882,4832403.405223058537,1134321.797998779686,4893234.911843432114,5469.130606766157,-545.944651355512,-5355.515304803703,192.579919962003,53.019402628495,736341.923017645953,4148.946335386741,-6054.735445451731,-99,7167901,-6042.480468750000,12.254976701731,4832403,1134322,4893235,5469131,-545945,-5355515,736342,4148946,-6054735,0,0
4,88.910000000000,88.908365362029,319,2026-09-05T18:14:44Z,-44842.983136000003,319000,1883,4837869.748082988895,1133774.779402211308,4887876.526034205221,5463.396062704305,-548.068168517148,-5361.276313185044,192.608097497711,52.520005702667,740515.607597581577,4198.128251473259,-6126.508726312091,-100,7167900,-6103.515625000000,22.993101312091,4837870,1133775,4887877,5463396,-548068,-5361276,740516,4198128,-6126509,0,0
4,88.910000000000,88.908365362029,320,2026-09-05T18:14:45Z,-44841.983136000003,320000,1884,4843330.353117411956,1133225.637957556639,4882512.382135644555,5457.654639736575,-550.190249760362,-5367.031187647626,192.635431610086,52.025876087319,744738.057576148538,4246.478264051621,-6197.067974680619,-102,7167898,-6225.585937500000,-28.517962819381,4843330,1133226,4882512,5457655,-550190,-5367031,744738,4246478,-6197068,0,0
4,88.910000000000,88.908365362029,321,2026-09-05T18:14:46Z,-44840.983136000003,321000,1885,4848785.213450338691,1132674.375101699727,4877142.486284880899,5451.906344640520,-552.310891790512,-5372.779920815447,192.661963794834,51.536984786290,749008.445662342245,4294.005651980920,-6266.426731594603,-103,7167897,-6286.621093750000,-20.194362155397,4848785,1132674,4877142,5451906,-552311,-5372780,749008,4294006,-6266427,0,0
4,88.910000000000,88.908365362029,322,2026-09-05T18:14:47Z,-44839.983136000003,322000,1886,4854234.322212652303,1132120.992275763536,4871766.844626057893,5446.151184049995,-554.430090623100,-5378.522505317051,192.687732863857,51.053300765528,753325.953977138386,4340.719955282824,-6334.598919217092,-104,7167896,-6347.656250000000,-13.057330782908,4854234,1132121,4871767,5446151,-554430,-5378523,753326,4340720,-6334599,0,0
4,88.910000000000,88.908365362029,323,2026-09-05T18:14:48Z,-44838.983136000003,323000,1887,4859677.672541890293,1131565.490924175363,4866385.463310870342,5440.389164792578,-556.547843107410,-5384.258933790989,192.712775158843,50.574791080612,757689.774301134516,4386.630948739944,-6401.598802307846,-105,7167895,-6408.691406250000,-7.092603942154,4859678,1131565,4866385,5440389,-556548,-5384259,757690,4386631,-6401599,0,0
4,88.910000000000,88.908365362029,324,2026-09-05T18:14:49Z,-44837.983136000003,324000,1888,4865115.257582136430,1131007.872495477553,4860998.348498404026,5434.620293618536,-558.664145677312,-5389.989198880357,192.737124744580,50.101421000575,762099.108296338120,4431.748616308383,-6467.440950882486,-106,7167894,-6469.726562500000,-2.285611617514,4865115,1131008,4860998,5434620,-558664,-5389989,762099,4431749,-6467441,0,0
4,88.910000000000,88.908365362029,325,2026-09-05T18:14:50Z,-44836.983136000003,325000,1889,4870547.070484544151,1130448.138440942159,4855605.506354985759,5428.844577186283,-560.778994358316,-5395.713293237350,192.760813584648,49.633154127945,766553.167703442276,4476.083126744491,-6532.140204643556,-107,7167893,-6530.761718750000,1.378485893556,4870547,1130448,4855606,5428845,-560779,-5395713,766553,4476083,-6532140,0,0
4,88.910000000000,88.908365362029,326,2026-09-05T18:14:51Z,-44835.983136000003,326000,1890,4875973.104406954721,1129886.290215958608,4850206.943054235540,5423.062022328850,-562.892385866007,-5401.431209519615,192.783871700785,49.169952515039,771051.174514736398,4519.644810491774,-6595.711639250614,-108,7167892,-6591.796875000000,3.914764250614,4875973,1129886,4850207,5423062,-562892,-5401431,771051,4519645,-6595712,0,0
4,88.910000000000,88.908365362029,327,2026-09-05T18:14:52Z,-44834.983136000003,327000,1891,4881393.352513879538,1129322.329279057449,4844802.664777282625,5417.272635885638,-565.004316921659,-5407.142940392077,192.806327318229,48.711776776366,775592.361124431482,4562.444137424669,-6658.170533840756,-109,7167891,-6652.832031250000,5.338502590756,4881393,1129322,4844803,5417273,-565004,-5407143,775592,4562444,-6658171,0,0
4,88.910000000000,88.908365362029,328,2026-09-05T18:14:53Z,-44833.983136000003,328000,1892,4886807.807976500131,1128756.257093299646,4839392.677712505683,5411.476424613284,-567.114783832267,-5412.848478524211,192.828206997941,48.258586197139,780175.970457554329,4604.491695720886,-6719.532340196121,-110,7167890,-6713.867187500000,5.665152696121,4886808,1128756,4839393,5411476,-567115,-5412848,780176,4604492,-6719532,0,0
4,88.910000000000,88.908365362029,329,2026-09-05T18:14:54Z,-44832.983136000003,329000,1893,4892216.463972895406,1128188.075124187395,4833976.988055734895,5405.673395114718,-569.223782213385,-5418.547816595492,192.849535757687,47.810338837869,784801.256078232313,4645.798171801642,-6779.812653469816,-111,7167889,-6774.902343750000,4.910309719816,4892216,1128188,4833977,5405673,-569224,-5418548,784801,4645798,-6779813,0,0
4,88.910000000000,88.908365362029,330,2026-09-05T18:14:55Z,-44831.983136000003,330000,1894,4897619.313688205555,1127617.784841044806,4828555.602009808645,5399.863554455806,-571.331309625293,-5424.240947293583,192.870337182351,47.366991635044,789467.482278702781,4686.374331718478,-6839.027185022894,-112,7167888,-6835.937500000000,3.089685022894,4897619,1127618,4828556,5399864,-571331,-5424241,789467,4686374,-6839027,0,0
4,88.910000000000,88.908365362029,331,2026-09-05T18:14:56Z,-44830.983136000003,331000,1895,4903016.350314010866,1127045.387716892175,4823128.525785202160,5394.046909390454,-573.437362244249,-5429.927863312514,192.890633525069,46.928500497991,794173.924149070517,4726.231002778818,-6897.191735609749,-113,7167887,-6896.972656250000,0.219079359749,4903016,1127045,4823129,5394047,-573437,-5429928,794174,4726231,-6897192,0,0
4,88.910000000000,88.908365362029,332,2026-09-05T18:14:57Z,-44829.983136000003,332000,1896,4908407.567048860714,1126470.885228569387,4817695.765599473380,5388.223466679847,-575.541936247873,-5435.608557347223,192.910445799889,46.494820401765,798919.867630656227,4765.379056797203,-6954.322170935921,-114,7167886,-6958.007812500000,-3.685641564079,4908408,1126471,4817696,5388223,-575542,-5435609,798920,4765379,-6954322,0,0
4,88.910000000000,88.908365362029,333,2026-09-05T18:14:58Z,-44828.983136000003,333000,1897,4913792.957098123617,1125894.278856043704,4812257.327677625231,5382.393233228868,-577.645028371762,-5441.283022109019,192.929793866887,46.065905476278,803704.609552266193,4803.829394227308,-7010.434398501269,-115,7167885,-7019.042968750000,-8.608570248731,4913793,1125894,4812257,5382393,-577645,-5441283,803705,4803829,-7010434,0,0
4,88.910000000000,88.908365362029,334,2026-09-05T18:14:59Z,-44827.983136000003,334000,1898,4919172.513673923910,1125315.570082964608,4806813.218251956627,5376.556215755045,-579.746634518415,-5446.951250308302,192.948696510241,45.641709091615,808527.457651140285,4841.592928973377,-7065.544345434641,-116,7167884,-7080.078125000000,-14.533779565359,4919173,1125316,4806813,5376556,-579747,-5446951,808527,4841593,-7065544,0,0
4,88.910000000000,88.908365362029,335,2026-09-05T18:15:00Z,-44826.983136000003,335000,1899,4924546.229995440692,1124734.760396375088,4801363.443561905064,5370.712421344251,-581.846752129650,-5452.613234668206,192.967171510129,45.222183939611,813387.730579655734,4878.680574653979,-7119.667938447990,-117,7167883,-7141.113281250000,-21.445342802010,4924546,1124735,4801363,5370712,-581847,-5452613,813388,4878681,-7119668,0,0
4,88.910000000000,88.908365362029,336,2026-09-05T18:15:01Z,-44825.983136000003,336000,1900,4929914.099288501777,1124151.851287415018,4795908.009854250588,5364.861856605785,-583.945376549991,-5458.268967915501,192.985235708850,44.807282111795,818284.757897836738,4915.103230924205,-7172.821083875766,-118,7167882,-7202.148437500000,-29.327353624234,4929914,1124152,4795908,5364862,-583945,-5458269,818285,4915103,-7172821,0,0
4,88.910000000000,88.908365362029,337,2026-09-05T18:15:02Z,-44824.983136000003,337000,1901,4935276.114785971120,1123566.844249921152,4790446.923383084126,5359.004528674632,-586.042505369051,-5463.918442786053,193.002905071981,44.396955173703,823217.880053700646,4950.871771771902,-7225.019650595103,-118,7167882,-7202.148437500000,22.871213095103,4935276,1123567,4790447,5359005,-586043,-5463918,823218,4950872,-7225020,0,0
4,88.910000000000,88.908365362029,338,2026-09-05T18:15:03Z,-44823.983136000003,338000,1902,4940632.269727434032,1122979.740781681379,4784980.190409823321,5353.140444183737,-588.138133935900,-5469.561652022094,193.020194744570,43.991154235694,828186.448351266677,4985.997033427466,-7276.279452382075,-119,7167881,-7263.183593750000,13.095858632075,4940632,1122980,4784980,5353140,-588138,-5469562,828186,4985997,-7276279,0,0
4,88.910000000000,88.908365362029,339,2026-09-05T18:15:04Z,-44822.983136000003,339000,1903,4945982.557359460741,1122390.542384426342,4779507.817202937789,5347.269610257172,-590.232259704635,-5475.198588373132,193.037119103164,43.589830020301,833189.824907940812,5020.489804300564,-7326.616233225911,-120,7167880,-7324.218750000000,2.397483225911,4945983,1122391,4779508,5347270,-590232,-5475199,833190,5020490,-7326616,0,0
4,88.910000000000,88.908365362029,340,2026-09-05T18:15:05Z,-44821.983136000003,340000,1904,4951326.970935509540,1121799.250562719535,4774029.810038324445,5341.392033640659,-592.324878449972,-5480.829244594133,193.053691804047,43.192932926253,838227.382601208985,5054.360814550832,-7376.045652109065,-121,7167879,-7385.253906250000,-9.208254140935,4951327,1121799,4774030,5341392,-592325,-5480829,838227,5054361,-7376046,0,0
4,88.910000000000,88.908365362029,341,2026-09-05T18:15:06Z,-44820.983136000003,341000,1905,4956665.503716042265,1121205.866824640892,4768546.175199035555,5335.507721414615,-594.415987352477,-5486.453613448248,193.069925827718,42.800413089213,843298.505006137420,5087.620727376329,-7424.583270294092,-122,7167878,-7446.289062500000,-21.705792205908,4956666,1121206,4768546,5335508,-594416,-5486454,843299,5087621,-7424583,0,0
4,88.910000000000,88.908365362029,342,2026-09-05T18:15:07Z,-44819.983136000003,342000,1906,4961998.148968284018,1120610.392682494363,4763056.918975335546,5329.616680285653,-596.505581906968,-5492.071687708631,193.085833520114,42.412220439361,848402.586323738447,5120.280130121358,-7472.244538346906,-122,7167878,-7446.289062500000,25.955475846906,4961998,1120610,4763057,5329617,-596506,-5492072,848403,5120280,-7472245,0,0
4,88.910000000000,88.908365362029,343,2026-09-05T18:15:08Z,-44818.983136000003,343000,1907,4967324.899966416880,1120012.829651543638,4757562.047664844431,5323.718917477890,-598.593659865628,-5497.683460150256,193.101426631021,42.028304755889,853539.031301495968,5152.349527066490,-7519.044785614950,-123,7167877,-7507.324218750000,11.720566864950,4967325,1120013,4757562,5323719,-598594,-5497683,853539,5152350,-7519045,0,0
4,88.910000000000,88.908365362029,344,2026-09-05T18:15:09Z,-44817.983136000003,344000,1908,4972645.749991601333,1119413.179250850575,4752061.567572274245,5317.814439622452,-600.680216303317,-5503.288923561740,193.116716349555,41.648615718500,858707.255146439420,5183.839331603670,-7564.999208808000,-124,7167876,-7568.359375000000,-3.360166192000,4972646,1119413,4752062,5317814,-600680,-5503289,858707,5183839,-7564999,0,0
4,88.910000000000,88.908365362029,345,2026-09-05T18:15:10Z,-44816.983136000003,345000,1909,4977960.692332147621,1118811.443001995096,4746555.485009594820,5311.903253904347,-602.765248695960,-5508.888070729881,193.131713337314,41.273102956038,863906.683431394864,5214.759860456245,-7610.122863563190,-125,7167875,-7629.394531250000,-19.271667686810,4977961,1118811,4746555,5311903,-602765,-5508888,863907,5214760,-7610123,0,0
4,88.910000000000,88.908365362029,346,2026-09-05T18:15:11Z,-44815.983136000003,346000,1910,4983269.720282776281,1118207.622432335047,4741043.806296017021,5305.985367189351,-604.848753110446,-5514.480894457847,193.146427758824,40.901716092359,869136.751994464081,5245.121327187816,-7654.430654972212,-125,7167875,-7629.394531250000,25.036123722212,4983270,1118208,4741044,5305985,-604849,-5514481,869137,5245121,-7654431,0,0
4,88.910000000000,88.908365362029,347,2026-09-05T18:15:12Z,-44814.983136000003,347000,1911,4988572.827145689167,1117601.719070475316,4735526.537757948972,5300.060786653376,-606.930726890596,-5520.067387551535,193.160869310544,40.534404789434,874396.906834050431,5274.933837253342,-7697.937330359182,-126,7167874,-7690.429687500000,7.507642859182,4988573,1117602,4735527,5300061,-606931,-5520067,874397,5274934,-7697937,0,0
4,88.910000000000,88.908365362029,348,2026-09-05T18:15:13Z,-44813.983136000003,348000,1912,4993870.006230047904,1116993.734449643176,4730003.685728737153,5294.129518872978,-609.011164689718,-5525.647542824117,193.175047247226,40.171118787933,879686.603997819941,5304.207382550745,-7740.657471329551,-127,7167873,-7751.464843750000,-10.807372420449,4993870,1116994,4730004,5294130,-609011,-5525648,879687,5304207,-7740657,0,0
4,88.910000000000,88.908365362029,349,2026-09-05T18:15:14Z,-44812.983136000003,349000,1913,4999161.250851793215,1116383.670105737168,4724475.256549341604,5288.191571258722,-611.090064849577,-5531.221353098772,193.188970406941,39.811807945311,885005.309466985404,5332.951838017573,-7782.605488803485,-128,7167872,-7812.500000000000,-29.894511196515,4999161,1116384,4724475,5288192,-611090,-5531221,885005,5332952,-7782605,0,0
4,88.910000000000,88.908365362029,350,2026-09-05T18:15:15Z,-44811.983136000003,350000,1914,5004446.554333787411,1115771.527579572052,4718941.256567660719,5282.246950595436,-613.167422877723,-5536.788811199585,193.202647234078,39.456422271464,890352.499037133530,5361.176956797581,-7823.795615962233,-128,7167872,-7812.500000000000,11.295615962233,5004447,1115772,4718941,5282247,-613167,-5536789,890352,5361177,-7823796,0,0
4,88.910000000000,88.908365362029,351,2026-09-05T18:15:16Z,-44810.983136000003,351000,1915,5009725.910006217659,1115157.308414029656,4713401.692138750106,5276.295664064492,-615.243235989283,-5542.349909963377,193.216085801249,39.104911962088,895727.658195278957,5388.892367492182,-7864.241904237062,-129,7167871,-7873.535156250000,-9.293252012938,5009726,1115157,4713402,5276296,-615243,-5542350,895728,5388892,-7864242,0,0
4,88.910000000000,88.908365362029,352,2026-09-05T18:15:17Z,-44809.983136000003,352000,1916,5014999.311206042767,1114541.014156347374,4707856.569624890573,5270.337718471637,-617.317499694309,-5547.904642236063,193.229293829347,38.757227429872,901130.281993125565,5416.107570627180,-7903.958218153011,-129,7167871,-7873.535156250000,30.423061903011,5014999,1114541,4707857,5270338,-617317,-5547905,901130,5416108,-7903958,0,0
4,88.910000000000,88.908365362029,353,2026-09-05T18:15:18Z,-44808.983136000003,353000,1917,5020266.751277538948,1113922.646356398007,4702305.895395424217,5264.373121108292,-619.390211641758,-5553.453000865375,193.242278706623,38.413319333523,906559.874918327201,5442.831936622763,-7942.958232366402,-130,7167870,-7934.570312500000,8.387919866402,5020267,1113923,4702306,5264373,-619390,-5553453,906560,5442832,-7942958,0,0
4,88.910000000000,88.908365362029,354,2026-09-05T18:15:19Z,-44807.983136000003,354000,1918,5025528.223571562208,1113302.206568971975,4696749.675826991908,5258.401878804762,-621.461367344182,-5558.994978706323,193.255047506234,38.073138604836,912015.950762310298,5469.074702904149,-7981.255427448297,-131,7167869,-7995.605468750000,-14.350041301703,5025528,1113302,4696750,5258402,-621461,-5558995,912016,5469075,-7981255,0,0
4,88.910000000000,88.908365362029,355,2026-09-05T18:15:20Z,-44806.983136000003,355000,1919,5030783.721446488053,1112679.696350919316,4691187.917303213850,5252.423998776067,-623.530964030806,-5564.530568627561,193.267607003075,37.736636473743,917498.032487362856,5494.844972582732,-8018.863087959823,-131,7167869,-7995.605468750000,23.257619209823,5030784,1112680,4691188,5252424,-623531,-5564531,917498,5494845,-8018863,0,0
4,88.910000000000,88.908365362029,356,2026-09-05T18:15:21Z,-44805.983136000003,356000,1920,5036033.238267412409,1112055.117263431195,4685620.626214991324,5246.439487933458,-625.598997502721,-5570.059763497738,193.279963689167,37.403764491609,923005.652090586605,5520.151712410820,-8055.794299467445,-132,7167868,-8056.640625000000,-0.846325532555,5036033,1112055,4685621,5246439,-625599,-5570060,923006,5520152,-8055794,0,0
4,88.910000000000,88.908365362029,357,2026-09-05T18:15:22Z,-44804.983136000003,357000,1921,5041276.767406872474,1111428.470870178193,4680047.808960217983,5240.448353548345,-627.665465137852,-5575.582556199151,193.292123788402,37.074474552684,928538.350467694690,5545.003751978242,-8092.061947370540,-133,7167867,-8117.675781250000,-25.613833879460,5041277,1111428,4680048,5240448,-627665,-5575583,928538,5545004,-8092062,0,0
4,88.910000000000,88.908365362029,358,2026-09-05T18:15:23Z,-44803.983136000003,358000,1922,5046514.302243912593,1110799.758740178077,4674469.471944058314,5234.450602581092,-629.730362886448,-5581.098939615913,193.304093270031,36.748718913961,934095.677274319343,5569.409782257357,-8127.678714778054,-133,7167867,-8117.675781250000,10.002933528054,5046514,1110800,4674469,5234451,-629730,-5581099,934096,5569410,-8127679,0,0
4,88.910000000000,88.908365362029,359,2026-09-05T18:15:24Z,-44802.983136000003,359000,1923,5051745.836165258661,1110168.982444051653,4668885.621578607708,5228.446242161226,-631.793687416121,-5586.608906643960,193.315877861830,36.426450213333,939677.190788176493,5593.378355229251,-8162.657081963006,-134,7167866,-8178.710937500000,-16.053855536994,5051746,1110169,4668886,5228446,-631794,-5586609,939677,5593378,-8162657,0,0
4,88.910000000000,88.908365362029,360,2026-09-05T18:15:25Z,-44801.983136000003,360000,1924,5056971.362564339302,1109536.143556765048,4663296.264283274300,5222.435279429192,-633.855435398345,-5592.112450181958,193.327483061983,36.107621486335,945282.457768873195,5616.917883299649,-8197.009325510104,-134,7167866,-8178.710937500000,18.298388010104,5056971,1109536,4663296,5222435,-633855,-5592112,945282,5616918,-8197009,0,0
4,88.910000000000,88.908365362029,361,2026-09-05T18:15:26Z,-44800.983136000003,361000,1925,5062190.874842022546,1108901.243656744249,4657701.406484232284,5216.417721380822,-635.915602787691,-5597.609563142214,193.338914150536,35.792186181353,950911.053318900056,5640.036638953419,-8230.747517811542,-135,7167865,-8239.746093750000,-8.998575938458,5062191,1108901,4657701,5216418,-635916,-5597610,950911,5640037,-8230748,0,0
4,88.910000000000,88.908365362029,362,2026-09-05T18:15:27Z,-44799.983136000003,362000,1926,5067404.366405920126,1108264.284325613175,4652101.054615202360,5210.393575331182,-637.974186980500,-5603.100238437946,193.350176200130,35.480098173538,956562.560743003502,5662.742755052459,-8263.883527501719,-135,7167865,-8239.746093750000,24.137433751719,5067404,1108264,4652101,5210394,-637974,-5603100,956563,5662743,-8263884,0,0
4,88.910000000000,88.908365362029,363,2026-09-05T18:15:28Z,-44798.983136000003,363000,1927,5072611.830671207048,1107625.267148156650,4646495.215116592124,5204.362848293385,-640.031183936799,-5608.584468994195,193.361274086081,35.171311777334,962236.571409291239,5685.044224570611,-8296.429019070392,-136,7167864,-8300.781250000000,-4.352230929608,5072612,1107625,4646495,5204363,-640031,-5608584,962237,5685044,-8296429,0,0
4,88.910000000000,88.908365362029,364,2026-09-05T18:15:29Z,-44797.983136000003,364000,1928,5077813.261059773155,1106984.193713782122,4640883.894436064176,5198.325547416971,-642.086590193458,-5614.062247740549,193.372212495782,34.865781757861,967932.684608907788,5706.948901254749,-8328.395453827436,-136,7167864,-8300.781250000000,27.614203827436,5077813,1106984,4640884,5198326,-642087,-5614062,967933,5706949,-8328395,0,0
4,88.910000000000,88.908365362029,365,2026-09-05T18:15:30Z,-44796.983136000003,365000,1929,5083008.651000915095,1106341.065614349442,4635267.099028315395,5192.281680017004,-644.140403014489,-5619.533567615690,193.382995937819,34.563463341053,973650.507417532848,5728.464500172685,-8359.794090702408,-137,7167863,-8361.816406250000,-2.022315547592,5083009,1106341,4635267,5192282,-644140,-5619534,973651,5728465,-8359794,0,0
4,88.910000000000,88.908365362029,366,2026-09-05T18:15:31Z,-44795.983136000003,366000,1930,5088197.993930936791,1105695.884445616044,4629644.835355185904,5186.231252977450,-646.192617642782,-5624.998421568307,193.393628750316,34.264312222743,979389.654556578491,5749.598597951871,-8390.635986592910,-137,7167863,-8361.816406250000,28.819580342910,5088198,1105696,4629645,5186231,-646193,-5624998,979390,5749599,-8390636,0,0
4,88.910000000000,88.908365362029,367,2026-09-05T18:15:32Z,-44794.983136000003,367000,1931,5093381.283293517306,1105048.651806345908,4624017.109885402024,5180.174273697958,-648.243231636343,-5630.456802548906,193.404115108977,33.968284576662,985149.748255799874,5770.358634290779,-8420.931998570211,-138,7167862,-8422.851562500000,-1.919563929789,5093381,1105049,4624017,5180174,-648243,-5630457,985150,5770359,-8420932,0,0
4,88.910000000000,88.908365362029,368,2026-09-05T18:15:33Z,-44793.983136000003,368000,1932,5098558.512539473362,1104399.369299051585,4618383.929094756022,5174.110749271676,-650.292241110265,-5635.908703515270,193.414459034564,33.675337061490,990930.418116234941,5790.751912302749,-8450.692784381028,-138,7167862,-8422.851562500000,27.841221881028,5098559,1104399,4618384,5174111,-650292,-5635909,990930,5790752,-8450693,0,0
4,88.910000000000,88.908365362029,369,2026-09-05T18:15:34Z,-44792.983136000003,369000,1933,5103729.675126542337,1103748.038529848214,4612745.299466316588,5168.040687053690,-652.339643340838,-5641.354117442461,193.424664400027,33.385426826967,996731.300974111888,5810.785600001743,-8479.928804615767,-139,7167861,-8483.886718750000,-3.957914134233,5103730,1103748,4612745,5168041,-652340,-5641354,996731,5810786,-8479929,0,0
4,88.910000000000,88.908365362029,370,2026-09-05T18:15:35Z,-44791.983136000003,370000,1934,5108894.764519932680,1103094.661108431406,4607101.227489850484,5161.964093938877,-654.385433432253,-5646.793037300995,193.434734937233,33.098511519085,1002552.040766745224,5830.466730938824,-8508.650323637346,-139,7167861,-8483.886718750000,24.763604887346,5108895,1103095,4607101,5161964,-654385,-5646793,1002552,5830467,-8508650,0,0
4,88.910000000000,88.908365362029,371,2026-09-05T18:15:36Z,-44790.983136000003,371000,1935,5114053.774192171171,1102439.238646925427,4601451.719662262127,5155.880977424204,-656.429609247425,-5652.225456077758,193.444674243408,32.814549284510,1008392.288398774224,5849.802206265912,-8536.867412592936,-140,7167860,-8544.921875000000,-8.054462407064,5114054,1102439,4601452,5155881,-656430,-5652225,1008392,5849802,-8536867,0,0
4,88.910000000000,88.908365362029,372,2026-09-05T18:15:37Z,-44789.983136000003,372000,1936,5119206.697622395121,1101781.772762804059,4595796.782487712801,5149.791344679215,-658.472167055606,-5657.651366760547,193.454485786967,32.533498774223,1014251.701609414071,5868.798795400209,-8564.589950383581,-140,7167860,-8544.921875000000,19.668075383581,5119207,1101782,4595797,5149791,-658472,-5657651,1014252,5868799,-8564590,0,0
4,88.910000000000,88.908365362029,373,2026-09-05T18:15:38Z,-44788.983136000003,373000,1937,5124353.528297764249,1101122.265074486146,4590136.422477078624,5143.695202905292,-660.513103275889,-5663.070762347161,193.464172913505,32.255319146358,1020129.944842921221,5887.463137732982,-8591.827626157892,-141,7167859,-8605.957031250000,-14.129405092108,5124354,1101122,4590136,5143695,-660513,-5663071,1020130,5887463,-8591828,0,0
4,88.910000000000,88.908365362029,374,2026-09-05T18:15:39Z,-44787.983136000003,374000,1938,5129494.259712275118,1100460.717206011061,4584470.646148142405,5137.592559255609,-662.552414034963,-5668.483635845405,193.473738850890,31.979970068454,1026026.689118329203,5905.801744077517,-8618.589941425122,-141,7167859,-8605.957031250000,12.632910175122,5129494,1100461,4584471,5137593,-662552,-5668484,1026027,5905802,-8618590,0,0
4,88.910000000000,88.908365362029,375,2026-09-05T18:15:40Z,-44786.983136000003,375000,1939,5134628.885367061943,1099797.130783413537,4578799.460026158020,5131.483421209850,-664.590096922439,-5673.889980271269,193.483186714627,31.707411719015,1031941.611901714816,5923.820998527980,-8644.886212767871,-142,7167858,-8666.992187500000,-22.105974732129,5134629,1099797,4578799,5131483,-664590,-5673890,1031942,5923821,-8644886,0,0
4,88.910000000000,88.908365362029,376,2026-09-05T18:15:41Z,-44785.983136000003,376000,1940,5139757.398770754226,1099131.507437157212,4573122.870642869733,5125.367795781131,-666.626147341049,-5679.289788640745,193.492519512546,31.437604788448,1037874.396980655962,5941.527159481279,-8670.725573333335,-142,7167858,-8666.992187500000,3.733385833335,5139757,1099132,4573123,5125368,-666626,-5679290,1037874,5941527,-8670726,0,0
4,88.910000000000,88.908365362029,377,2026-09-05T18:15:42Z,-44784.983136000003,377000,1941,5144879.793439218774,1098463.848800414940,4567440.884537199512,5119.245690496427,-668.660563033882,-5684.683053984372,193.501740149524,31.170510479485,1043824.734339281567,5958.926362067477,-8696.116976380112,-142,7167858,-8666.992187500000,29.124788880112,5144880,1098464,4567441,5119246,-668661,-5684683,1043825,5958926,-8696117,0,0
4,88.910000000000,88.908365362029,378,2026-09-05T18:15:43Z,-44783.983136000003,378000,1942,5149996.062895332463,1097794.156510521658,4561753.508255164139,5113.117112393411,-670.693339406853,-5690.069769335423,193.510851431760,30.906090507056,1049792.320035316050,5976.024619096336,-8721.069196659533,-143,7167857,-8728.027343750000,-6.958147090467,5149996,1097794,4561754,5113117,-670693,-5690070,1049792,5976025,-8721069,0,0
4,88.910000000000,88.908365362029,379,2026-09-05T18:15:44Z,-44782.983136000003,379000,1943,5155106.200669679791,1097122.432207198348,4556060.748349504545,5106.982069049081,-672.724474357210,-5695.449927744448,193.519856071040,30.644307097650,1055776.856079677353,5992.827823611769,-8745.590834143495,-143,7167857,-8728.027343750000,17.563490393495,5155106,1097122,4556061,5106982,-672724,-5695450,1055777,5992828,-8745591,0,0
4,88.910000000000,88.908365362029,380,2026-09-05T18:15:45Z,-44781.983136000003,380000,1944,5160210.200299802236,1096448.677534763003,4550362.611380047165,5100.840567455634,-674.753963001422,-5700.823522257451,193.528756688535,30.385122988271,1061778.050316476729,6009.341749801761,-8769.690315352331,-144,7167856,-8789.062500000000,-19.372184647669,5160210,1096449,4550363,5100841,-674754,-5700824,1061778,6009342,-8769690,0,0
4,88.910000000000,88.908365362029,381,2026-09-05T18:15:46Z,-44780.983136000003,381000,1945,5165308.055330766365,1095772.894139922690,4544659.103913536295,5094.692615143686,-676.781802951382,-5706.190545934987,193.537555818692,30.128501424913,1067795.616306013428,6025.572055689689,-8793.375897282374,-144,7167856,-8789.062500000000,4.313397282374,5165308,1095773,4544659,5094693,-676782,-5706191,1067796,6025572,-8793376,0,0
4,88.910000000000,88.908365362029,382,2026-09-05T18:15:47Z,-44779.983136000003,382000,1946,5170399.759314846247,1095095.083673241781,4538950.232523684390,5088.538219354632,-678.807990353107,-5711.550991842159,193.546255912700,29.874406160684,1073829.273208840750,6041.524284324460,-8816.655669142789,-144,7167856,-8789.062500000000,27.593169142789,5170400,1095095,4538950,5088538,-678808,-5711551,1073829,6041524,-8816656,0,0
4,88.910000000000,88.908365362029,383,2026-09-05T18:15:48Z,-44778.983136000003,383000,1947,5175485.305811701342,1094415.247788983164,4533236.003791013733,5082.377387479028,-680.832522091805,-5716.904853056803,193.554859341890,29.622801453532,1079878.745672135847,6057.203865969718,-8839.537555550352,-145,7167855,-8850.097656250000,-10.560100699648,5175485,1094415,4533236,5082377,-680833,-5716905,1079879,6057204,-8839538,0,0
4,88.910000000000,88.908365362029,384,2026-09-05T18:15:49Z,-44777.983136000003,384000,1948,5180564.688388095237,1093733.388144535944,4527516.424303285778,5076.210126891965,-682.855394908302,-5722.252122655846,193.563368400993,29.373652063664,1085943.763717341470,6072.616119839387,-8862.029319062229,-145,7167855,-8850.097656250000,11.931662812229,5180565,1093733,4527516,5076210,-682855,-5722252,1085944,6072616,-8862029,0,0
4,88.910000000000,88.908365362029,385,2026-09-05T18:15:50Z,-44776.983136000003,385000,1949,5185637.900618679821,1093049.506400379818,4521791.500654640608,5070.036444825746,-684.876604810142,-5727.592793734402,193.571785311209,29.126923250592,1092024.062630997039,6087.766255873493,-8884.138562767490,-146,7167854,-8911.132812500000,-26.994249732510,5185638,1093050,4521792,5070036,-684877,-5727593,1092024,6087766,-8884139,0,0
4,88.910000000000,88.908365362029,386,2026-09-05T18:15:51Z,-44775.983136000003,386000,1950,5190704.936084900983,1092363.604220716748,4516061.239446694031,5063.856348641821,-686.896148395135,-5732.926859384861,193.580112223098,28.882580769983,1098119.382855246542,6102.659376820478,-8905.872733325932,-146,7167854,-8911.132812500000,-5.260079174068,5190705,1092364,4516061,5063856,-686896,-5732927,1098119,6102659,-8905873,0,0
4,88.910000000000,88.908365362029,387,2026-09-05T18:15:52Z,-44774.983136000003,387000,1951,5195765.788375757635,1091675.683273428353,4510325.647287664004,5057.669845872624,-688.914023002326,-5738.254312717800,193.588351219357,28.640590870155,1104229.469882396283,6117.300480160368,-8927.239123774625,-146,7167854,-8911.132812500000,16.106311274625,5195766,1091676,4510326,5057670,-688914,-5738254,1104229,6117300,-8927239,0,0
4,88.910000000000,88.908365362029,388,2026-09-05T18:15:53Z,-44773.983136000003,388000,1952,5200820.451087736525,1090985.745229500579,4504584.730792649090,5051.476943810485,-690.930224794101,-5743.575146840158,193.596504317517,28.400920288367,1110354.074150302447,6131.694459646844,-8948.244875778342,-147,7167853,-8972.167968750000,-23.923092971658,5200820,1090986,4504585,5051477,-690930,-5743575,1110354,6131694,-8948245,0,0
4,88.910000000000,88.908365362029,389,2026-09-05T18:15:54Z,-44772.983136000003,389000,1953,5205868.917824624106,1090293.791762875160,4498838.496583793312,5045.277649778654,-692.944750082916,-5748.889354875246,193.604573472475,28.163536246896,1116492.950939547038,6145.846107398410,-8968.896982681281,-147,7167853,-8972.167968750000,-3.270986068719,5205869,1090294,4498838,5045278,-692945,-5748889,1116493,6145846,-8968897,0,0
4,88.910000000000,88.908365362029,390,2026-09-05T18:15:55Z,-44771.983136000003,390000,1954,5210911.182197651826,1089599.824551612604,4493086.951289894059,5039.071971250451,-694.957595773531,-5754.196929951831,193.612560578842,27.928406448883,1122645.860272977501,6159.760115865034,-8989.202292377056,-147,7167853,-8972.167968750000,17.034323627056,5210911,1089600,4493087,5039072,-694958,-5754197,1122646,6159760,-8989202,0,0
4,88.910000000000,88.908365362029,391,2026-09-05T18:15:56Z,-44770.983136000003,391000,1955,5215947.237825333141,1088903.845277024433,4487330.101546804421,5032.859915724657,-696.968758923958,-5759.497865205958,193.620467473294,27.695499074020,1128812.566816562321,6173.441079580965,-9009.167509866684,-148,7167852,-9033.203125000000,-24.035615133316,5215947,1088904,4487330,5032860,-696969,-5759498,1128813,6173441,-9009168,0,0
4,88.910000000000,88.908365362029,392,2026-09-05T18:15:57Z,-44769.983136000003,392000,1956,5220977.078333661892,1088205.855623665266,4481567.953997200355,5026.641490473594,-698.978235409868,-5764.792153778217,193.628295936775,27.464782774046,1134992.839782621944,6186.893496810988,-9028.799199661011,-148,7167852,-9033.203125000000,-4.403925338989,5220977,1088206,4481568,5026641,-698978,-5764792,1134993,6186893,-9028799,0,0
4,88.910000000000,88.908365362029,393,2026-09-05T18:15:58Z,-44768.983136000003,393000,1957,5226000.697356208228,1087505.857279302087,4475800.515290452167,5020.416702924194,-700.986021849303,-5770.079788823750,193.636047696588,27.236226668097,1141186.452834779629,6200.121771692780,-9048.103788907163,-148,7167852,-9033.203125000000,14.900663907163,5226001,1087506,4475801,5020417,-700986,-5770080,1141186,6200122,-9048104,0,0
4,88.910000000000,88.908365362029,394,2026-09-05T18:15:59Z,-44767.983136000003,394000,1958,5231018.088533628732,1086803.851935114246,4470027.792083203793,5014.185560649821,-702.992115457391,-5775.360763500430,193.643724428398,27.009800337944,1147393.183994012885,6213.130216050866,-9067.087570035714,-149,7167851,-9094.238281250000,-27.150711214286,5231018,1086804,4470028,5014186,-702992,-5775361,1147393,6213130,-9067088,0,0
4,88.910000000000,88.908365362029,395,2026-09-05T18:16:00Z,-44766.983136000003,395000,1959,5236029.245514485985,1086099.841285625938,4464249.791038388386,5007.948071094688,-704.996512860816,-5780.635070975222,193.651327758140,26.785473823057,1153612.815548141254,6225.923050974850,-9085.756703063880,-149,7167851,-9094.238281250000,-8.481578186120,5236029,1086100,4464250,5007948,-704997,-5780635,1153613,6225923,-9085757,0,0
4,88.910000000000,88.908365362029,396,2026-09-05T18:16:01Z,-44765.983136000003,396000,1960,5241034.161954361945,1085393.827029644046,4458466.518826059066,5001.704241535663,-706.999209792230,-5785.902704426007,193.658859263807,26.563217615622,1159845.133961064043,6238.504408572960,-9104.117218154533,-149,7167851,-9094.238281250000,9.878936904533,5241034,1085394,4458467,5001704,-706999,-5785903,1159845,6238504,-9104117,0,0
4,88.910000000000,88.908365362029,397,2026-09-05T18:16:02Z,-44764.983136000003,397000,1961,5246032.831516491249,1084685.810868011555,4452677.982123194262,4995.454079662522,-709.000203925598,-5791.163657030665,193.666320477319,26.343002655419,1166089.929785385728,6250.878334216143,-9122.175018891110,-149,7167851,-9094.238281250000,27.936737641110,5246033,1084686,4452678,4995454,-709000,-5791164,1166090,6250878,-9122175,0,0
4,88.910000000000,88.908365362029,398,2026-09-05T18:16:03Z,-44763.983136000003,398000,1962,5251025.247871631756,1083975.794505671831,4446884.187613359652,4989.197592855817,-710.999491448092,-5796.417921982538,193.673712886084,26.124800324623,1172346.997576232301,6263.048787691411,-9139.935883960738,-150,7167850,-9155.273437500000,-15.337553539262,5251025,1083976,4446884,4989198,-710999,-5796418,1172347,6263049,-9139936,0,0
4,88.910000000000,88.908365362029,399,2026-09-05T18:16:04Z,-44762.983136000003,399000,1963,5256011.404698003083,1083263.779650789220,4441085.141986956820,4982.934788578859,-712.997068845880,-5801.665492482243,193.681037934649,25.908582442552,1178616.135806636419,6275.019645251676,-9157.405470145644,-150,7167850,-9155.273437500000,2.132032645644,5256011,1083264,4441085,4982935,-712997,-5801665,1178616,6275020,-9157405,0,0
4,88.910000000000,88.908365362029,400,2026-09-05T18:16:05Z,-44761.983136000003,400000,1964,5260991.295681079850,1082549.768015054287,4435280.851941478439,4976.665674302239,-714.992932607856,-5806.906361730398,193.688297026216,25.694321260346,1184897.146784526994,6286.794701252688,-9174.589314712019,-150,7167850,-9155.273437500000,19.315877212019,5260991,1082550,4435281,4976666,-714993,-5806906,1184897,6286795,-9174589,0,0
4,88.910000000000,88.908365362029,401,2026-09-05T18:16:06Z,-44760.983136000003,401000,1965,5265964.914514358155,1081833.761312592775,4429471.324180768803,4970.390257683903,-716.987080124909,-5812.140522946720,193.695491524165,25.481989455561,1191189.836572567932,6298.377669992520,-9191.492838094438,-151,7167849,-9216.308593750000,-24.815755655562,5265965,1081834,4429471,4970390,-716987,-5812141,1191190,6298378,-9191493,0,0
4,88.910000000000,88.908365362029,402,2026-09-05T18:16:07Z,-44759.983136000003,402000,1966,5270932.254898226820,1081115.761262853164,4423656.565415733494,4964.108546090756,-718.979507294080,-5817.367969350926,193.702622753310,25.271560126790,1197494.014907573117,6309.772186962264,-9208.121345721080,-151,7167849,-9216.308593750000,-8.187248028920,5270932,1081116,4423657,4964109,-718980,-5817368,1197494,6309772,-9208121,0,0
4,88.910000000000,88.908365362029,403,2026-09-05T18:16:08Z,-44758.983136000003,403000,1967,5275893.310540997423,1080395.769586686511,4417836.582364042290,4957.820547233496,-720.970211660870,-5822.588694171827,193.709692001452,25.063006788180,1203809.495123726781,6320.981811016064,-9224.480031180530,-151,7167849,-9216.308593750000,8.171437430530,5275893,1080396,4417837,4957821,-720970,-5822589,1203809,6320982,-9224480,0,0
4,88.910000000000,88.908365362029,404,2026-09-05T18:16:09Z,-44757.983136000003,404000,1968,5280848.075158397667,1079673.788009341806,4412011.381750023924,4951.526268346242,-722.959188377217,-5827.802690650060,193.716700520509,24.856303363962,1210136.094076079084,6332.010025290360,-9240.573977563279,-151,7167849,-9216.308593750000,24.265383813279,5280848,1079674,4412011,4951526,-722959,-5827803,1210136,6332010,-9240574,0,0
4,88.910000000000,88.908365362029,405,2026-09-05T18:16:10Z,-44756.983136000003,405000,1969,5285796.542473811656,1078949.818258660147,4406180.970304805785,4945.225717280664,-724.946435598667,-5833.009952030807,193.723649527848,24.651424182952,1216473.632066168357,6342.860239708762,-9256.408161117193,-152,7167848,-9277.343750000000,-20.935588882807,5285797,1078950,4406181,4945226,-724946,-5833010,1216474,6342860,-9256408,0,0
4,88.910000000000,88.908365362029,406,2026-09-05T18:16:11Z,-44755.983136000003,406000,1970,5290738.706217802130,1078223.862066899193,4400345.354766443372,4938.918901438228,-726.931949229765,-5838.210471568345,193.730540207380,24.448343973061,1222821.932768613100,6353.535791640201,-9271.987452207979,-152,7167848,-9277.343750000000,-5.356297792021,5290739,1078224,4400345,4938919,-726932,-5838210,1222822,6353536,-9271987,0,0
4,88.910000000000,88.908365362029,407,2026-09-05T18:16:12Z,-44754.983136000003,407000,1971,5295674.560129028745,1077495.921168430941,4394504.541879406199,4932.605828480519,-728.915726383320,-5843.404242520592,193.737373710809,24.247037855748,1229180.823160676053,6364.039948034749,-9287.316618436087,-152,7167848,-9277.343750000000,9.972868436087,5295675,1077496,4394505,4932606,-728916,-5843404,1229181,6364040,-9287317,0,0
4,88.910000000000,88.908365362029,408,2026-09-05T18:16:13Z,-44753.983136000003,408000,1972,5300604.097953328863,1076765.997302027885,4388658.538395089097,4926.286505763528,-730.897762666018,-5848.591258163651,193.744151158612,24.047481340542,1235550.133451403584,6374.375906450307,-9302.400326134986,-152,7167848,-9277.343750000000,25.056576134986,5300604,1076766,4388659,4926287,-730898,-5848591,1235550,6374376,-9302400,0,0
4,88.910000000000,88.908365362029,409,2026-09-05T18:16:14Z,-44752.983136000003,409000,1973,5305527.313444264233,1076034.092208905611,4382807.351071676239,4919.960941153477,-732.878056101072,-5853.771511769992,193.750873641184,23.849650319529,1241929.697013751138,6384.546797228217,-9317.243143546142,-153,7167847,-9338.378906250000,-21.135762703858,5305527,1076034,4382807,4919961,-732878,-5853772,1241930,6384547,-9317243,0,0
4,88.910000000000,88.908365362029,410,2026-09-05T18:16:15Z,-44751.983136000003,410000,1974,5310444.200362831354,1075300.207634807564,4376950.986673956737,4913.629142147329,-734.856602904756,-5858.944996625723,193.757542219738,23.653521061858,1248319.350317478878,6394.555684200038,-9331.849541850437,-153,7167847,-9338.378906250000,-6.529364399563,5310444,1075300,4376951,4913629,-734857,-5858945,1248319,6394556,-9331850,0,0
4,88.910000000000,88.908365362029,411,2026-09-05T18:16:16Z,-44750.983136000003,411000,1975,5315354.752477825619,1074564.345327453921,4371089.451973501593,4907.291116202032,-736.833398994122,-5864.111706027870,193.764157927397,23.459070208272,1254718.932863915572,6404.405566399347,-9346.223897666279,-153,7167847,-9338.378906250000,7.844991416279,5315355,1074564,4371089,4907291,-736833,-5864112,1254719,6404406,-9346224,0,0
4,88.910000000000,88.908365362029,412,2026-09-05T18:16:17Z,-44749.983136000003,412000,1976,5320258.963565604761,1073826.507038793294,4365222.753748454154,4900.946871080123,-738.808441797801,-5869.271633277094,193.770721770011,23.266274765656,1261128.287121775094,6414.099379759102,-9360.370495526633,-153,7167847,-9338.378906250000,21.991589276633,5320259,1073827,4365223,4900947,-738808,-5869272,1261128,6414099,-9360370,0,0
4,88.910000000000,88.908365362029,413,2026-09-05T18:16:18Z,-44748.983136000003,413000,1977,5325156.827410099097,1073086.694523053477,4359350.898783937097,4894.596414435000,-740.781728146203,-5874.424771679514,193.777234727143,23.075112101618,1267547.258464334067,6423.639998134598,-9374.293529371866,-154,7167846,-9399.414062500000,-25.120533128134,5325157,1073087,4359351,4894596,-740782,-5874425,1267547,6423640,-9374294,0,0
4,88.910000000000,88.908365362029,414,2026-09-05T18:16:19Z,-44747.983136000003,414000,1978,5330048.337802774273,1072344.909539726097,4353473.893871394917,4888.239753810922,-742.753254265835,-5879.571114556711,193.783697752778,22.885559939094,1273975.695108337328,6433.030234656806,-9387.997104524733,-154,7167846,-9399.414062500000,-11.416957975267,5330048,1072345,4353474,4888240,-742753,-5879571,1273976,6433030,-9387997,0,0
4,88.910000000000,88.908365362029,415,2026-09-05T18:16:20Z,-44746.983136000003,415000,1979,5334933.488542815670,1071601.153849832248,4347591.745809281245,4881.876896848553,-744.723016839771,-5884.710655235722,193.790111776328,22.697596350987,1280413.448053930420,6442.272843232558,-9401.485239879665,-154,7167846,-9399.414062500000,2.071177379665,5334933,1071601,4347592,4881877,-744723,-5884711,1280413,6442273,-9401485,0,0
4,88.910000000000,88.908365362029,416,2026-09-05T18:16:21Z,-44745.983136000003,416000,1980,5339812.273437196389,1070855.429218140896,4341704.461402473040,4875.507851318616,-746.691013162490,-5889.843387044493,193.796477703316,22.511199754838,1286860.371026284294,6451.370519874128,-9414.761869843074,-154,7167846,-9399.414062500000,15.347807343074,5339812,1070855,4341704,4875508,-746691,-5889843,1286860,6451371,-9414762,0,0
4,88.910000000000,88.908365362029,417,2026-09-05T18:16:22Z,-44744.983136000003,417000,1981,5344684.686300314963,1070107.737413047347,4335812.047462685965,4869.132624702615,-748.657239012118,-5894.969303330981,193.802796416146,22.326348907560,1293316.320417749230,6460.325903613299,-9427.830845667300,-154,7167846,-9399.414062500000,28.416783167300,5344685,1070108,4335812,4869133,-748657,-5894969,1293316,6460326,-9427831,0,0
4,88.910000000000,88.908365362029,418,2026-09-05T18:16:23Z,-44743.983136000003,418000,1982,5349550.720954335295,1069358.080206250306,4329914.510808156803,4862.751224788553,-750.621691689503,-5900.088397444961,193.809068774841,22.143022900181,1299781.155232162913,6469.141578264795,-9440.695938024057,-155,7167845,-9460.449218750000,-19.753280725943,5349551,1069358,4329915,4862751,-750622,-5900088,1299781,6469142,-9440696,0,0
4,88.910000000000,88.908365362029,419,2026-09-05T18:16:24Z,-44742.983136000003,419000,1983,5354410.371229074895,1068606.459372158628,4324011.858263978735,4856.363659228009,-752.584367738791,-5905.200662738025,193.815295617787,21.961201152661,1306254.737029758980,6477.820073264018,-9453.360838226985,-155,7167845,-9460.449218750000,-7.088380523015,5354410,1068606,4324012,4856364,-752584,-5905201,1306255,6477820,-9453361,0,0
4,88.910000000000,88.908365362029,420,2026-09-05T18:16:25Z,-44741.983136000003,420000,1984,5359263.630962166004,1067852.876689219847,4318104.096661504358,4849.969935682566,-754.545263705722,-5910.306092585415,193.821477762339,21.780863408730,1312736.929873868590,6486.363865001156,-9465.829160178559,-155,7167845,-9460.449218750000,5.379941428559,5359264,1067853,4318104,4849970,-754545,-5910306,1312737,6486364,-9465829,0,0
4,88.910000000000,88.908365362029,421,2026-09-05T18:16:26Z,-44740.983136000003,421000,1985,5364110.493998638354,1067097.333939055214,4312191.232839121483,4843.570061996616,-756.504377054853,-5915.404680355095,193.827616005520,21.601989730813,1319227.600277790101,6494.775378136961,-9478.104442290274,-155,7167845,-9460.449218750000,17.655223540274,5364110,1067097,4312191,4843570,-756504,-5915405,1319228,6494775,-9478104,0,0
4,88.910000000000,88.908365362029,422,2026-09-05T18:16:27Z,-44739.983136000003,422000,1986,5368950.954191396013,1066339.832906421507,4306273.273641671985,4837.164045608006,-758.461703119110,-5920.496419431402,193.833711124646,21.424560494963,1325726.617154117906,6503.056986242123,-9490.190148415706,-155,7167845,-9460.449218750000,29.740929665706,5368951,1066340,4306273,4837164,-758462,-5920496,1325727,6503057,-9490190,0,0
4,88.910000000000,88.908365362029,423,2026-09-05T18:16:28Z,-44738.983136000003,423000,1987,5373785.005401142873,1065580.375378909754,4300350.225920625031,4830.751894444802,-760.417239674098,-5925.581303205945,193.839763877951,21.248556385873,1332233.851764437510,6511.211013712362,-9502.089670645277,-156,7167844,-9521.484375000000,-19.394704354723,5373785,1065580,4300350,4830752,-760417,-5925581,1332234,6511211,-9502090,0,0
4,88.910000000000,88.908365362029,424,2026-09-05T18:16:29Z,-44737.983136000003,424000,1988,5378612.641496229917,1064818.963148305658,4294422.096533888951,4824.333616144941,-762.370982972243,-5930.659325074885,193.845775005101,21.073958391936,1338749.177670204313,6519.239736180053,-9513.806329906984,-156,7167844,-9521.484375000000,-7.678045093016,5378613,1064819,4294422,4824334,-762371,-5930659,1338749,6519240,-9513806,0,0
4,88.910000000000,88.908365362029,425,2026-09-05T18:16:30Z,-44736.983136000003,425000,1989,5383433.856352582574,1064055.598009103211,4288488.892346350476,4817.909218591922,-764.322930493108,-5935.730478450751,193.851745227830,20.900747800373,1345272.470684509259,6527.145382071577,-9525.343378239071,-156,7167844,-9521.484375000000,3.859003239071,5383434,1064056,4288489,4817909,-764323,-5935730,1345272,6527145,-9525343,0,0
4,88.910000000000,88.908365362029,426,2026-09-05T18:16:31Z,-44735.983136000003,426000,1990,5388248.643854036927,1063290.281759355916,4282550.620229158551,4811.478709203584,-766.273077270853,-5940.794756743344,193.857675250437,20.728906192385,1351803.608825744130,6534.930133024764,-9536.703999399258,-156,7167844,-9521.484375000000,15.219624399258,5388249,1063290,4282551,4811479,-766273,-5940795,1351804,6534930,-9536704,0,0
4,88.910000000000,88.908365362029,427,2026-09-05T18:16:32Z,-44734.983136000003,427000,1991,5393056.997892322950,1062523.016199645819,4276607.287060094997,4805.042096124453,-768.221422016495,-5945.852153377928,193.863565760359,20.558415438397,1358342.472271598643,6542.596125991920,-9547.891311933756,-156,7167844,-9521.484375000000,26.406936933756,5393057,1062523,4276607,4805042,-768221,-5945852,1358342,6542596,-9547891,0,0
4,88.910000000000,88.908365362029,428,2026-09-05T18:16:33Z,-44733.983136000003,428000,1992,5397858.912366379984,1061753.803135376889,4270658.899723789655,4798.599386843307,-770.167960073422,-5950.902661787040,193.869417428568,20.389257693357,1364888.943313528551,6550.145453011538,-9558.908368844115,-157,7167843,-9582.519531250000,-23.611162405885,5397859,1061754,4270659,4798599,-770168,-5950903,1364889,6550145,-9558908,0,0
4,88.910000000000,88.908365362029,429,2026-09-05T18:16:34Z,-44732.983136000003,429000,1993,5402654.381183572114,1060982.644373667194,4264705.465110998601,4792.150589380981,-772.112689397090,-5955.946275407769,193.875230910196,20.221415392056,1371442.906314285938,6557.580163262955,-9569.758160585690,-157,7167843,-9582.519531250000,-12.761370664310,5402654,1060983,4264705,4792151,-772113,-5955946,1371443,6557580,-9569758,0,0
4,88.910000000000,88.908365362029,430,2026-09-05T18:16:35Z,-44731.983136000003,430000,1994,5407443.398258591071,1060209.541725854622,4258746.990119381808,4785.695711125300,-774.055604720161,-5960.982987692660,193.881006844896,20.054871244569,1378004.247663787566,6564.902262987221,-9580.443614952144,-157,7167843,-9582.519531250000,-2.075916297856,5407443,1060210,4258747,4785696,-774056,-5960983,1378004,6564902,-9580444,0,0
4,88.910000000000,88.908365362029,431,2026-09-05T18:16:36Z,-44730.983136000003,431000,1995,5412225.957514273003,1059434.497005754150,4252783.481652867980,4779.234760258987,-775.996704772979,-5966.012792093352,193.886745857363,19.889608231699,1384572.855738189537,6572.113717715853,-9590.967600327975,-157,7167843,-9582.519531250000,8.448069077975,5412226,1059434,4252783,4779235,-775997,-5966013,1384573,6572114,-9590968,0,0
4,88.910000000000,88.908365362029,432,2026-09-05T18:16:37Z,-44729.983136000003,432000,1996,5417002.052880741656,1058657.512031251332,4246814.946622407064,4772.767744371777,-777.935985215208,-5971.035682076945,193.892448557708,19.725609600536,1391148.620857869275,6579.216451948371,-9601.332925217926,-157,7167843,-9582.519531250000,18.813393967926,5417002,1058658,4246815,4772768,-777936,-5971036,1391149,6579216,-9601333,0,0
4,88.910000000000,88.908365362029,433,2026-09-05T18:16:38Z,-44728.983136000003,433000,1997,5421771.678296391852,1057878.588623299496,4240841.391944893636,4766.294671426294,-779.873443555744,-5976.051651115085,193.898115541915,19.562858860016,1397731.435248670867,6586.212350927600,-9611.542340837757,-157,7167843,-9582.519531250000,29.022809587757,5421772,1057879,4240841,4766295,-779873,-5976052,1397731,6586212,-9611542,0,0
4,88.910000000000,88.908365362029,434,2026-09-05T18:16:39Z,-44727.983136000003,434000,1998,5426534.827707201242,1057097.728605978424,4234862.824544092640,4759.815549062296,-781.809075611591,-5981.060692688516,193.903747392253,19.401339776598,1404321.193001780892,6593.103260893476,-9621.598541484642,-158,7167842,-9643.554687500000,-21.956146015358,5426535,1057098,4234863,4759816,-781809,-5981061,1404321,6593103,-9621599,0,0
4,88.910000000000,88.908365362029,435,2026-09-05T18:16:40Z,-44726.983136000003,435000,1999,5431291.495067088865,1056314.933806169312,4228879.251350260340,4753.330385257868,-783.742878900284,-5986.062800288892,193.909344677675,19.241036369972,1410917.790035918122,6599.890990549482,-9631.504166677196,-158,7167842,-9643.554687500000,-12.050520822804,5431291,1056315,4228879,4753330,-783743,-5986063,1410918,6599891,-9631504,0,0
4,88.910000000000,88.908365362029,436,2026-09-05T18:16:41Z,-44725.983136000003,436000,2000,5436041.674337687902,1055530.206055067480,4222890.679300026968,4746.839187728256,-785.674849552151,-5991.057967412416,193.914907954136,19.081932908833,1417521.124059746740,6606.577311358366,-9641.261801587034,-158,7167842,-9643.554687500000,-2.292885912966,5436042,1055530,4222891,4746839,-785675,-5991058,1417521,6606577,-9641262,0,0
4,88.910000000000,88.908365362029,437,2026-09-05T18:16:42Z,-44724.983136000003,437000,2001,5440785.359488573857,1054743.547186052427,4216897.115336654708,4740.341964383333,-787.604984628160,-5996.046187565298,193.920437765049,18.924013906724,1424131.094535397133,6613.163958787361,-9650.873978855969,-158,7167842,-9643.554687500000,7.319291355969,5440785,1054744,4216897,4740342,-787605,-5996046,1424131,6613164,-9650874,0,0
4,88.910000000000,88.908365362029,438,2026-09-05T18:16:43Z,-44723.983136000003,438000,2002,5445522.544496986084,1053954.959036526969,4210898.566409965046,4733.838723114786,-789.533281036711,-6001.027454261020,193.925934641563,18.767264117935,1430747.602642467944,6619.652632920117,-9660.343179489029,-158,7167842,-9643.554687500000,16.788491989029,5445523,1053955,4210899,4733839,-789533,-6001027,1430748,6619653,-9660343,0,0
4,88.910000000000,88.908365362029,439,2026-09-05T18:16:44Z,-44722.983136000003,439000,2003,5450253.223348458298,1053164.443446184276,4204895.039475927129,4727.329471807934,-791.459735691888,-6006.001761025800,193.931399102973,18.611668533454,1437370.551243786700,6626.044999259542,-9669.671834026090,-158,7167842,-9643.554687500000,26.117146526090,5450253,1053164,4204895,4727329,-791460,-6006002,1437371,6626045,-9669672,0,0
4,88.910000000000,88.908365362029,440,2026-09-05T18:16:45Z,-44721.983136000003,440000,2004,5454977.390035793185,1052372.002259540837,4198886.541497373022,4720.814218194391,-793.384344580318,-6010.969101384944,193.936831656947,18.457212377013,1443999.844850002090,6632.342689355917,-9678.862323458497,-159,7167841,-9704.589843750000,-25.727520291503,5454977,1052372,4198887,4720814,-793384,-6010969,1444000,6632343,-9678862,0,0
4,88.910000000000,88.908365362029,441,2026-09-05T18:16:46Z,-44720.983136000003,441000,2005,5459695.038560133427,1051577.637322620489,4192873.079443408642,4714.292970310453,-795.307105240909,-6015.929468881950,193.942232799988,18.303881101145,1450635.389587361598,6638.547301991535,-9687.916980957863,-159,7167841,-9704.589843750000,-16.672862792137,5459695,1051578,4192873,4714293,-795307,-6015929,1450635,6638547,-9687917,0,0
4,88.910000000000,88.908365362029,442,2026-09-05T18:16:47Z,-44719.983136000003,442000,2006,5464406.162930270657,1050781.350485932315,4186854.660289615858,4707.765735895919,-797.228013664608,-6020.882857062134,193.947603017610,18.151660383345,1457277.093164310791,6644.660403355382,-9696.838092130989,-159,7167841,-9704.589843750000,-7.751751619011,5464406,1050781,4186855,4707766,-797228,-6020883,1457277,6644660,-9696838,0,0
4,88.910000000000,88.908365362029,443,2026-09-05T18:16:48Z,-44718.983136000003,443000,2007,5469110.757163012400,1049983.143602599856,4180831.291018046439,4701.232523062572,-799.147067710692,-6025.829259485363,193.952942784723,18.000536122268,1463924.864839876071,6650.683528385433,-9705.627896978738,-159,7167841,-9704.589843750000,1.038053228738,5469111,1049983,4180831,4701233,-799147,-6025829,1463925,6650684,-9705628,0,0
4,88.910000000000,88.908365362029,444,2026-09-05T18:16:49Z,-44717.983136000003,444000,2008,5473808.815283031203,1049183.018529271940,4174802.978617121000,4694.693339513833,-801.064263063381,-6030.768669712415,193.958252565879,17.850494433993,1470578.615392315201,6656.618180743873,-9714.288589859871,-159,7167841,-9704.589843750000,9.698746109871,5473809,1049183,4174803,4694693,-801064,-6030769,1470579,6656618,-9714289,0,0
4,88.910000000000,88.908365362029,445,2026-09-05T18:16:50Z,-44716.983136000003,445000,2009,5478500.331322901882,1048380.977125067846,4168769.730081942864,4688.148193291454,-802.979597124249,-6035.701081315892,193.963532815600,17.701521648353,1477238.257088478189,6662.465834199407,-9722.822321508304,-159,7167841,-9704.589843750000,18.232477758304,5478500,1048381,4168770,4688148,-802980,-6035701,1477238,6662466,-9722822,0,0
4,88.910000000000,88.908365362029,446,2026-09-05T18:16:51Z,-44715.983136000003,446000,2010,5483185.299323121086,1047577.021253700834,4162731.552413660102,4681.597092264383,-804.893066360137,-6040.626487882037,193.968783978555,17.553604305307,1483903.703654194484,6668.227932824999,-9731.231199321688,-159,7167841,-9704.589843750000,26.641355571688,5483185,1047577,4162732,4681597,-804893,-6040626,1483904,6668228,-9731231,0,0
4,88.910000000000,88.908365362029,447,2026-09-05T18:16:52Z,-44714.983136000003,447000,2011,5487863.713332059793,1046771.152781193028,4156688.452620180324,4675.040044430716,-806.804667866572,-6045.544882997092,193.974006489920,17.406729151393,1490574.870244744001,6673.905891928145,-9739.517288718996,-160,7167840,-9765.625000000000,-26.107711281004,5487864,1046771,4156688,4675040,-806805,-6045545,1490575,6673906,-9739517,0,0
4,88.910000000000,88.908365362029,448,2026-09-05T18:16:53Z,-44713.983136000003,448000,2012,5492535.567406235263,1045963.373576762504,4150640.437715526670,4668.477057799464,-808.714398742040,-6050.456260257306,193.979200775596,17.260883136212,1497251.673416791251,6679.501098585813,-9747.682613921173,-160,7167840,-9765.625000000000,-17.942386078827,5492536,1045963,4150640,4668477,-808714,-6050456,1497252,6679501,-9747683,0,0
4,88.910000000000,88.908365362029,449,2026-09-05T18:16:54Z,-44712.983136000003,449000,2013,5497200.855609827675,1045153.685512862517,4144587.514720511623,4661.908140091327,-810.622254530472,-6055.360613272569,193.984367252449,17.116053409006,1503934.031099747634,6685.014911989129,-9755.729158454160,-160,7167840,-9765.625000000000,-9.895841545840,5497201,1045154,4144588,4661908,-810622,-6055361,1503934,6685015,-9755729,0,0
4,88.910000000000,88.908365362029,450,2026-09-05T18:16:55Z,-44711.983136000003,450000,2014,5501859.572015311569,1044342.090465435642,4138529.690661817789,4655.333299449921,-812.528232958357,-6060.257935658228,193.989506328540,16.972227315245,1510621.862569396151,6690.448664718649,-9763.658867009952,-160,7167840,-9765.625000000000,-1.966132990048,5501860,1044342,4138530,4655333,-812528,-6060258,1510622,6690449,-9763659,0,0
4,88.910000000000,88.908365362029,451,2026-09-05T18:16:56Z,-44710.983136000003,451000,2015,5506511.710702926852,1043528.590313185123,4132466.972572889179,4648.752543910632,-814.432331137141,-6065.148221038726,193.994618403384,16.829392393319,1517315.088420349173,6695.803662844258,-9771.473645592388,-160,7167840,-9765.625000000000,5.848645592388,5506512,1043529,4132467,4648753,-814432,-6065148,1517315,6695804,-9771474,0,0
4,88.910000000000,88.908365362029,452,2026-09-05T18:16:57Z,-44709.983136000003,452000,2016,5511157.265760679729,1042713.186939111212,4126399.367493565660,4642.165881246910,-816.334544770598,-6070.031463042142,193.999703868116,16.687536371258,1524013.630540063372,6701.081186359650,-9779.175362151194,-160,7167840,-9765.625000000000,13.550362151194,5511157,1042713,4126399,4642166,-816335,-6070031,1524014,6701081,-9779175,0,0
4,88.910000000000,88.908365362029,453,2026-09-05T18:16:58Z,-44708.983136000003,453000,2017,5515796.231285076588,1041895.882227985305,4120326.882469707169,4635.573319695141,-818.234871914910,-6074.907655312927,194.004763105797,16.546647163497,1530717.412084132899,6706.282490440928,-9786.765848418729,-160,7167840,-9765.625000000000,21.140848418729,5515796,1041896,4120327,4635573,-818235,-6074908,1530717,6706282,-9786766,0,0
4,88.910000000000,88.908365362029,454,2026-09-05T18:16:59Z,-44707.983136000003,454000,2018,5520428.601380092092,1041076.678068591980,4114249.524554047734,4628.974867048782,-820.133308278628,-6079.776791498261,194.009796491546,16.406712867738,1537426.357450006763,6711.408805140862,-9794.246899463786,-160,7167840,-9765.625000000000,28.621899463786,5520429,1041077,4114250,4628975,-820133,-6079777,1537426,6711409,-9794247,0,0
4,88.910000000000,88.908365362029,455,2026-09-05T18:17:00Z,-44706.983136000003,455000,2019,5525054.370158113539,1040255.576352562057,4108167.300805217586,4622.370531468732,-822.029851455909,-6084.638865257148,194.014804392781,16.267721761809,1544140.392253821483,6716.461336702502,-9801.620275608617,-161,7167839,-9826.660156250000,-25.039880641383,5525054,1040256,4108167,4622371,-822030,-6084639,1544140,6716461,-9801620,0,0
4,88.910000000000,88.908365362029,456,2026-09-05T18:17:01Z,-44705.983136000003,456000,2020,5529673.531739369966,1039432.578975345241,4102080.218288234435,4615.760320827576,-823.924497473627,-6089.493870255865,194.019787169382,16.129662300625,1550859.443305778084,6721.441267466056,-9808.887702293030,-161,7167839,-9826.660156250000,-17.772453956970,5529674,1039433,4102080,4615760,-823924,-6089494,1550859,6721441,-9808888,0,0
4,88.910000000000,88.908365362029,457,2026-09-05T18:17:02Z,-44704.983136000003,457000,2021,5534286.080252098851,1038607.687834506854,4095988.284074761439,4609.144243358969,-825.817244248128,-6094.341800167513,194.024745173948,15.992523113175,1557583.438586827833,6726.349757003069,-9816.050871729545,-161,7167839,-9826.660156250000,-10.609284520455,5534286,1038608,4095988,4609144,-825817,-6094342,1557583,6726350,-9816051,0,0
4,88.910000000000,88.908365362029,458,2026-09-05T18:17:03Z,-44703.983136000003,458000,2022,5538892.009832526557,1037780.904831869761,4089891.505242552143,4602.522306870924,-827.708087341080,-6099.182648676560,194.029678751895,15.856292999571,1564312.307226006174,6731.187941875743,-9823.111442552159,-161,7167839,-9826.660156250000,-3.548713697841,5538892,1037781,4089892,4602522,-827708,-6099183,1564312,6731188,-9823111,0,0
4,88.910000000000,88.908365362029,459,2026-09-05T18:17:04Z,-44702.983136000003,459000,2023,5543491.314625092782,1036952.231871965341,4083789.888875582721,4595.894519612557,-829.597024676559,-6104.016409475207,194.034588241699,15.720960928135,1571045.979478234658,6735.956936955757,-9830.071041740963,-161,7167839,-9826.660156250000,3.410885490963,5543491,1036952,4083790,4595895,-829597,-6104016,1571046,6735957,-9830071,0,0
4,88.910000000000,88.908365362029,460,2026-09-05T18:17:05Z,-44701.983136000003,460000,2024,5548083.988782037050,1036121.670862367377,4077683.442064508330,4589.260889528305,-831.484052450378,-6108.843076263838,194.039473975058,15.586516032559,1577784.386701880023,6740.657835194398,-9836.931264286672,-161,7167839,-9826.660156250000,10.271108036672,5548084,1036122,4077683,4589261,-831484,-6108843,1577784,6740658,-9836931,0,0
4,88.910000000000,88.908365362029,461,2026-09-05T18:17:06Z,-44700.983136000003,461000,2025,5552670.026464090683,1035289.223713468295,4071572.171905754600,4582.621424712670,-833.369167648698,-6113.662642751933,194.044336277064,15.452947609082,1584527.461338369641,6745.291708530080,-9843.693674515020,-161,7167839,-9826.660156250000,17.033518265020,5552670,1035289,4071572,4582621,-833369,-6113663,1584527,6745292,-9843694,0,0
4,88.910000000000,88.908365362029,462,2026-09-05T18:17:07Z,-44699.983136000003,462000,2026,5557249.421839512885,1034454.892340281280,4065456.085502447560,4575.976133266522,-835.252367262683,-6118.475102657158,194.049175466302,15.320245113761,1591275.136889978778,6749.859608209229,-9850.359806555032,-161,7167839,-9826.660156250000,23.699650305032,5557249,1034455,4065456,4575976,-835252,-6118475,1591275,6749860,-9850360,0,0
4,88.910000000000,88.908365362029,463,2026-09-05T18:17:08Z,-44698.983136000003,463000,2027,5561822.169084949419,1033618.678659401950,4059335.189963932615,4569.325023189776,-837.133647653900,-6123.280449704907,194.053991855126,15.188398159741,1598027.347900367575,6754.362565133213,-9856.931164845317,-161,7167839,-9826.660156250000,30.271008595317,5561822,1033619,4059335,4569325,-837134,-6123280,1598027,6754363,-9856931,0,0
4,88.910000000000,88.908365362029,464,2026-09-05T18:17:09Z,-44697.983136000003,464000,2028,5566388.262385140173,1032780.584591367864,4053209.492405646015,4562.668102632415,-839.013005977677,-6128.078677631038,194.058785749719,15.057396514604,1604784.029934315244,6758.801590539970,-9863.409225128795,-162,7167838,-9887.695312500000,-24.286087371205,5566388,1032781,4053209,4562668,-839013,-6128079,1604784,6758802,-9863409,0,0
4,88.910000000000,88.908365362029,465,2026-09-05T18:17:10Z,-44696.983136000003,465000,2029,5570947.695932913572,1031940.612059407867,4047078.999949403573,4556.005379753515,-840.890439391615,-6132.869780178680,194.063557450293,14.927230097757,1611545.119558010250,6763.177676295992,-9869.795434878806,-162,7167838,-9887.695312500000,-17.899877621194,5570948,1031941,4047079,4556005,-840890,-6132870,1611545,6763178,-9869795,0,0
4,88.910000000000,88.908365362029,466,2026-09-05T18:17:11Z,-44695.983136000003,466000,2030,5575500.463928856887,1031098.762991030118,4040943.719723468181,4549.336862581185,-842.765944268422,-6137.653751102334,194.068307251176,14.797888977873,1618310.554319529561,6767.491795180271,-9876.091213713484,-162,7167838,-9887.695312500000,-11.604098786516,5575500,1031099,4040944,4549337,-842766,-6137654,1618311,6767492,-9876091,0,0
4,88.910000000000,88.908365362029,467,2026-09-05T18:17:12Z,-44694.983136000003,467000,2031,5580046.560582259670,1030255.039315437200,4034803.658861915115,4542.662559316341,-844.639517931910,-6142.430584160138,194.073035441045,14.669363370346,1625080.272731238045,6771.744901586215,-9882.297954420084,-162,7167838,-9887.695312500000,-5.397358079916,5580047,1030255,4034804,4542663,-844640,-6142431,1625080,6771745,-9882298,0,0
4,88.910000000000,88.908365362029,468,2026-09-05T18:17:13Z,-44693.983136000003,468000,2032,5584585.980110083707,1029409.442965961760,4028658.824505420402,4535.982477887046,-846.511156124052,-6147.200273121598,194.077742302977,14.541643634840,1631854.214250131743,6775.937931489547,-9888.417022908150,-162,7167838,-9887.695312500000,0.721710408150,5584586,1029409,4028659,4535982,-846511,-6147200,1631854,6775938,-9888417,0,0
4,88.910000000000,88.908365362029,469,2026-09-05T18:17:14Z,-44692.983136000003,469000,2033,5589118.716737694107,1028561.975878432975,4022509.223800671287,4529.296626665200,-848.380856969925,-6151.962811767135,194.082428114641,14.414720272838,1638632.319260814460,6780.071803535846,-9894.449759796600,-162,7167838,-9887.695312500000,6.754447296600,5589119,1028562,4022509,4529297,-848381,-6151963,1638632,6780072,-9894450,0,0
4,88.910000000000,88.908365362029,470,2026-09-05T18:17:15Z,-44691.983136000003,470000,2034,5593644.764698385261,1027712.639992151060,4016354.863900792785,4522.605013735301,-850.248617012312,-6156.718193883535,194.087093148389,14.288583925266,1645414.529057297157,6784.147418709395,-9900.397479930467,-162,7167838,-9887.695312500000,12.702167430467,5593645,1027713,4016355,4522605,-850249,-6156718,1645415,6784147,-9900397,0,0
4,88.910000000000,88.908365362029,471,2026-09-05T18:17:16Z,-44690.983136000003,471000,2035,5598164.118233749643,1026861.437249703100,4010195.751964889001,4515.907647255517,-852.114433113229,-6161.466413266226,194.091737671394,14.163225370134,1652200.785826335195,6788.165661056501,-9906.261473436465,-162,7167838,-9887.695312500000,18.566160936465,5598164,1026861,4010196,4515908,-852114,-6161466,1652201,6788166,-9906261,0,0
4,88.910000000000,88.908365362029,472,2026-09-05T18:17:17Z,-44689.983136000003,472000,2036,5602676.771593453363,1026008.369596817414,4004031.895158350002,4509.204535215758,-853.978301183815,-6166.207463719729,194.096361945771,14.038635520238,1658991.032630263828,6792.127397813430,-9912.043005909694,-162,7167838,-9887.695312500000,24.347693409694,5602677,1026008,4004032,4509205,-853978,-6166207,1658991,6792127,-9912043,0,0
4,88.910000000000,88.908365362029,473,2026-09-05T18:17:18Z,-44688.983136000003,473000,2037,5607182.719035326503,1025153.438981885789,3997863.300652904436,4502.495686079783,-855.840219684751,-6170.941339056299,194.100966228717,13.914805420891,1665785.213390592486,6796.033480388822,-9917.743319847323,-162,7167838,-9887.695312500000,30.048007347323,5607183,1025153,3997863,4502496,-855840,-6170941,1665785,6796033,-9917743,0,0
4,88.910000000000,88.908365362029,474,2026-09-05T18:17:19Z,-44687.983136000003,474000,2038,5611681.954825357534,1024296.647357219132,3991689.975626292638,4495.781107794755,-857.700184214991,-6175.668033099555,194.105550772581,13.791726247705,1672583.272872005822,6799.884743743660,-9923.363633743751,-163,7167837,-9948.730468750000,-25.366835006249,5611682,1024297,3991690,4495781,-857700,-6175668,1672583,6799885,-9923364,0,0
4,88.910000000000,88.908365362029,475,2026-09-05T18:17:20Z,-44686.983136000003,475000,2039,5616174.473237933591,1023437.996677286690,3985511.927262368612,4489.060808702561,-859.558192447025,-6180.387539679032,194.110115825036,13.669389304395,1679385.156666785013,6803.682007619238,-9928.905143882626,-163,7167837,-9948.730468750000,-19.825324867374,5616174,1023438,3985512,4489061,-859558,-6180388,1679385,6803682,-9928905,0,0
4,88.910000000000,88.908365362029,476,2026-09-05T18:17:21Z,-44685.983136000003,476000,2040,5620660.268555305898,1022577.488900187309,3979329.162751489319,4482.334796851319,-861.414240463432,-6185.099852633357,194.114661629139,13.547786020653,1686190.811178688658,6807.426076195339,-9934.369023838020,-163,7167837,-9948.730468750000,-14.361444911980,5620660,1022577,3979329,4482335,-861414,-6185100,1686191,6807426,-9934369,0,0
4,88.910000000000,88.908365362029,477,2026-09-05T18:17:22Z,-44684.983136000003,477000,2041,5625139.335068118758,1021715.125987278647,3973141.689289865084,4475.603080655674,-863.268326263665,-6189.804965814346,194.119188423447,13.426907950022,1693000.183608610183,6811.117739063498,-9939.756425894744,-163,7167837,-9948.730468750000,-8.974042855256,5625139,1021715,3973142,4475603,-863268,-6189805,1693000,6811118,-9939756,0,0
4,88.910000000000,88.908365362029,478,2026-09-05T18:17:23Z,-44683.983136000003,478000,2042,5629611.667075258680,1020850.909903184394,3966949.514079776593,4468.865668099170,-865.120445456000,-6194.502873076544,194.123696442122,13.306746767835,1699813.221939549316,6814.757770753697,-9945.068480357642,-163,7167837,-9948.730468750000,-3.661988392358,5629612,1020851,3966950,4468866,-865120,-6194503,1699813,6814758,-9945068,0,0
4,88.910000000000,88.908365362029,479,2026-09-05T18:17:24Z,-44682.983136000003,479000,2043,5634077.258883710019,1019984.842614869471,3960752.644330009818,4462.122567672850,-866.970596370152,-6199.193568285409,194.128185915064,13.187294269190,1706629.874921819661,6818.346931971073,-9950.306297356368,-163,7167837,-9948.730468750000,1.575828606368,5634077,1019985,3960753,4462123,-866971,-6199194,1706630,6818347,-9950306,0,0
4,88.910000000000,88.908365362029,480,2026-09-05T18:17:25Z,-44681.983136000003,480000,2044,5638536.104808811098,1019116.926093181130,3954551.087255117949,4455.373787231110,-868.818773816884,-6203.877045318222,194.132657067952,13.068542366942,1713450.092059407383,6821.885968768966,-9955.470965638577,-163,7167837,-9948.730468750000,6.740496888577,5638536,1019117,3954551,4455374,-868819,-6203877,1713450,6821886,-9955471,0,0
4,88.910000000000,88.908365362029,481,2026-09-05T18:17:26Z,-44680.983136000003,481000,2045,5642988.199174021371,1018247.162311451742,3948344.850076070521,4448.619335538751,-870.664977577121,-6208.553298054994,194.137110122389,12.950483089754,1720273.823595613008,6825.375614369268,-9960.563555226447,-163,7167837,-9948.730468750000,11.833086476447,5642988,1018247,3948345,4448619,-870665,-6208553,1720274,6825376,-9960564,0,0
4,88.910000000000,88.908365362029,482,2026-09-05T18:17:27Z,-44679.983136000003,482000,2046,5647433.536310973577,1017375.553246764932,3942133.940019953996,4441.859220331935,-872.509201664229,-6213.222320391196,194.141545295951,12.833108580173,1727101.020499622449,6828.816587533883,-9965.585115040065,-163,7167837,-9948.730468750000,16.854646290065,5647434,1017376,3942134,4441859,-872509,-6213222,1727101,6828817,-9965585,0,0
4,88.910000000000,88.908365362029,483,2026-09-05T18:17:28Z,-44678.983136000003,483000,2047,5651872.110559992492,1016502.100878298050,3935918.364319534507,4435.093450212662,-874.351444908370,-6217.884106226393,194.145962802333,12.716411092722,1733931.634453896200,6832.209594722864,-9970.536676046911,-163,7167837,-9948.730468750000,21.806207296911,5651872,1016502,3935918,4435093,-874351,-6217884,1733932,6832210,-9970537,0,0
4,88.910000000000,88.908365362029,484,2026-09-05T18:17:29Z,-44677.983136000003,484000,2048,5656303.916269149631,1015626.807189801475,3929698.130214049947,4428.322033282711,-876.191703251379,-6222.538649472426,194.150362851349,12.600382992072,1740765.617839891696,6835.555329012143,-9975.419249682434,-163,7167837,-9948.730468750000,26.688780932434,5656304,1015627,3929698,4428322,-876192,-6222539,1740766,6835555,-9975419,0,0
4,88.910000000000,88.908365362029,485,2026-09-05T18:17:30Z,-44676.983136000003,485000,2049,5660728.947794897482,1014749.674167007208,3923473.244948960841,4421.544978020393,-878.029974729543,-6227.185944046596,194.154745649112,12.485016751208,1747602.923726034351,6838.854471234309,-9980.233829514851,-164,7167836,-10009.765625000000,-29.531795485149,5660729,1014750,3923473,4421545,-878030,-6227186,1747603,6838854,-9980234,0,0
4,88.910000000000,88.908365362029,486,2026-09-05T18:17:31Z,-44675.983136000003,486000,2050,5665147.199502193369,1013870.703799181152,3917243.715775375254,4414.762292339219,-879.866254164540,-6231.825983878025,194.159111398056,12.370304949627,1754443.505855575437,6842.107689303100,-9984.981390259345,-164,7167836,-10009.765625000000,-24.784234740655,5665147,1013871,3917244,4414762,-879866,-6231826,1754444,6842108,-9984981,0,0
4,88.910000000000,88.908365362029,487,2026-09-05T18:17:32Z,-44674.983136000003,487000,2051,5669558.665764315054,1012989.898078041151,3911009.549950592685,4407.973984908494,-881.700540566726,-6236.458762902203,194.163460297057,12.256240271598,1761287.318633968011,6845.315639787358,-9989.662890075004,-164,7167836,-10009.765625000000,-20.102734924996,5669559,1012990,3911010,4407974,-881701,-6236459,1761287,6845316,-9989663,0,0
4,88.910000000000,88.908365362029,488,2026-09-05T18:17:33Z,-44673.983136000003,488000,2052,5673963.340962344781,1012107.258999387035,3904770.754738428164,4401.180063832726,-883.532829728438,-6241.084275065532,194.167792541461,12.142815504439,1768134.317116245395,6848.478966841425,-9994.279269003904,-164,7167836,-10009.765625000000,-15.486355996096,5673963,1012107,3904771,4401180,-883533,-6241084,1768134,6848479,-9994279,0,0
4,88.910000000000,88.908365362029,489,2026-09-05T18:17:34Z,-44672.983136000003,489000,2053,5678361.219486203976,1011222.788561402122,3898527.337408134714,4394.380537596589,-885.363119542262,-6245.702514323057,194.172108323206,12.030023536800,1774984.456996748224,6851.598303397299,-9998.831450710872,-164,7167836,-10009.765625000000,-10.934174289128,5678361,1011223,3898527,4394381,-885363,-6245703,1774984,6851598,-9998831,0,0
4,88.910000000000,88.908365362029,490,2026-09-05T18:17:35Z,-44671.983136000003,490000,2054,5682752.295733908191,1010336.488765538554,3892279.305235325359,4387.575414238199,-887.191405321119,-6250.313474638460,194.176407830879,11.917857357023,1781837.694596526213,6854.674270571267,-10003.320341617564,-164,7167836,-10009.765625000000,-6.445283382436,5682752,1010336,3892279,4387575,-887191,-6250313,1781838,6854674,-10003320,0,0
4,88.910000000000,88.908365362029,491,2026-09-05T18:17:36Z,-44670.983136000003,491000,2055,5687136.564111815766,1009448.361616307171,3886026.665501581971,4380.764702345914,-889.017685448493,-6254.917149983157,194.180691249786,11.806310051496,1788693.986852495233,6857.707478901316,-10007.746832708266,-164,7167836,-10009.765625000000,-2.018792291734,5687137,1009448,3886027,4380765,-889018,-6254917,1788694,6857707,-10007747,0,0
4,88.910000000000,88.908365362029,492,2026-09-05T18:17:37Z,-44669.983136000003,492000,2056,5691514.019034593366,1008558.409121293109,3879769.425494571682,4373.948410226149,-890.841956699774,-6259.513534340385,194.184958762028,11.695374803050,1795553.291306330124,6860.698527740193,-10012.111798644160,-164,7167836,-10009.765625000000,2.346173644160,5691514,1008558,3879769,4373948,-890842,-6259514,1795553,6860699,-10012112,0,0
4,88.910000000000,88.908365362029,493,2026-09-05T18:17:38Z,-44668.983136000003,493000,2057,5695884.654925297014,1007666.633291301550,3873507.592507868540,4367.126546118925,-892.664215364448,-6264.102621697930,194.189210546562,11.585044889387,1802415.566093823640,6863.648005689187,-10016.416098396376,-164,7167836,-10009.765625000000,6.650473396376,5695885,1007667,3873508,4367127,-892664,-6264103,1802416,6863648,-10016416,0,0
4,88.910000000000,88.908365362029,494,2026-09-05T18:17:39Z,-44667.983136000003,494000,2058,5700248.466215399094,1006773.036139711505,3867241.173841077834,4360.299118375224,-894.484458384454,-6268.684406057218,194.193446779291,11.475313681525,1809280.769934290089,6866.556491003147,-10020.660575837024,-164,7167836,-10009.765625000000,10.894950837024,5700248,1006773,3867241,4360299,-894484,-6268684,1809281,6866556,-10020661,0,0
4,88.910000000000,88.908365362029,495,2026-09-05T18:17:40Z,-44666.983136000003,495000,2059,5704605.447344577871,1005877.619683295372,3860970.176799945533,4353.466135508825,-896.302683513682,-6273.258881428319,194.197667633100,11.366174642288,1816148.862119953148,6869.424551851068,-10024.846060119506,-164,7167836,-10009.765625000000,15.080435119506,5704605,1005878,3860970,4353466,-896303,-6273259,1816149,6869425,-10024846,0,0
4,88.910000000000,88.908365362029,496,2026-09-05T18:17:41Z,-44665.983136000003,496000,2060,5708955.592760937288,1004980.385942029883,3854694.608696071431,4346.627605774302,-898.118887054352,-6277.826041824483,194.201873277927,11.257621324809,1823019.802506129490,6872.252746097149,-10028.973365358986,-164,7167836,-10009.765625000000,19.207740358986,5708956,1004980,3854695,4346628,-898119,-6277826,1823020,6872253,-10028973,0,0
4,88.910000000000,88.908365362029,497,2026-09-05T18:17:42Z,-44664.983136000003,497000,2061,5713298.896920977160,1004081.336939104483,3848414.476846973877,4339.783537590847,-899.933066118365,-6282.385881275331,194.206063880826,11.149647371062,1829893.551501231734,6875.041621937026,-10033.043291560887,-164,7167836,-10009.765625000000,23.277666560887,5713299,1004081,3848414,4339784,-899933,-6282386,1829894,6875042,-10033043,0,0
4,88.910000000000,88.908365362029,498,2026-09-05T18:17:43Z,-44663.983136000003,498000,2062,5717635.354289594106,1003180.474699952872,3842129.788576359861,4332.933939370378,-901.745217825351,-6286.938393815035,194.210239606057,11.042246510427,1836770.070056921570,6877.791717921195,-10037.056624655057,-164,7167836,-10009.765625000000,27.290999655057,5717635,1003180,3842130,4332934,-901745,-6286938,1836770,6877792,-10037057,0,0
4,88.910000000000,88.908365362029,499,2026-09-05T18:17:44Z,-44662.983136000003,499000,2063,5721964.959340073168,1002277.801253691548,3835840.551213700790,4326.078819429313,-903.555338645901,-6291.483573487312,194.214400615100,10.935412558276,1843649.319658728782,6880.503563058010,-10041.014136646088,-165,7167835,-10070.800781250000,-29.786644603912,5721965,1002278,3835841,4326079,-903555,-6291484,1843649,6880504,-10041014,0,0
4,88.910000000000,88.908365362029,500,2026-09-05T18:17:45Z,-44661.983136000003,500000,2064,5726287.706554075703,1001373.318632317474,3829546.772094513290,4319.218186262333,-905.363426031045,-6296.021414347706,194.218547066735,10.829139414582,1850531.262316572480,6883.177677286061,-10044.916586302688,-165,7167835,-10070.800781250000,-25.884194947312,5726288,1001373,3829547,4319218,-905363,-6296021,1850531,6883178,-10044917,0,0
4,88.910000000000,88.908365362029,501,2026-09-05T18:17:46Z,-44660.983136000003,501000,2065,5730603.590421729721,1000467.028870706446,3823248.458560233470,4312.352048231332,-907.169476621789,-6300.551910458125,194.222679117101,10.723421062559,1857415.860555739142,6885.814571339621,-10048.764718961289,-165,7167835,-10070.800781250000,-22.036062288711,5730604,1000467,3823248,4312352,-907169,-6300552,1857416,6885815,-10048765,0,0
4,88.910000000000,88.908365362029,502,2026-09-05T18:17:47Z,-44659.983136000003,502000,2066,5734912.605441493914,999558.934007245465,3816945.617958231363,4305.480413815530,-908.973487712160,-6305.075055889574,194.226796919731,10.618251567326,1864303.077407760546,6888.414747188282,-10052.559267167666,-165,7167835,-10070.800781250000,-18.241514082334,5734913,999559,3816946,4305480,-908973,-6305075,1864303,6888415,-10052559,0,0
4,88.910000000000,88.908365362029,503,2026-09-05T18:17:48Z,-44658.983136000003,503000,2067,5739214.746120309457,998649.036083030282,3810638.257641789038,4298.603291450490,-910.775456276724,-6309.590844723971,194.230900625628,10.513625074584,1871192.876401779009,6890.978698049738,-10056.300950695566,-165,7167835,-10070.800781250000,-14.499830554434,5739215,998649,3810638,4298603,-910775,-6309591,1871193,6890979,-10056301,0,0
4,88.910000000000,88.908365362029,504,2026-09-05T18:17:49Z,-44657.983136000003,504000,2068,5743510.006973447278,997737.337141877157,3804326.384970377199,4291.720689578142,-912.575379292207,-6314.099271048690,194.234990383319,10.409535809334,1878085.221555653028,6893.506908612678,-10059.990476871992,-165,7167835,-10070.800781250000,-10.810304378008,5743510,997737,3804326,4291721,-912575,-6314099,1878085,6893507,-10059990,0,0
4,88.910000000000,88.908365362029,505,2026-09-05T18:17:50Z,-44656.983136000003,505000,2069,5747798.382524902001,996823.839231227059,3798010.007308783941,4284.832616509448,-914.373252923042,-6318.600328966568,194.239066338875,10.305978074599,1884980.077368255937,6895.999855070030,-10063.628540625723,-165,7167835,-10070.800781250000,-7.172240624277,5747798,996824,3798010,4284833,-914373,-6318600,1884980,6896000,-10063629,0,0
4,88.910000000000,88.908365362029,506,2026-09-05T18:17:51Z,-44655.983136000003,506000,2070,5752079.867306991480,995908.544400598155,3791689.132028134540,4277.939080845499,-916.169074969503,-6323.094012581805,194.243128636008,10.202946250186,1891877.408810380613,6898.458005712057,-10067.215825352834,-165,7167835,-10070.800781250000,-3.584955897166,5752080,995909,3791689,4277939,-916169,-6323094,1891877,6898458,-10067216,0,0
4,88.910000000000,88.908365362029,507,2026-09-05T18:17:52Z,-44654.983136000003,507000,2071,5756354.455860221758,994991.454704150325,3785363.766505436040,4271.040091135546,-917.962842909105,-6327.580316014064,194.247177416047,10.100434791464,1898777.181316656759,6900.881820744336,-10070.753002651078,-165,7167835,-10070.800781250000,-0.047778598922,5756354,994991,3785364,4271040,-917963,-6327580,1898777,6900882,-10070753,0,0
